{
	"credit": "Made with Blockbench",
	"textures": {
		"0": "3d_item/firework_star/bullet/magic_circle",
		"particle": "block/bedrock"
	},
	"elements": [
		{
			"name": "1",
			"from": [6.41, 7.25, 0],
			"to": [9.59, 8.75, 0],
			"rotation": {"angle": 0, "axis": "y", "origin": [0, 8, 0]},
			"faces": {
				"north": {"uv": [0, 0, 8, 3.5], "texture": "#0", "tintindex": 1},
				"east": {"uv": [0, 1, 0, 1], "texture": "#0", "tintindex": 1},
				"south": {"uv": [8, 0, 0, 3.5], "texture": "#0", "tintindex": 1},
				"west": {"uv": [0, 1, 0, 1], "texture": "#0", "tintindex": 1},
				"up": {"uv": [0, 1, 0, 1], "texture": "#0", "tintindex": 1},
				"down": {"uv": [0, 1, 0, 1], "texture": "#0", "tintindex": 1}
			}
		},
		{
			"name": "2",
			"from": [10.07793, 7.25, -2.453],
			"to": [13.25793, 8.75, -2.453],
			"rotation": {"angle": -22.5, "axis": "y", "origin": [3.66793, 8, -2.453]},
			"faces": {
				"north": {"uv": [8, 0, 16, 3.5], "texture": "#0", "tintindex": 1},
				"east": {"uv": [0, 1, 0, 1], "texture": "#0", "tintindex": 1},
				"south": {"uv": [16, 0, 8, 3.5], "texture": "#0", "tintindex": 1},
				"west": {"uv": [0, 1, 0, 1], "texture": "#0", "tintindex": 1},
				"up": {"uv": [0, 1, 0, 1], "texture": "#0", "tintindex": 1},
				"down": {"uv": [0, 1, 0, 1], "texture": "#0", "tintindex": 1}
			}
		},
		{
			"name": "3",
			"from": [14.40538, 7.25, -3.31562],
			"to": [17.58538, 8.75, -3.31562],
			"rotation": {"angle": -45, "axis": "y", "origin": [7.99538, 8, -3.31562]},
			"faces": {
				"north": {"uv": [0, 3.5, 8, 7], "texture": "#0", "tintindex": 1},
				"east": {"uv": [0, 1, 0, 1], "texture": "#0", "tintindex": 1},
				"south": {"uv": [8, 3.5, 0, 7], "texture": "#0", "tintindex": 1},
				"west": {"uv": [0, 1, 0, 1], "texture": "#0", "tintindex": 1},
				"up": {"uv": [0, 1, 0, 1], "texture": "#0", "tintindex": 1},
				"down": {"uv": [0, 1, 0, 1], "texture": "#0", "tintindex": 1}
			}
		},
		{
			"name": "4",
			"from": [12.32261, 7.25, 3.95385],
			"to": [12.32261, 8.75, 7.13385],
			"rotation": {"angle": 22.5, "axis": "y", "origin": [12.32261, 8, -2.45615]},
			"faces": {
				"north": {"uv": [0, 1, 0, 1], "texture": "#0", "tintindex": 1},
				"east": {"uv": [8, 3.5, 16, 7], "texture": "#0", "tintindex": 1},
				"south": {"uv": [0, 1, 0, 1], "texture": "#0", "tintindex": 1},
				"west": {"uv": [16, 3.5, 8, 7], "texture": "#0", "tintindex": 1},
				"up": {"uv": [0, 1, 0, 1], "texture": "#0", "tintindex": 1},
				"down": {"uv": [0, 1, 0, 1], "texture": "#0", "tintindex": 1}
			}
		},
		{
			"name": "5",
			"from": [15.99247, 7.25, 6.40347],
			"to": [15.99247, 8.75, 9.58347],
			"rotation": {"angle": 0, "axis": "y", "origin": [15.99247, 8, -0.00653]},
			"faces": {
				"north": {"uv": [0, 1, 0, 1], "texture": "#0", "tintindex": 1},
				"east": {"uv": [0, 7, 8, 10.5], "texture": "#0", "tintindex": 1},
				"south": {"uv": [0, 1, 0, 1], "texture": "#0", "tintindex": 1},
				"west": {"uv": [8, 7, 0, 10.5], "texture": "#0", "tintindex": 1},
				"up": {"uv": [0, 1, 0, 1], "texture": "#0", "tintindex": 1},
				"down": {"uv": [0, 1, 0, 1], "texture": "#0", "tintindex": 1}
			}
		},
		{
			"name": "6",
			"from": [18.44555, 7.25, 10.07102],
			"to": [18.44555, 8.75, 13.25102],
			"rotation": {"angle": -22.5, "axis": "y", "origin": [18.44555, 8, 3.66102]},
			"faces": {
				"north": {"uv": [0, 1, 0, 1], "texture": "#0", "tintindex": 1},
				"east": {"uv": [8, 7, 16, 10.5], "texture": "#0", "tintindex": 1},
				"south": {"uv": [0, 1, 0, 1], "texture": "#0", "tintindex": 1},
				"west": {"uv": [16, 7, 8, 10.5], "texture": "#0", "tintindex": 1},
				"up": {"uv": [0, 1, 0, 1], "texture": "#0", "tintindex": 1},
				"down": {"uv": [0, 1, 0, 1], "texture": "#0", "tintindex": 1}
			}
		},
		{
			"name": "7",
			"from": [19.30838, 7.25, 14.39815],
			"to": [19.30838, 8.75, 17.57815],
			"rotation": {"angle": -45, "axis": "y", "origin": [19.30838, 8, 7.98815]},
			"faces": {
				"north": {"uv": [0, 1, 0, 1], "texture": "#0", "tintindex": 1},
				"east": {"uv": [0, 10.5, 8, 14], "texture": "#0", "tintindex": 1},
				"south": {"uv": [0, 1, 0, 1], "texture": "#0", "tintindex": 1},
				"west": {"uv": [8, 10.5, 0, 14], "texture": "#0", "tintindex": 1},
				"up": {"uv": [0, 1, 0, 1], "texture": "#0", "tintindex": 1},
				"down": {"uv": [0, 1, 0, 1], "texture": "#0", "tintindex": 1}
			}
		},
		{
			"name": "8",
			"from": [8.85962, 7.25, 12.31608],
			"to": [12.03962, 8.75, 12.31608],
			"rotation": {"angle": 22.5, "axis": "y", "origin": [18.44962, 8, 12.31608]},
			"faces": {
				"north": {"uv": [16, 10.5, 8, 14], "texture": "#0", "tintindex": 1},
				"east": {"uv": [0, 1, 0, 1], "texture": "#0", "tintindex": 1},
				"south": {"uv": [8, 10.5, 16, 14], "texture": "#0", "tintindex": 1},
				"west": {"uv": [0, 1, 0, 1], "texture": "#0", "tintindex": 1},
				"up": {"uv": [0, 1, 0, 1], "texture": "#0", "tintindex": 1},
				"down": {"uv": [0, 1, 0, 1], "texture": "#0", "tintindex": 1}
			}
		},
		{
			"name": "1",
			"from": [6.41, 7.25, 15.98594],
			"to": [9.59, 8.75, 15.98594],
			"rotation": {"angle": 0, "axis": "y", "origin": [16, 8, 15.98594]},
			"faces": {
				"north": {"uv": [8, 0, 0, 3.5], "texture": "#0", "tintindex": 1},
				"east": {"uv": [0, 1, 0, 1], "texture": "#0", "tintindex": 1},
				"south": {"uv": [0, 0, 8, 3.5], "texture": "#0", "tintindex": 1},
				"west": {"uv": [0, 1, 0, 1], "texture": "#0", "tintindex": 1},
				"up": {"uv": [0, 1, 0, 1], "texture": "#0", "tintindex": 1},
				"down": {"uv": [0, 1, 0, 1], "texture": "#0", "tintindex": 1}
			}
		},
		{
			"name": "2",
			"from": [2.74207, 7.25, 18.43894],
			"to": [5.92207, 8.75, 18.43894],
			"rotation": {"angle": -22.5, "axis": "y", "origin": [12.33207, 8, 18.43894]},
			"faces": {
				"north": {"uv": [16, 0, 8, 3.5], "texture": "#0", "tintindex": 1},
				"east": {"uv": [0, 1, 0, 1], "texture": "#0", "tintindex": 1},
				"south": {"uv": [8, 0, 16, 3.5], "texture": "#0", "tintindex": 1},
				"west": {"uv": [0, 1, 0, 1], "texture": "#0", "tintindex": 1},
				"up": {"uv": [0, 1, 0, 1], "texture": "#0", "tintindex": 1},
				"down": {"uv": [0, 1, 0, 1], "texture": "#0", "tintindex": 1}
			}
		},
		{
			"name": "3",
			"from": [-1.58538, 7.25, 19.30156],
			"to": [1.59462, 8.75, 19.30156],
			"rotation": {"angle": -45, "axis": "y", "origin": [8.00462, 8, 19.30156]},
			"faces": {
				"north": {"uv": [8, 3.5, 0, 7], "texture": "#0", "tintindex": 1},
				"east": {"uv": [0, 1, 0, 1], "texture": "#0", "tintindex": 1},
				"south": {"uv": [0, 3.5, 8, 7], "texture": "#0", "tintindex": 1},
				"west": {"uv": [0, 1, 0, 1], "texture": "#0", "tintindex": 1},
				"up": {"uv": [0, 1, 0, 1], "texture": "#0", "tintindex": 1},
				"down": {"uv": [0, 1, 0, 1], "texture": "#0", "tintindex": 1}
			}
		},
		{
			"name": "4",
			"from": [3.67739, 7.25, 8.85209],
			"to": [3.67739, 8.75, 12.03209],
			"rotation": {"angle": 22.5, "axis": "y", "origin": [3.67739, 8, 18.44209]},
			"faces": {
				"north": {"uv": [0, 1, 0, 1], "texture": "#0", "tintindex": 1},
				"east": {"uv": [16, 3.5, 8, 7], "texture": "#0", "tintindex": 1},
				"south": {"uv": [0, 1, 0, 1], "texture": "#0", "tintindex": 1},
				"west": {"uv": [8, 3.5, 16, 7], "texture": "#0", "tintindex": 1},
				"up": {"uv": [0, 1, 0, 1], "texture": "#0", "tintindex": 1},
				"down": {"uv": [0, 1, 0, 1], "texture": "#0", "tintindex": 1}
			}
		},
		{
			"name": "5",
			"from": [0.00753, 7.25, 6.40247],
			"to": [0.00753, 8.75, 9.58247],
			"rotation": {"angle": 0, "axis": "y", "origin": [0.00753, 8, 15.99247]},
			"faces": {
				"north": {"uv": [0, 1, 0, 1], "texture": "#0", "tintindex": 1},
				"east": {"uv": [8, 7, 0, 10.5], "texture": "#0", "tintindex": 1},
				"south": {"uv": [0, 1, 0, 1], "texture": "#0", "tintindex": 1},
				"west": {"uv": [0, 7, 8, 10.5], "texture": "#0", "tintindex": 1},
				"up": {"uv": [0, 1, 0, 1], "texture": "#0", "tintindex": 1},
				"down": {"uv": [0, 1, 0, 1], "texture": "#0", "tintindex": 1}
			}
		},
		{
			"name": "6",
			"from": [-2.44555, 7.25, 2.73492],
			"to": [-2.44555, 8.75, 5.91492],
			"rotation": {"angle": -22.5, "axis": "y", "origin": [-2.44555, 8, 12.32492]},
			"faces": {
				"north": {"uv": [0, 1, 0, 1], "texture": "#0", "tintindex": 1},
				"east": {"uv": [16, 7, 8, 10.5], "texture": "#0", "tintindex": 1},
				"south": {"uv": [0, 1, 0, 1], "texture": "#0", "tintindex": 1},
				"west": {"uv": [8, 7, 16, 10.5], "texture": "#0", "tintindex": 1},
				"up": {"uv": [0, 1, 0, 1], "texture": "#0", "tintindex": 1},
				"down": {"uv": [0, 1, 0, 1], "texture": "#0", "tintindex": 1}
			}
		},
		{
			"name": "7",
			"from": [-3.30838, 7.25, -1.59221],
			"to": [-3.30838, 8.75, 1.58779],
			"rotation": {"angle": -45, "axis": "y", "origin": [-3.30838, 8, 7.99779]},
			"faces": {
				"north": {"uv": [0, 1, 0, 1], "texture": "#0", "tintindex": 1},
				"east": {"uv": [8, 10.5, 0, 14], "texture": "#0", "tintindex": 1},
				"south": {"uv": [0, 1, 0, 1], "texture": "#0", "tintindex": 1},
				"west": {"uv": [0, 10.5, 8, 14], "texture": "#0", "tintindex": 1},
				"up": {"uv": [0, 1, 0, 1], "texture": "#0", "tintindex": 1},
				"down": {"uv": [0, 1, 0, 1], "texture": "#0", "tintindex": 1}
			}
		},
		{
			"name": "8",
			"from": [3.96038, 7.25, 3.66986],
			"to": [7.14038, 8.75, 3.66986],
			"rotation": {"angle": 22.5, "axis": "y", "origin": [-2.44962, 8, 3.66986]},
			"faces": {
				"north": {"uv": [8, 10.5, 16, 14], "texture": "#0", "tintindex": 1},
				"east": {"uv": [0, 1, 0, 1], "texture": "#0", "tintindex": 1},
				"south": {"uv": [16, 10.5, 8, 14], "texture": "#0", "tintindex": 1},
				"west": {"uv": [0, 1, 0, 1], "texture": "#0", "tintindex": 1},
				"up": {"uv": [0, 1, 0, 1], "texture": "#0", "tintindex": 1},
				"down": {"uv": [0, 1, 0, 1], "texture": "#0", "tintindex": 1}
			}
		}
	],
	"groups": [
		{
			"name": "group",
			"origin": [18.44962, 0, 12.31608],
			"color": 0,
			"children": [0, 1, 2, 3, 4, 5, 6, 7]
		},
		{
			"name": "group",
			"origin": [18.44962, 0, 12.31608],
			"color": 0,
			"children": [8, 9, 10, 11, 12, 13, 14, 15]
		}
	]
}