{
	"credit": "Made by AnminMakura",
	"textures": {
		"particle": "3d_item/firework_star/bullet/color_tnt",
		"layer1": "3d_item/firework_star/bullet/color_tnt"
	},
	"elements": [
		{
			"name": "cover",
			"from": [-0.001, 0.31904, -0.001],
			"to": [16.001, 15.68096, 16.001],
			"rotation": {"angle": 0, "axis": "y", "origin": [8, 8, 8]},
			"faces": {
				"north": {"uv": [8, 8, 16, 16], "texture": "#layer1"},
				"east": {"uv": [8, 8, 16, 16], "texture": "#layer1"},
				"south": {"uv": [8, 8, 16, 16], "texture": "#layer1"},
				"west": {"uv": [8, 8, 16, 16], "texture": "#layer1"},
				"up": {"uv": [16, 16, 16, 16], "texture": "#layer1"},
				"down": {"uv": [16, 16, 16, 16], "texture": "#layer1"}
			}
		},
		{
			"name": "main",
			"from": [0, 0, 0],
			"to": [16, 16, 16],
			"faces": {
				"north": {"uv": [0, 0, 8, 8], "texture": "#layer1", "tintindex": 1},
				"east": {"uv": [0, 0, 8, 8], "texture": "#layer1", "tintindex": 1},
				"south": {"uv": [0, 0, 8, 8], "texture": "#layer1", "tintindex": 1},
				"west": {"uv": [0, 0, 8, 8], "texture": "#layer1", "tintindex": 1},
				"up": {"uv": [16, 8, 8, 0], "texture": "#layer1", "tintindex": 1},
				"down": {"uv": [8, 8, 0, 16], "texture": "#layer1", "tintindex": 1}
			}
		}
	],
	"gui_light": "front",
	"display": {
		"thirdperson_righthand": {
			"rotation": [75, 45, 0],
			"translation": [0, 2.5, 0],
			"scale": [0.375, 0.375, 0.375]
		},
		"thirdperson_lefthand": {
			"rotation": [75, 45, 0],
			"translation": [0, 2.5, 0],
			"scale": [0.375, 0.375, 0.375]
		},
		"firstperson_righthand": {
			"rotation": [0, 45, 0],
			"scale": [0.4, 0.4, 0.4]
		},
		"firstperson_lefthand": {
			"rotation": [0, 225, 0],
			"scale": [0.4, 0.4, 0.4]
		},
		"ground": {
			"scale": [0.3, 0.3, 0.3]
		},
		"gui": {
			"rotation": [30, 225, 0],
			"scale": [0.625, 0.625, 0.625]
		},
		"head": {
			"translation": [0, -32.25, 0],
			"scale": [1.6, 1.6, 1.6]
		},
		"fixed": {
			"scale": [1.8, 1.8, 1.8]
		}
	}
}