{
	"credit": "Made by AnminMakura",
	"textures": {
		"layer1": "3d_item/common/tintindex_color_map",
		"particle": "3d_item/common/tintindex_color_map"
	},
	"elements": [
		{
			"from": [0, 0, 0],
			"to": [16, 16, 16],
			"faces": {
				"north": {"uv": [14, 0, 15, 1], "texture": "#layer1", "tintindex": 1},
				"east": {"uv": [14, 0, 15, 1], "texture": "#layer1", "tintindex": 1},
				"south": {"uv": [14, 0, 15, 1], "texture": "#layer1", "tintindex": 1},
				"west": {"uv": [14, 0, 15, 1], "texture": "#layer1", "tintindex": 1},
				"up": {"uv": [14, 0, 15, 1], "texture": "#layer1", "tintindex": 1},
				"down": {"uv": [14, 0, 15, 1], "texture": "#layer1", "tintindex": 1}
			}
		}
	],
	"gui_light": "front",
	"display": {
		"thirdperson_righthand": {
			"rotation": [75, 45, 0],
			"translation": [0, 2.5, 0],
			"scale": [0.375, 0.375, 0.375]
		},
		"thirdperson_lefthand": {
			"rotation": [75, 45, 0],
			"translation": [0, 2.5, 0],
			"scale": [0.375, 0.375, 0.375]
		},
		"firstperson_righthand": {
			"rotation": [0, 45, 0],
			"scale": [0.4, 0.4, 0.4]
		},
		"firstperson_lefthand": {
			"rotation": [0, 225, 0],
			"scale": [0.4, 0.4, 0.4]
		},
		"ground": {
			"scale": [0.3, 0.3, 0.3]
		},
		"gui": {
			"rotation": [30, 225, 0],
			"scale": [0.3, 0.3, 0.3]
		},
		"head": {
			"translation": [0, -32.25, 0],
			"scale": [1.6, 1.6, 1.6]
		},
		"fixed": {
			"scale": [1.8, 1.8, 1.8]
		}
	}
}