{
	"credit": "Made with Blockbench",
	"textures": {
		"0": "block/light_gray_stained_glass",
		"1": "3d_item/firework_star/entity/curse/magic_stone4",
		"particle": "block/bedrock"
	},
	"elements": [
		{
			"from": [7, 7.0005, 7],
			"to": [9, 8.9995, 9],
			"faces": {
				"north": {"uv": [1, 13, 3, 14.999], "texture": "#0", "tintindex": 1},
				"east": {"uv": [0, 2, 5, 2.999], "rotation": 90, "texture": "#0", "tintindex": 1},
				"south": {"uv": [1, 13, 3, 14.999], "texture": "#0", "tintindex": 1},
				"west": {"uv": [0, 2, 5, 2.999], "rotation": 90, "texture": "#0", "tintindex": 1},
				"up": {"uv": [0, 2, 5, 3], "texture": "#0", "tintindex": 1},
				"down": {"uv": [0, 2, 5, 3], "texture": "#0", "tintindex": 1}
			}
		},
		{
			"from": [5.51472, 7, 13.41421],
			"to": [6.92892, 9, 14.82841],
			"rotation": {"angle": 45, "axis": "y", "origin": [-1.48528, 0, 8.41421]},
			"faces": {
				"north": {"uv": [2, 0, 3, 5], "texture": "#0", "tintindex": 1},
				"east": {"uv": [2, 0, 3, 5], "texture": "#0", "tintindex": 1},
				"south": {"uv": [15, 0, 16, 5], "texture": "#1"},
				"west": {"uv": [15, 0, 16, 5], "texture": "#1"},
				"up": {"uv": [13.5, 0, 16, 2.5], "texture": "#0", "tintindex": 1},
				"down": {"uv": [13.5, 2.5, 16, 0], "texture": "#0", "tintindex": 1}
			}
		},
		{
			"from": [5.51472, 7, 1.17159],
			"to": [6.92892, 9, 2.58579],
			"rotation": {"angle": -45, "axis": "y", "origin": [-1.48528, 0, 7.58579]},
			"faces": {
				"north": {"uv": [16, 0, 15, 5], "texture": "#1"},
				"east": {"uv": [3, 0, 2, 5], "texture": "#0", "tintindex": 1},
				"south": {"uv": [3, 0, 2, 5], "texture": "#0", "tintindex": 1},
				"west": {"uv": [16, 0, 15, 5], "texture": "#1"},
				"up": {"uv": [13.5, 2.5, 16, 0], "texture": "#0", "tintindex": 1},
				"down": {"uv": [13.5, 0, 16, 2.5], "texture": "#0", "tintindex": 1}
			}
		}
	]
}