{
	"credit": "Made with Blockbench",
	"texture_size": [32, 32],
	"textures": {
		"0": "3d_item/firework_star/entity/curse/magic_stone",
		"particle": "block/bedrock"
	},
	"elements": [
		{
			"from": [4, 4, 4],
			"to": [12, 12, 12],
			"faces": {
				"north": {"uv": [0, 8, 8, 16], "texture": "#0", "tintindex": 1},
				"east": {"uv": [8, 8, 16, 0], "texture": "#0", "tintindex": 1},
				"south": {"uv": [0, 16, 8, 8], "texture": "#0", "tintindex": 1},
				"west": {"uv": [8, 0, 16, 8], "texture": "#0", "tintindex": 1},
				"up": {"uv": [0, 0, 8, 8], "texture": "#0", "tintindex": 1},
				"down": {"uv": [8, 0, 0, 8], "texture": "#0", "tintindex": 1}
			}
		}
	]
}