{
	"credit": "Made with Blockbench",
	"texture_size": [32, 32],
	"textures": {
		"0": "3d_item/firework_star/entity/curse/magic_core_blue",
		"particle": "3d_item/firework_star/entity/curse/magic_core_blue"
	},
	"elements": [
		{
			"from": [4, 4, 4],
			"to": [12, 12, 12],
			"faces": {
				"north": {"uv": [0, 0, 6, 6], "texture": "#0"},
				"east": {"uv": [0, 6, 6, 0], "texture": "#0"},
				"south": {"uv": [0, 0, 6, 6], "texture": "#0"},
				"west": {"uv": [0, 6, 6, 0], "texture": "#0"},
				"up": {"uv": [0, 6, 6, 12], "texture": "#0"},
				"down": {"uv": [0, 6, 6, 12], "texture": "#0"}
			}
		}
	]
}