{
	"credit": "Made by AnminMakura",
	"textures": {
		"0": "block/cake_bottom",
		"2": "block/cake_side",
		"3": "block/cake_top",
		"4": "block/red_candle_lit",
		"5": "block/campfire_fire",
		"particle": "block/cake_top"
	},
	"elements": [
		{
			"name": "ca1",
			"from": [1, 0, 1],
			"to": [15, 8, 15],
			"faces": {
				"north": {"uv": [1, 8, 15, 16], "texture": "#2"},
				"east": {"uv": [1, 8, 15, 16], "texture": "#2"},
				"south": {"uv": [1, 8, 15, 16], "texture": "#2"},
				"west": {"uv": [1, 8, 15, 16], "texture": "#2"},
				"up": {"uv": [15, 15, 1, 1], "rotation": 180, "texture": "#3"},
				"down": {"uv": [1, 1, 15, 15], "texture": "#0"}
			}
		},
		{
			"name": "ca2",
			"from": [3, 8, 3],
			"to": [13, 13, 13],
			"faces": {
				"north": {"uv": [1, 8, 11, 13], "texture": "#2"},
				"east": {"uv": [1, 8, 11, 13], "texture": "#2"},
				"south": {"uv": [1, 8, 11, 13], "texture": "#2"},
				"west": {"uv": [1, 8, 11, 13], "texture": "#2"},
				"up": {"uv": [15, 15, 1, 1], "texture": "#3"},
				"down": {"uv": [0, 0, 14, 14], "texture": "#0"}
			}
		},
		{
			"name": "ca3",
			"from": [4, 13, 4],
			"to": [12, 17, 12],
			"faces": {
				"north": {"uv": [2, 8, 10, 12], "texture": "#2"},
				"east": {"uv": [2, 8, 10, 12], "texture": "#2"},
				"south": {"uv": [2, 8, 10, 12], "texture": "#2"},
				"west": {"uv": [2, 8, 10, 12], "texture": "#2"},
				"up": {"uv": [1, 1, 15, 15], "texture": "#3"},
				"down": {"uv": [0, 0, 14, 14], "texture": "#0"}
			}
		},
		{
			"name": "c1_1",
			"from": [4.75, 16.375, 4.75],
			"to": [5.25, 18.875, 5.25],
			"rotation": {"angle": 0, "axis": "y", "origin": [4.5, 14.375, 4.5]},
			"faces": {
				"north": {"uv": [0, 6, 2, 16], "texture": "#4"},
				"east": {"uv": [0, 6, 2, 16], "texture": "#4"},
				"south": {"uv": [0, 6, 2, 16], "texture": "#4"},
				"west": {"uv": [0, 6, 2, 16], "texture": "#4"},
				"up": {"uv": [0, 6, 2, 8], "texture": "#4"},
				"down": {"uv": [0, 14, 2, 16], "texture": "#4"}
			}
		},
		{
			"name": "c1_2",
			"from": [5, 18.875, 4.5],
			"to": [5, 20.125, 5.5],
			"rotation": {"angle": 45, "axis": "y", "origin": [5, 19.5, 5]},
			"faces": {
				"north": {"uv": [0, 0, 0, 0], "texture": "#5"},
				"east": {"uv": [0, 0, 16, 16], "texture": "#5"},
				"south": {"uv": [0, 0, 0, 0], "texture": "#5"},
				"west": {"uv": [0, 0, 16, 16], "texture": "#5"},
				"up": {"uv": [0, 0, 0, 0], "texture": "#5"},
				"down": {"uv": [0, 0, 0, 0], "texture": "#5"}
			}
		},
		{
			"name": "c1_3",
			"from": [5, 18.875, 4.5],
			"to": [5, 20.125, 5.5],
			"rotation": {"angle": -45, "axis": "y", "origin": [5, 19.5, 5]},
			"faces": {
				"north": {"uv": [0, 0, 0, 0], "texture": "#5"},
				"east": {"uv": [0, 0, 16, 16], "texture": "#5"},
				"south": {"uv": [0, 0, 0, 0], "texture": "#5"},
				"west": {"uv": [0, 0, 16, 16], "texture": "#5"},
				"up": {"uv": [0, 0, 0, 0], "texture": "#5"},
				"down": {"uv": [0, 0, 0, 0], "texture": "#5"}
			}
		},
		{
			"name": "c2_1",
			"from": [4.75, 16.375, 10.75],
			"to": [5.25, 18.875, 11.25],
			"rotation": {"angle": 0, "axis": "y", "origin": [4.5, 14.375, 10.5]},
			"faces": {
				"north": {"uv": [0, 6, 2, 16], "texture": "#4"},
				"east": {"uv": [0, 6, 2, 16], "texture": "#4"},
				"south": {"uv": [0, 6, 2, 16], "texture": "#4"},
				"west": {"uv": [0, 6, 2, 16], "texture": "#4"},
				"up": {"uv": [0, 6, 2, 8], "texture": "#4"},
				"down": {"uv": [0, 14, 2, 16], "texture": "#4"}
			}
		},
		{
			"name": "c2_2",
			"from": [5, 18.875, 10.5],
			"to": [5, 20.125, 11.5],
			"rotation": {"angle": 45, "axis": "y", "origin": [5, 19.5, 11]},
			"faces": {
				"north": {"uv": [0, 0, 0, 0], "texture": "#5"},
				"east": {"uv": [0, 0, 16, 16], "texture": "#5"},
				"south": {"uv": [0, 0, 0, 0], "texture": "#5"},
				"west": {"uv": [0, 0, 16, 16], "texture": "#5"},
				"up": {"uv": [0, 0, 0, 0], "texture": "#5"},
				"down": {"uv": [0, 0, 0, 0], "texture": "#5"}
			}
		},
		{
			"name": "c2_3",
			"from": [5, 18.875, 10.5],
			"to": [5, 20.125, 11.5],
			"rotation": {"angle": -45, "axis": "y", "origin": [5, 19.5, 11]},
			"faces": {
				"north": {"uv": [0, 0, 0, 0], "texture": "#5"},
				"east": {"uv": [0, 0, 16, 16], "texture": "#5"},
				"south": {"uv": [0, 0, 0, 0], "texture": "#5"},
				"west": {"uv": [0, 0, 16, 16], "texture": "#5"},
				"up": {"uv": [0, 0, 0, 0], "texture": "#5"},
				"down": {"uv": [0, 0, 0, 0], "texture": "#5"}
			}
		},
		{
			"name": "c3_1",
			"from": [10.75, 16.375, 4.75],
			"to": [11.25, 18.875, 5.25],
			"rotation": {"angle": 0, "axis": "y", "origin": [10.5, 14.375, 4.5]},
			"faces": {
				"north": {"uv": [0, 6, 2, 16], "texture": "#4"},
				"east": {"uv": [0, 6, 2, 16], "texture": "#4"},
				"south": {"uv": [0, 6, 2, 16], "texture": "#4"},
				"west": {"uv": [0, 6, 2, 16], "texture": "#4"},
				"up": {"uv": [0, 6, 2, 8], "texture": "#4"},
				"down": {"uv": [0, 14, 2, 16], "texture": "#4"}
			}
		},
		{
			"name": "c3_2",
			"from": [11, 18.875, 4.5],
			"to": [11, 20.125, 5.5],
			"rotation": {"angle": 45, "axis": "y", "origin": [11, 19.5, 5]},
			"faces": {
				"north": {"uv": [0, 0, 0, 0], "texture": "#5"},
				"east": {"uv": [0, 0, 16, 16], "texture": "#5"},
				"south": {"uv": [0, 0, 0, 0], "texture": "#5"},
				"west": {"uv": [0, 0, 16, 16], "texture": "#5"},
				"up": {"uv": [0, 0, 0, 0], "texture": "#5"},
				"down": {"uv": [0, 0, 0, 0], "texture": "#5"}
			}
		},
		{
			"name": "c3_3",
			"from": [11, 18.875, 4.5],
			"to": [11, 20.125, 5.5],
			"rotation": {"angle": -45, "axis": "y", "origin": [11, 19.5, 5]},
			"faces": {
				"north": {"uv": [0, 0, 0, 0], "texture": "#5"},
				"east": {"uv": [0, 0, 16, 16], "texture": "#5"},
				"south": {"uv": [0, 0, 0, 0], "texture": "#5"},
				"west": {"uv": [0, 0, 16, 16], "texture": "#5"},
				"up": {"uv": [0, 0, 0, 0], "texture": "#5"},
				"down": {"uv": [0, 0, 0, 0], "texture": "#5"}
			}
		},
		{
			"name": "c4_1",
			"from": [10.75, 16.375, 10.75],
			"to": [11.25, 18.875, 11.25],
			"rotation": {"angle": 0, "axis": "y", "origin": [10.5, 14.375, 10.5]},
			"faces": {
				"north": {"uv": [0, 6, 2, 16], "texture": "#4"},
				"east": {"uv": [0, 6, 2, 16], "texture": "#4"},
				"south": {"uv": [0, 6, 2, 16], "texture": "#4"},
				"west": {"uv": [0, 6, 2, 16], "texture": "#4"},
				"up": {"uv": [0, 6, 2, 8], "texture": "#4"},
				"down": {"uv": [0, 14, 2, 16], "texture": "#4"}
			}
		},
		{
			"name": "c4_2",
			"from": [11, 18.875, 10.5],
			"to": [11, 20.125, 11.5],
			"rotation": {"angle": 45, "axis": "y", "origin": [11, 19.5, 11]},
			"faces": {
				"north": {"uv": [0, 0, 0, 0], "texture": "#5"},
				"east": {"uv": [0, 0, 16, 16], "texture": "#5"},
				"south": {"uv": [0, 0, 0, 0], "texture": "#5"},
				"west": {"uv": [0, 0, 16, 16], "texture": "#5"},
				"up": {"uv": [0, 0, 0, 0], "texture": "#5"},
				"down": {"uv": [0, 0, 0, 0], "texture": "#5"}
			}
		},
		{
			"name": "c4_3",
			"from": [11, 18.875, 10.5],
			"to": [11, 20.125, 11.5],
			"rotation": {"angle": -45, "axis": "y", "origin": [11, 19.5, 11]},
			"faces": {
				"north": {"uv": [0, 0, 0, 0], "texture": "#5"},
				"east": {"uv": [0, 0, 16, 16], "texture": "#5"},
				"south": {"uv": [0, 0, 0, 0], "texture": "#5"},
				"west": {"uv": [0, 0, 16, 16], "texture": "#5"},
				"up": {"uv": [0, 0, 0, 0], "texture": "#5"},
				"down": {"uv": [0, 0, 0, 0], "texture": "#5"}
			}
		}
	],
	"gui_light": "front",
	"display": {
		"thirdperson_righthand": {
			"rotation": [75, 45, 0],
			"translation": [0, 2.5, 0],
			"scale": [0.7, 0.7, 0.7]
		},
		"thirdperson_lefthand": {
			"rotation": [75, 45, 0],
			"translation": [0, 2.5, 0],
			"scale": [0.7, 0.7, 0.7]
		},
		"firstperson_righthand": {
			"rotation": [0, 45, 0],
			"translation": [0, 2.5, 0],
			"scale": [0.7, 0.7, 0.7]
		},
		"firstperson_lefthand": {
			"rotation": [0, 45, 0],
			"translation": [0, 2.5, 0],
			"scale": [0.7, 0.7, 0.7]
		},
		"ground": {
			"rotation": [90, 0, 0]
		},
		"gui": {
			"rotation": [30, 225, 0],
			"scale": [0.625, 0.625, 0.625]
		},
		"head": {
			"translation": [0, 8.75, 0],
			"scale": [2, 2, 2]
		},
		"fixed": {
			"rotation": [-90, 0, 0],
			"translation": [0, 0, -8],
			"scale": [2, 2, 2]
		}
	},
	"groups": [
		{
			"name": "cake",
			"origin": [0, 0, 0],
			"color": 0,
			"nbt": "{}",
			"children": [0, 1, 2]
		},
		{
			"name": "candle1",
			"origin": [2, 20.5, 2],
			"color": 0,
			"nbt": "{}",
			"children": [3, 4, 5]
		},
		{
			"name": "candle2",
			"origin": [2, 20.5, 2],
			"color": 0,
			"nbt": "{}",
			"children": [6, 7, 8]
		},
		{
			"name": "candle3",
			"origin": [2, 20.5, 2],
			"color": 0,
			"nbt": "{}",
			"children": [9, 10, 11]
		},
		{
			"name": "candle4",
			"origin": [2, 20.5, 2],
			"color": 0,
			"nbt": "{}",
			"children": [12, 13, 14]
		}
	]
}