{
	"credit": "Made with Blockbench",
	"textures": {
		"1": "block/cobweb",
		"particle": "block/cobweb"
	},
	"elements": [
		{
			"from": [6, 4, 0],
			"to": [17, 15, 0],
			"rotation": {"angle": -45, "axis": "y", "origin": [0, 0, 0]},
			"faces": {
				"north": {"uv": [0, 0, 16, 16], "texture": "#1"},
				"south": {"uv": [0, 0, 16, 16], "texture": "#1"}
			}
		},
		{
			"from": [-1, 4, 0],
			"to": [10, 15, 0],
			"rotation": {"angle": 45, "axis": "y", "origin": [16, 0, 0]},
			"faces": {
				"north": {"uv": [0, 0, 16, 16], "texture": "#1"},
				"south": {"uv": [0, 0, 16, 16], "texture": "#1"}
			}
		}
	],
	"gui_light": "front",
	"display": {
		"gui": {
			"rotation": [45, 45, 0],
			"scale": [1.3, 1.3, 1.3]
		},
		"head": {
			"scale": [2, 1.41, 2]
		},
		"fixed": {
			"scale": [2, 2, 2]
		}
	}
}