{
	"credit": "Made with Blockbench",
	"textures": {
		"1": "block/cobweb",
		"particle": "block/cobweb"
	},
	"elements": [
		{
			"from": [4, 8, -8],
			"to": [26, 30, -8],
			"rotation": {"angle": -45, "axis": "y", "origin": [-8, 0, -8]},
			"faces": {
				"north": {"uv": [0, 0, 16, 16], "texture": "#1"},
				"south": {"uv": [0, 0, 16, 16], "texture": "#1"}
			}
		},
		{
			"from": [-10, 8, -8],
			"to": [12, 30, -8],
			"rotation": {"angle": 45, "axis": "y", "origin": [24, 0, -8]},
			"faces": {
				"north": {"uv": [0, 0, 16, 16], "texture": "#1"},
				"south": {"uv": [0, 0, 16, 16], "texture": "#1"}
			}
		}
	],
	"gui_light": "front",
	"display": {
		"gui": {
			"rotation": [45, 45, 0],
			"scale": [1.3, 1.3, 1.3]
		},
		"head": {
			"translation": [0, -46, 0],
			"scale": [4, 2.82, 4]
		},
		"fixed": {
			"scale": [2, 2, 2]
		}
	}
}