{
	"credit": "Made with Blockbench",
	"textures": {
		"0": "3d_item/stick/entity/absorber",
		"particle": "block/bedrock"
	},
	"elements": [
		{
			"name": "head",
			"from": [4, 16.5, 4],
			"to": [12, 24.5, 12],
			"faces": {
				"north": {"uv": [4, 2, 2, 4], "texture": "#0"},
				"east": {"uv": [6, 2, 4, 4], "texture": "#0"},
				"south": {"uv": [8, 2, 6, 4], "texture": "#0"},
				"west": {"uv": [2, 2, 0, 4], "texture": "#0"},
				"up": {"uv": [4, 0, 2, 2], "texture": "#0"},
				"down": {"uv": [6, 0, 4, 2], "texture": "#0"}
			}
		},
		{
			"from": [5.5, 22.5, 3],
			"to": [10.5, 23.5, 4],
			"faces": {
				"north": {"uv": [13.25, 0.75, 14.5, 1], "texture": "#0"},
				"east": {"uv": [13, 0.75, 13.25, 1], "texture": "#0"},
				"south": {"uv": [14.75, 0.75, 16, 1], "texture": "#0"},
				"west": {"uv": [14.5, 0.75, 14.75, 1], "texture": "#0"},
				"up": {"uv": [14.5, 0.75, 13.25, 0.5], "texture": "#0"},
				"down": {"uv": [15.75, 0.5, 14.5, 0.75], "texture": "#0"}
			}
		},
		{
			"from": [10.5, 21.5, 3],
			"to": [13, 22.5, 4],
			"faces": {
				"north": {"uv": [14.75625, 0.25, 15.25625, 0.5], "texture": "#0"},
				"east": {"uv": [14.5, 0.25, 14.75, 0.5], "texture": "#0"},
				"south": {"uv": [15.5, 0.25, 16, 0.5], "texture": "#0"},
				"west": {"uv": [15.25, 0.25, 15.5, 0.5], "texture": "#0"},
				"up": {"uv": [15.25625, 0.25, 14.75625, 0], "texture": "#0"},
				"down": {"uv": [15.75, 0, 15.25, 0.25], "texture": "#0"}
			}
		},
		{
			"from": [3, 21.5, 3],
			"to": [5.5, 22.5, 4],
			"faces": {
				"north": {"uv": [14.75, 0.25, 15.25, 0.5], "texture": "#0"},
				"east": {"uv": [14.5, 0.25, 14.75, 0.5], "texture": "#0"},
				"south": {"uv": [15.5, 0.25, 16, 0.5], "texture": "#0"},
				"west": {"uv": [15.25, 0.25, 15.5, 0.5], "texture": "#0"},
				"up": {"uv": [15.25, 0.25, 14.75, 0], "texture": "#0"},
				"down": {"uv": [15.75, 0, 15.25, 0.25], "texture": "#0"}
			}
		},
		{
			"from": [12, 20.5, 3],
			"to": [13, 21.5, 5],
			"rotation": {"angle": 0, "axis": "y", "origin": [12, 27.5, 4]},
			"faces": {
				"north": {"uv": [15, 2, 15.25, 2.25], "texture": "#0"},
				"east": {"uv": [14.5, 2, 15, 2.25], "texture": "#0"},
				"south": {"uv": [15.75, 2, 16, 2.25], "texture": "#0"},
				"west": {"uv": [15.25, 2, 15.75, 2.25], "texture": "#0"},
				"up": {"uv": [15.25, 2, 15, 1.5], "texture": "#0"},
				"down": {"uv": [15.5, 1.5, 15.25, 2], "texture": "#0"}
			}
		},
		{
			"from": [3, 20.5, 3],
			"to": [4, 21.5, 5],
			"rotation": {"angle": 0, "axis": "y", "origin": [12, 27.5, 4]},
			"faces": {
				"north": {"uv": [15, 2, 15.25, 2.25], "texture": "#0"},
				"east": {"uv": [14.5, 2, 15, 2.25], "texture": "#0"},
				"south": {"uv": [15.75, 2, 16, 2.25], "texture": "#0"},
				"west": {"uv": [15.25, 2, 15.75, 2.25], "texture": "#0"},
				"up": {"uv": [15.25, 2, 15, 1.5], "texture": "#0"},
				"down": {"uv": [15.5, 1.5, 15.25, 2], "texture": "#0"}
			}
		},
		{
			"from": [3, 17.5, 4],
			"to": [4, 20.5, 5],
			"rotation": {"angle": 0, "axis": "y", "origin": [12, 27.5, 4]},
			"faces": {
				"north": {"uv": [15.25, 2.5, 15.5, 3.25], "texture": "#0"},
				"east": {"uv": [15, 2.5, 15.25, 3.25], "texture": "#0"},
				"south": {"uv": [15.75, 2.5, 16, 3.25], "texture": "#0"},
				"west": {"uv": [15.5, 2.5, 15.75, 3.25], "texture": "#0"},
				"up": {"uv": [15.5, 2.5, 15.25, 2.25], "texture": "#0"},
				"down": {"uv": [15.75, 2.25, 15.5, 2.5], "texture": "#0"}
			}
		},
		{
			"from": [12, 17.5, 4],
			"to": [13, 20.5, 5],
			"rotation": {"angle": 0, "axis": "y", "origin": [12, 27.5, 4]},
			"faces": {
				"north": {"uv": [15.25, 2.5, 15.5, 3.25], "texture": "#0"},
				"east": {"uv": [15, 2.5, 15.25, 3.25], "texture": "#0"},
				"south": {"uv": [15.75, 2.5, 16, 3.25], "texture": "#0"},
				"west": {"uv": [15.5, 2.5, 15.75, 3.25], "texture": "#0"},
				"up": {"uv": [15.5, 2.5, 15.25, 2.25], "texture": "#0"},
				"down": {"uv": [15.75, 2.25, 15.5, 2.5], "texture": "#0"}
			}
		},
		{
			"from": [11, 16.5, 3],
			"to": [13, 17.5, 5],
			"rotation": {"angle": 0, "axis": "y", "origin": [11, 23.5, 3]},
			"faces": {
				"north": {"uv": [15, 3.75, 14.5, 4], "texture": "#0"},
				"east": {"uv": [15.5, 3.75, 15, 4], "texture": "#0"},
				"south": {"uv": [16, 3.75, 15.5, 4], "texture": "#0"},
				"west": {"uv": [14.5, 3.75, 14, 4], "texture": "#0"},
				"up": {"uv": [14.5, 3.75, 15, 3.25], "texture": "#0"},
				"down": {"uv": [15, 3.25, 15.5, 3.75], "texture": "#0"}
			}
		},
		{
			"from": [3, 16.5, 3],
			"to": [5, 17.5, 5],
			"rotation": {"angle": 0, "axis": "y", "origin": [11, 23.5, 3]},
			"faces": {
				"north": {"uv": [13, 1.75, 12.5, 2], "texture": "#0"},
				"east": {"uv": [13.5, 1.75, 13, 2], "texture": "#0"},
				"south": {"uv": [14, 1.75, 13.5, 2], "texture": "#0"},
				"west": {"uv": [12.5, 1.75, 12, 2], "texture": "#0"},
				"up": {"uv": [12.5, 1.75, 13, 1.25], "texture": "#0"},
				"down": {"uv": [13, 1.25, 13.5, 1.75], "texture": "#0"}
			}
		},
		{
			"from": [13, 20, 4],
			"to": [18, 28, 4],
			"rotation": {"angle": -22.5, "axis": "y", "origin": [0, 0, 0]},
			"faces": {
				"north": {"uv": [0, 14, 1.25, 16], "texture": "#0"},
				"east": {"uv": [0, 0, 0, 0], "texture": "#0"},
				"south": {"uv": [2.5, 14, 1.25, 16], "texture": "#0"},
				"west": {"uv": [0, 0, 0, 0], "texture": "#0"},
				"up": {"uv": [0, 0, 0, 0], "texture": "#0"},
				"down": {"uv": [0, 0, 0, 0], "texture": "#0"}
			}
		},
		{
			"from": [4, 15.5, 3],
			"to": [6, 16.5, 4],
			"faces": {
				"north": {"uv": [12.25, 0.25, 12.75, 0.5], "texture": "#0"},
				"east": {"uv": [12, 0.25, 12.25, 0.5], "texture": "#0"},
				"south": {"uv": [13, 0.25, 13.5, 0.5], "texture": "#0"},
				"west": {"uv": [12.75, 0.25, 13, 0.5], "texture": "#0"},
				"up": {"uv": [12.75, 0.25, 12.25, 0], "texture": "#0"},
				"down": {"uv": [13.25, 0, 12.75, 0.25], "texture": "#0"}
			}
		},
		{
			"from": [5, 15.5, 4],
			"to": [7, 16.5, 5],
			"faces": {
				"north": {"uv": [12.25, 0.25, 12.75, 0.5], "texture": "#0"},
				"east": {"uv": [12, 0.25, 12.25, 0.5], "texture": "#0"},
				"south": {"uv": [13, 0.25, 13.5, 0.5], "texture": "#0"},
				"west": {"uv": [12.75, 0.25, 13, 0.5], "texture": "#0"},
				"up": {"uv": [12.75, 0.25, 12.25, 0], "texture": "#0"},
				"down": {"uv": [13.25, 0, 12.75, 0.25], "texture": "#0"}
			}
		},
		{
			"from": [10, 15.5, 3],
			"to": [12, 16.5, 4],
			"faces": {
				"north": {"uv": [12.25, 0.25, 12.75, 0.5], "texture": "#0"},
				"east": {"uv": [12, 0.25, 12.25, 0.5], "texture": "#0"},
				"south": {"uv": [13, 0.25, 13.5, 0.5], "texture": "#0"},
				"west": {"uv": [12.75, 0.25, 13, 0.5], "texture": "#0"},
				"up": {"uv": [12.75, 0.25, 12.25, 0], "texture": "#0"},
				"down": {"uv": [13.25, 0, 12.75, 0.25], "texture": "#0"}
			}
		},
		{
			"from": [9, 15.5, 4],
			"to": [11, 16.5, 5],
			"faces": {
				"north": {"uv": [12.25, 0.25, 12.75, 0.5], "texture": "#0"},
				"east": {"uv": [12, 0.25, 12.25, 0.5], "texture": "#0"},
				"south": {"uv": [13, 0.25, 13.5, 0.5], "texture": "#0"},
				"west": {"uv": [12.75, 0.25, 13, 0.5], "texture": "#0"},
				"up": {"uv": [12.75, 0.25, 12.25, 0], "texture": "#0"},
				"down": {"uv": [13.25, 0, 12.75, 0.25], "texture": "#0"}
			}
		},
		{
			"from": [9, 15.5, 5],
			"to": [10, 16.5, 6],
			"faces": {
				"north": {"uv": [12.25, 0.75, 12.5, 1], "texture": "#0"},
				"east": {"uv": [12, 0.75, 12.25, 1], "texture": "#0"},
				"south": {"uv": [12.75, 0.75, 13, 1], "texture": "#0"},
				"west": {"uv": [12.5, 0.75, 12.75, 1], "texture": "#0"},
				"up": {"uv": [12.5, 0.75, 12.25, 0.5], "texture": "#0"},
				"down": {"uv": [12.75, 0.5, 12.5, 0.75], "texture": "#0"}
			}
		},
		{
			"from": [6, 15.5, 5],
			"to": [7, 16.5, 6],
			"faces": {
				"north": {"uv": [12.25, 0.75, 12.5, 1], "texture": "#0"},
				"east": {"uv": [12, 0.75, 12.25, 1], "texture": "#0"},
				"south": {"uv": [12.75, 0.75, 13, 1], "texture": "#0"},
				"west": {"uv": [12.5, 0.75, 12.75, 1], "texture": "#0"},
				"up": {"uv": [12.5, 0.75, 12.25, 0.5], "texture": "#0"},
				"down": {"uv": [12.75, 0.5, 12.5, 0.75], "texture": "#0"}
			}
		},
		{
			"name": "body",
			"from": [4, 4.5, 6],
			"to": [12, 16.5, 10],
			"faces": {
				"north": {"uv": [5, 5, 7, 8], "texture": "#0"},
				"east": {"uv": [4, 5, 5, 8], "texture": "#0"},
				"south": {"uv": [8, 5, 10, 8], "texture": "#0"},
				"west": {"uv": [7, 5, 8, 8], "texture": "#0"},
				"up": {"uv": [7, 5, 5, 4], "texture": "#0"},
				"down": {"uv": [9, 4, 7, 5], "texture": "#0"}
			}
		},
		{
			"from": [7, 7.5, 6.05],
			"to": [9, 8.5, 9.95],
			"faces": {
				"north": {"uv": [13.25, 3, 13.75, 3.25], "texture": "#0"},
				"east": {"uv": [14.25, 2.75, 15, 3], "texture": "#0"},
				"south": {"uv": [14.5, 3, 15, 3.25], "texture": "#0"},
				"west": {"uv": [13.75, 3, 14.5, 3.25], "texture": "#0"},
				"up": {"uv": [13.75, 3, 13.25, 2.25], "texture": "#0"},
				"down": {"uv": [14.25, 2.25, 13.75, 3], "texture": "#0"}
			}
		},
		{
			"from": [9, 8.5, 6.05],
			"to": [10, 9.5, 9.95],
			"faces": {
				"north": {"uv": [13.75, 3, 14, 3.25], "texture": "#0"},
				"east": {"uv": [14.25, 2.75, 15, 3], "texture": "#0"},
				"south": {"uv": [14.75, 3, 15, 3.25], "texture": "#0"},
				"west": {"uv": [14, 3, 14.75, 3.25], "texture": "#0"},
				"up": {"uv": [14, 3, 13.75, 2.25], "texture": "#0"},
				"down": {"uv": [14.25, 2.25, 14, 3], "texture": "#0"}
			}
		},
		{
			"from": [6, 8.5, 6.05],
			"to": [7, 9.5, 9.95],
			"faces": {
				"north": {"uv": [13.75, 3, 14, 3.25], "texture": "#0"},
				"east": {"uv": [14.25, 2.75, 15, 3], "texture": "#0"},
				"south": {"uv": [14.75, 3, 15, 3.25], "texture": "#0"},
				"west": {"uv": [14, 3, 14.75, 3.25], "texture": "#0"},
				"up": {"uv": [14, 3, 13.75, 2.25], "texture": "#0"},
				"down": {"uv": [14.25, 2.25, 14, 3], "texture": "#0"}
			}
		},
		{
			"from": [4.05, 9.5, 6.05],
			"to": [6, 10.5, 9.95],
			"faces": {
				"north": {"uv": [13.75, 3, 14, 3.25], "texture": "#0"},
				"east": {"uv": [14.25, 2.75, 15, 3], "texture": "#0"},
				"south": {"uv": [14.75, 3, 15, 3.25], "texture": "#0"},
				"west": {"uv": [14, 3, 14.75, 3.25], "texture": "#0"},
				"up": {"uv": [14, 3, 13.75, 2.25], "texture": "#0"},
				"down": {"uv": [14.25, 2.25, 14, 3], "texture": "#0"}
			}
		},
		{
			"from": [9.95, 9.5, 6.05],
			"to": [11.9, 10.5, 9.95],
			"faces": {
				"north": {"uv": [13.75, 3, 14, 3.25], "texture": "#0"},
				"east": {"uv": [14.25, 2.75, 15, 3], "texture": "#0"},
				"south": {"uv": [14.75, 3, 15, 3.25], "texture": "#0"},
				"west": {"uv": [14, 3, 14.75, 3.25], "texture": "#0"},
				"up": {"uv": [14, 3, 13.75, 2.25], "texture": "#0"},
				"down": {"uv": [14.25, 2.25, 14, 3], "texture": "#0"}
			}
		},
		{
			"name": "body_2nd_layer",
			"from": [3.95, 3.5, 5.5],
			"to": [12.05, 16.5, 10.5],
			"faces": {
				"north": {"uv": [5, 9, 7, 12], "texture": "#0"},
				"east": {"uv": [4, 9, 5, 12], "texture": "#0"},
				"south": {"uv": [8, 9, 10, 12], "texture": "#0"},
				"west": {"uv": [7, 9, 8, 12], "texture": "#0"},
				"up": {"uv": [7, 9, 5, 8], "texture": "#0"},
				"down": {"uv": [9, 8, 7, 9], "texture": "#0"}
			}
		},
		{
			"name": "right_arm_2nd_layer",
			"from": [11.5, 4, 5.5],
			"to": [16.49, 17, 10.5],
			"faces": {
				"north": {"uv": [11, 9, 12, 12], "texture": "#0"},
				"east": {"uv": [10, 9, 11, 12], "texture": "#0"},
				"south": {"uv": [13, 9, 14, 12], "texture": "#0"},
				"west": {"uv": [12, 9, 13, 12], "texture": "#0"},
				"up": {"uv": [12, 9, 11, 8], "texture": "#0"},
				"down": {"uv": [13, 8, 12, 9], "texture": "#0"}
			}
		},
		{
			"name": "left_arm_2nd_layer",
			"from": [-0.5, 4, 5.5],
			"to": [4.5, 17, 10.5],
			"faces": {
				"north": {"uv": [13, 13, 14, 16], "texture": "#0"},
				"east": {"uv": [12, 13, 13, 16], "texture": "#0"},
				"south": {"uv": [15, 13, 16, 16], "texture": "#0"},
				"west": {"uv": [14, 13, 15, 16], "texture": "#0"},
				"up": {"uv": [14, 13, 13, 12], "texture": "#0"},
				"down": {"uv": [15, 12, 14, 13], "texture": "#0"}
			}
		}
	],
	"display": {
		"head": {
			"translation": [0, -20.75, 0],
			"scale": [1.65, 1.65, 1.65]
		}
	},
	"groups": [
		{
			"name": "steve",
			"origin": [8, 8, 8],
			"color": 0,
			"children": [
				0,
				{
					"name": "hood",
					"origin": [0, 0, 0],
					"color": 0,
					"children": [1, 2, 3, 4, 5, 6, 7, 8, 9, 10, 11, 12, 13, 14, 15, 16]
				},
				17,
				18,
				19,
				20,
				21,
				22,
				23,
				24,
				25
			]
		}
	]
}