{
	"credit": "Made with Blockbench",
	"texture_size": [32, 32],
	"textures": {
		"0": "3d_item/stick/entity/green_slime",
		"particle": "block/bedrock"
	},
	"elements": [
		{
			"from": [2.5, 4.5, 2.5],
			"to": [13.5, 5.5, 13.5],
			"faces": {
				"north": {"uv": [7, 5.5, 13, 6], "texture": "#0"},
				"east": {"uv": [7, 5.5, 13, 6], "texture": "#0"},
				"south": {"uv": [7, 5.5, 13, 6], "texture": "#0"},
				"west": {"uv": [7, 5.5, 13, 6], "texture": "#0"},
				"up": {"uv": [13, 6, 7, 0], "texture": "#0"},
				"down": {"uv": [13, 0, 7, 6], "texture": "#0"}
			}
		},
		{
			"from": [3.5, 5.5, 3.5],
			"to": [12.5, 12.5, 12.5],
			"faces": {
				"north": {"uv": [0, 0, 7, 5.5], "texture": "#0"},
				"east": {"uv": [0, 0, 7, 5.5], "texture": "#0"},
				"south": {"uv": [0, 0, 7, 5.5], "texture": "#0"},
				"west": {"uv": [0, 0, 7, 5.5], "texture": "#0"},
				"up": {"uv": [0, 5.5, 7, 12.5], "texture": "#0"},
				"down": {"uv": [0, 5.5, 7, 12.5], "texture": "#0"}
			}
		},
		{
			"from": [4.5, 12.5, 4.5],
			"to": [11.5, 13.5, 11.5],
			"faces": {
				"north": {"uv": [7, 7, 8, 12.5], "rotation": 90, "texture": "#0"},
				"east": {"uv": [7, 7, 8, 12.5], "rotation": 90, "texture": "#0"},
				"south": {"uv": [7, 7, 8, 12.5], "rotation": 90, "texture": "#0"},
				"west": {"uv": [7, 7, 8, 12.5], "rotation": 90, "texture": "#0"},
				"up": {"uv": [7, 7, 12.5, 12.5], "texture": "#0"},
				"down": {"uv": [15.5, 0, 16, 0.5], "texture": "#0"}
			}
		},
		{
			"from": [9.3, 8, 3.45],
			"to": [10.5, 10.4, 3.45],
			"faces": {
				"north": {"uv": [0, 12.5, 0.5, 13.5], "texture": "#0"},
				"east": {"uv": [15.5, 15.5, 16, 16], "texture": "#0"},
				"south": {"uv": [0, 12.5, 0.5, 13.5], "texture": "#0"},
				"west": {"uv": [15.5, 15.5, 16, 16], "texture": "#0"},
				"up": {"uv": [15.5, 15.5, 16, 16], "texture": "#0"},
				"down": {"uv": [15.5, 15.5, 16, 16], "texture": "#0"}
			}
		},
		{
			"from": [5.5, 8, 3.45],
			"to": [6.7, 10.4, 3.45],
			"rotation": {"angle": 0, "axis": "y", "origin": [16, 0, 0]},
			"faces": {
				"north": {"uv": [0.5, 12.5, 0, 13.5], "texture": "#0"},
				"east": {"uv": [16, 15.5, 15.5, 16], "texture": "#0"},
				"south": {"uv": [0.5, 12.5, 0, 13.5], "texture": "#0"},
				"west": {"uv": [16, 15.5, 15.5, 16], "texture": "#0"},
				"up": {"uv": [16, 15.5, 15.5, 16], "texture": "#0"},
				"down": {"uv": [16, 15.5, 15.5, 16], "texture": "#0"}
			}
		},
		{
			"from": [6.5, 5.55, 3.45],
			"to": [9.5, 7.95, 3.45],
			"rotation": {"angle": 0, "axis": "y", "origin": [16, 0, 0]},
			"faces": {
				"north": {"uv": [0.5, 12.5, 3.5, 15], "texture": "#0"},
				"east": {"uv": [16, 15.5, 15.5, 16], "texture": "#0"},
				"south": {"uv": [0.5, 12.5, 3.5, 15], "texture": "#0"},
				"west": {"uv": [16, 15.5, 15.5, 16], "texture": "#0"},
				"up": {"uv": [16, 15.5, 15.5, 16], "texture": "#0"},
				"down": {"uv": [16, 15.5, 15.5, 16], "texture": "#0"}
			}
		}
	]
}