{
	"credit": "Made with Blockbench",
	"texture_size": [32, 32],
	"textures": {
		"0": "3d_item/stick/entity/tippy",
		"particle": "block/bedrock"
	},
	"elements": [
		{
			"from": [4, 4, 4],
			"to": [12, 12, 12],
			"faces": {
				"north": {"uv": [0, 0, 4, 4], "texture": "#0"},
				"east": {"uv": [4, 0, 8, 4], "texture": "#0"},
				"south": {"uv": [8, 0, 12, 4], "texture": "#0"},
				"west": {"uv": [4, 0, 8, 4], "texture": "#0"},
				"up": {"uv": [4, 8, 0, 4], "texture": "#0"},
				"down": {"uv": [4, 4, 0, 8], "texture": "#0"}
			}
		},
		{
			"from": [0, 5.3, 7.8],
			"to": [5, 6.3, 8.2],
			"rotation": {"angle": 22.5, "axis": "z", "origin": [0, 0, 0]},
			"faces": {
				"north": {"uv": [5, 8, 7.5, 8.5], "texture": "#0"},
				"east": {"uv": [5, 8, 5.5, 8.5], "texture": "#0"},
				"south": {"uv": [7.5, 8, 5, 8.5], "texture": "#0"},
				"west": {"uv": [7, 8, 7.5, 8.5], "texture": "#0"},
				"up": {"uv": [7.5, 8.5, 5, 8], "texture": "#0"},
				"down": {"uv": [7.5, 8, 5, 8.5], "texture": "#0"}
			}
		},
		{
			"from": [-1.8, 6.3, 7.7],
			"to": [5.2, 7.3, 8.3],
			"rotation": {"angle": 22.5, "axis": "z", "origin": [0, 0, 0]},
			"faces": {
				"north": {"uv": [4, 8, 7.5, 8.5], "texture": "#0"},
				"east": {"uv": [4, 8, 4.5, 8.5], "texture": "#0"},
				"south": {"uv": [7.5, 8, 4, 8.5], "texture": "#0"},
				"west": {"uv": [7, 8, 7.5, 8.5], "texture": "#0"},
				"up": {"uv": [7.5, 8.5, 4, 8], "texture": "#0"},
				"down": {"uv": [7.5, 8, 4, 8.5], "texture": "#0"}
			}
		},
		{
			"from": [10.8, 6.3, 7.7],
			"to": [17.8, 7.3, 8.3],
			"rotation": {"angle": -22.5, "axis": "z", "origin": [16, 0, 0]},
			"faces": {
				"north": {"uv": [4, 8, 7.5, 8.5], "rotation": 180, "texture": "#0"},
				"east": {"uv": [7, 8, 7.5, 8.5], "texture": "#0"},
				"south": {"uv": [7.5, 8, 4, 8.5], "rotation": 180, "texture": "#0"},
				"west": {"uv": [4, 8, 4.5, 8.5], "rotation": 180, "texture": "#0"},
				"up": {"uv": [7.5, 8.5, 4, 8], "rotation": 180, "texture": "#0"},
				"down": {"uv": [7.5, 8, 4, 8.5], "rotation": 180, "texture": "#0"}
			}
		},
		{
			"from": [11, 5.3, 7.8],
			"to": [16, 6.3, 8.2],
			"rotation": {"angle": -22.5, "axis": "z", "origin": [16, 0, 0]},
			"faces": {
				"north": {"uv": [7.5, 8, 5, 8.5], "texture": "#0"},
				"east": {"uv": [7.5, 8, 7, 8.5], "texture": "#0"},
				"south": {"uv": [5, 8, 7.5, 8.5], "texture": "#0"},
				"west": {"uv": [5.5, 8, 5, 8.5], "texture": "#0"},
				"up": {"uv": [5, 8.5, 7.5, 8], "texture": "#0"},
				"down": {"uv": [5, 8, 7.5, 8.5], "texture": "#0"}
			}
		},
		{
			"from": [7.5, -3.7, 7.7],
			"to": [8.5, 2.3, 8.3],
			"rotation": {"angle": 0, "axis": "z", "origin": [16, 0, 0]},
			"faces": {
				"north": {"uv": [8.5, 4.5, 8, 8], "texture": "#0"},
				"east": {"uv": [8.5, 4.5, 8, 8], "texture": "#0"},
				"south": {"uv": [8.5, 4.5, 8, 8], "texture": "#0"},
				"west": {"uv": [8.5, 4.5, 8, 8], "texture": "#0"},
				"up": {"uv": [8, 5, 8.5, 4.5], "texture": "#0"},
				"down": {"uv": [8, 7.5, 8.5, 8], "texture": "#0"}
			}
		},
		{
			"from": [6.5, -0.7, 7.8],
			"to": [7.5, 2.8, 8.2],
			"rotation": {"angle": 0, "axis": "y", "origin": [7, 1.05, 8]},
			"faces": {
				"north": {"uv": [8.5, 5.5, 8, 7.5], "texture": "#0"},
				"east": {"uv": [8.5, 5.5, 8, 7.5], "texture": "#0"},
				"south": {"uv": [8.5, 5.5, 8, 7.5], "texture": "#0"},
				"west": {"uv": [8.5, 5.5, 8, 7.5], "texture": "#0"},
				"up": {"uv": [8, 6, 8.5, 5.5], "texture": "#0"},
				"down": {"uv": [8, 7, 8.5, 7.5], "texture": "#0"}
			}
		},
		{
			"from": [8.5, -0.7, 7.8],
			"to": [9.5, 2.8, 8.2],
			"rotation": {"angle": 0, "axis": "y", "origin": [9, 1.05, 8]},
			"faces": {
				"north": {"uv": [8, 5.5, 8.5, 7.5], "texture": "#0"},
				"east": {"uv": [8, 5.5, 8.5, 7.5], "texture": "#0"},
				"south": {"uv": [8, 5.5, 8.5, 7.5], "texture": "#0"},
				"west": {"uv": [8, 5.5, 8.5, 7.5], "texture": "#0"},
				"up": {"uv": [8.5, 6, 8, 5.5], "texture": "#0"},
				"down": {"uv": [8.5, 7, 8, 7.5], "texture": "#0"}
			}
		}
	],
	"groups": [
		0,
		{
			"name": "羽",
			"origin": [8, 8, 8],
			"color": 0,
			"nbt": "{}",
			"children": [1, 2]
		},
		{
			"name": "羽",
			"origin": [8, 8, 8],
			"color": 0,
			"nbt": "{}",
			"children": [3, 4]
		},
		{
			"name": "羽？",
			"origin": [8, 8, 8],
			"color": 0,
			"nbt": "{}",
			"children": [5, 6, 7]
		}
	]
}