{
	"credit": "Made with Blockbench",
	"textures": {
		"1": "block/netherite_block",
		"2": "block/polished_blackstone",
		"3": "block/polished_deepslate",
		"4": "block/calcite",
		"5": "block/jigsaw_bottom",
		"6": "block/black_concrete",
		"7": "block/iron_block",
		"8": "3d_item/stick/entity/turret1",
		"particle": "block/bedrock"
	},
	"elements": [
		{
			"from": [1, 0, 5.5],
			"to": [4, 0.5, 10.5],
			"faces": {
				"north": {"uv": [7, 1, 13, 2], "texture": "#3"},
				"east": {"uv": [1, 12, 11, 11], "texture": "#3"},
				"south": {"uv": [7, 1, 13, 2], "texture": "#3"},
				"west": {"uv": [1, 11, 11, 12.2], "texture": "#3"},
				"up": {"uv": [7, 11, 1, 1], "texture": "#3"},
				"down": {"uv": [7, 1, 1, 11], "texture": "#3"}
			}
		},
		{
			"from": [5.5, 0, 1],
			"to": [10.5, 0.5, 4],
			"faces": {
				"north": {"uv": [1, 11, 11, 12.2], "texture": "#3"},
				"east": {"uv": [7, 1, 13, 2], "texture": "#3"},
				"south": {"uv": [1, 12, 11, 11], "texture": "#3"},
				"west": {"uv": [7, 1, 13, 2], "texture": "#3"},
				"up": {"uv": [7, 11, 1, 1], "rotation": 90, "texture": "#3"},
				"down": {"uv": [7, 1, 1, 11], "rotation": 270, "texture": "#3"}
			}
		},
		{
			"from": [12, 0, 5.5],
			"to": [15, 0.5, 10.5],
			"faces": {
				"north": {"uv": [7, 1, 13, 2], "texture": "#3"},
				"east": {"uv": [1, 11, 11, 12.2], "texture": "#3"},
				"south": {"uv": [7, 1, 13, 2], "texture": "#3"},
				"west": {"uv": [1, 12, 11, 11], "texture": "#3"},
				"up": {"uv": [7, 11, 1, 1], "rotation": 180, "texture": "#3"},
				"down": {"uv": [7, 1, 1, 11], "rotation": 180, "texture": "#3"}
			}
		},
		{
			"from": [5.5, 0, 12],
			"to": [10.5, 0.5, 15],
			"faces": {
				"north": {"uv": [1, 12, 11, 11], "texture": "#3"},
				"east": {"uv": [7, 1, 13, 2], "texture": "#3"},
				"south": {"uv": [1, 11, 11, 12.2], "texture": "#3"},
				"west": {"uv": [7, 1, 13, 2], "texture": "#3"},
				"up": {"uv": [7, 11, 1, 1], "rotation": 270, "texture": "#3"},
				"down": {"uv": [7, 1, 1, 11], "rotation": 90, "texture": "#3"}
			}
		},
		{
			"from": [4, 0, 4],
			"to": [12, 1, 12],
			"faces": {
				"north": {"uv": [1, 4, 15, 6], "texture": "#1"},
				"east": {"uv": [1, 6, 15, 8], "texture": "#1"},
				"south": {"uv": [1, 10, 15, 12], "texture": "#1"},
				"west": {"uv": [1, 8, 15, 10], "texture": "#1"},
				"up": {"uv": [15, 15, 1, 1], "texture": "#1"},
				"down": {"uv": [15, 1, 1, 15], "texture": "#1"}
			}
		},
		{
			"from": [6, 1, 6],
			"to": [10, 2.5, 10],
			"faces": {
				"north": {"uv": [1, 1, 15, 7], "texture": "#5"},
				"east": {"uv": [1, 1, 15, 7], "texture": "#5"},
				"south": {"uv": [1, 1, 15, 7], "texture": "#5"},
				"west": {"uv": [1, 1, 15, 7], "texture": "#5"},
				"up": {"uv": [1, 1, 15, 15], "texture": "#5"},
				"down": {"uv": [1, 1, 15, 15], "texture": "#5"}
			}
		},
		{
			"from": [6.5, 2, 6.5],
			"to": [9.5, 10, 9.5],
			"faces": {
				"north": {"uv": [5, 0, 11, 16], "texture": "#7"},
				"east": {"uv": [9, 0, 15, 16], "texture": "#7"},
				"south": {"uv": [1, 0, 7, 16], "texture": "#7"},
				"west": {"uv": [3, 0, 9, 16], "texture": "#7"},
				"up": {"uv": [8, 8, 14, 14], "texture": "#7"},
				"down": {"uv": [8, 8, 14, 14], "texture": "#7"}
			}
		},
		{
			"from": [6, 10, 10],
			"to": [10, 13, 11],
			"faces": {
				"north": {"uv": [4, 5, 12, 12], "texture": "#1"},
				"east": {"uv": [7, 5, 9, 12], "texture": "#1"},
				"south": {"uv": [4, 5, 12, 12], "texture": "#1"},
				"west": {"uv": [7, 5, 9, 12], "texture": "#1"},
				"up": {"uv": [12, 5, 4, 3], "texture": "#1"},
				"down": {"uv": [12, 3, 4, 5], "texture": "#1"}
			}
		},
		{
			"from": [1.5, 10, 4],
			"to": [14.5, 13, 10],
			"rotation": {"angle": 0, "axis": "y", "origin": [0, 0, 4]},
			"faces": {
				"north": {"uv": [4, 4, 12, 8], "texture": "#5"},
				"east": {"uv": [2, 2, 8, 6], "texture": "#5"},
				"south": {"uv": [2, 2, 10, 6], "texture": "#6"},
				"west": {"uv": [2, 2, 8, 6], "texture": "#5"},
				"up": {"uv": [2, 2, 10, 8], "texture": "#5"},
				"down": {"uv": [2, 2, 10, 8], "texture": "#5"}
			}
		},
		{
			"from": [10, 0, 3],
			"to": [13, 0.4, 6],
			"faces": {
				"north": {"uv": [5, 13, 11, 14], "texture": "#4"},
				"east": {"uv": [5, 12, 11, 13], "texture": "#4"},
				"south": {"uv": [5, 15.9, 11, 14.9], "texture": "#4"},
				"west": {"uv": [5, 13.9, 11, 14.9], "texture": "#4"},
				"up": {"uv": [11, 11, 5, 5], "texture": "#4"},
				"down": {"uv": [11, 5, 5, 11], "texture": "#4"}
			}
		},
		{
			"from": [10, 0, 10],
			"to": [13, 0.4, 13],
			"faces": {
				"north": {"uv": [5, 13, 11, 14], "texture": "#4"},
				"east": {"uv": [5, 12, 11, 13], "texture": "#4"},
				"south": {"uv": [5, 15.9, 11, 14.9], "texture": "#4"},
				"west": {"uv": [5, 13.9, 11, 14.9], "texture": "#4"},
				"up": {"uv": [11, 11, 5, 5], "texture": "#4"},
				"down": {"uv": [11, 5, 5, 11], "texture": "#4"}
			}
		},
		{
			"from": [3, 0, 10],
			"to": [6, 0.4, 13],
			"faces": {
				"north": {"uv": [5, 13, 11, 14], "texture": "#4"},
				"east": {"uv": [5, 12, 11, 13], "texture": "#4"},
				"south": {"uv": [5, 15.9, 11, 14.9], "texture": "#4"},
				"west": {"uv": [5, 13.9, 11, 14.9], "texture": "#4"},
				"up": {"uv": [11, 11, 5, 5], "texture": "#4"},
				"down": {"uv": [11, 5, 5, 11], "texture": "#4"}
			}
		},
		{
			"from": [3, 0, 3],
			"to": [6, 0.4, 6],
			"faces": {
				"north": {"uv": [5, 13, 11, 14], "texture": "#4"},
				"east": {"uv": [5, 12, 11, 13], "texture": "#4"},
				"south": {"uv": [5, 15.9, 11, 14.9], "texture": "#4"},
				"west": {"uv": [5, 13.9, 11, 14.9], "texture": "#4"},
				"up": {"uv": [11, 11, 5, 5], "texture": "#4"},
				"down": {"uv": [11, 5, 5, 11], "texture": "#4"}
			}
		},
		{
			"from": [3.25, 0.4, 3.25],
			"to": [3.75, 0.9, 3.75],
			"rotation": {"angle": 0, "axis": "y", "origin": [0, -1.6, 0]},
			"faces": {
				"north": {"uv": [1, 1, 2, 2], "texture": "#2"},
				"east": {"uv": [1, 1, 2, 2], "texture": "#2"},
				"south": {"uv": [1, 1, 2, 2], "texture": "#2"},
				"west": {"uv": [1, 1, 2, 2], "texture": "#2"},
				"up": {"uv": [1, 1, 2, 2], "texture": "#2"},
				"down": {"uv": [1, 1, 2, 2], "texture": "#2"}
			}
		},
		{
			"from": [3.25, 0.4, 12.25],
			"to": [3.75, 0.9, 12.75],
			"rotation": {"angle": 0, "axis": "y", "origin": [0, -1.6, 0]},
			"faces": {
				"north": {"uv": [1, 1, 2, 2], "texture": "#2"},
				"east": {"uv": [1, 1, 2, 2], "texture": "#2"},
				"south": {"uv": [1, 1, 2, 2], "texture": "#2"},
				"west": {"uv": [1, 1, 2, 2], "texture": "#2"},
				"up": {"uv": [1, 1, 2, 2], "texture": "#2"},
				"down": {"uv": [1, 1, 2, 2], "texture": "#2"}
			}
		},
		{
			"from": [12.25, 0.4, 12.25],
			"to": [12.75, 0.9, 12.75],
			"rotation": {"angle": 0, "axis": "y", "origin": [0, -1.6, 0]},
			"faces": {
				"north": {"uv": [1, 1, 2, 2], "texture": "#2"},
				"east": {"uv": [1, 1, 2, 2], "texture": "#2"},
				"south": {"uv": [1, 1, 2, 2], "texture": "#2"},
				"west": {"uv": [1, 1, 2, 2], "texture": "#2"},
				"up": {"uv": [1, 1, 2, 2], "texture": "#2"},
				"down": {"uv": [1, 1, 2, 2], "texture": "#2"}
			}
		},
		{
			"from": [12.25, 0.4, 3.25],
			"to": [12.75, 0.9, 3.75],
			"rotation": {"angle": 0, "axis": "y", "origin": [0, -1.6, 0]},
			"faces": {
				"north": {"uv": [1, 1, 2, 2], "texture": "#2"},
				"east": {"uv": [1, 1, 2, 2], "texture": "#2"},
				"south": {"uv": [1, 1, 2, 2], "texture": "#2"},
				"west": {"uv": [1, 1, 2, 2], "texture": "#2"},
				"up": {"uv": [1, 1, 2, 2], "texture": "#2"},
				"down": {"uv": [1, 1, 2, 2], "texture": "#2"}
			}
		},
		{
			"from": [6, 4, 7],
			"to": [10, 8, 9],
			"faces": {
				"north": {"uv": [2, 3, 6, 7], "texture": "#3"},
				"east": {"uv": [6, 3, 10, 11], "texture": "#3"},
				"south": {"uv": [2, 3, 6, 7], "texture": "#3"},
				"west": {"uv": [6, 3, 10, 11], "texture": "#3"},
				"up": {"uv": [6, 3, 14, 7], "texture": "#3"},
				"down": {"uv": [6, 3, 14, 7], "texture": "#3"}
			}
		},
		{
			"from": [2.2, 13, 4],
			"to": [13.8, 13.5, 11],
			"rotation": {"angle": 0, "axis": "y", "origin": [0.2, -2.5, 4.1]},
			"faces": {
				"north": {"uv": [1, 10, 15, 11.71429], "texture": "#1"},
				"east": {"uv": [1, 12, 7.9, 13.71429], "texture": "#1"},
				"south": {"uv": [1, 10, 15, 11.71429], "texture": "#1"},
				"west": {"uv": [1, 12, 7.9, 13.71429], "texture": "#1"},
				"up": {"uv": [1, 3, 15, 10.2], "texture": "#1"},
				"down": {"uv": [1, 3, 15, 10.2], "texture": "#1"}
			}
		},
		{
			"from": [2.2, 9.5, 4],
			"to": [13.8, 10, 11],
			"rotation": {"angle": 0, "axis": "y", "origin": [0.2, -2.5, 4.1]},
			"faces": {
				"north": {"uv": [1, 10, 15, 11.71429], "texture": "#1"},
				"east": {"uv": [1, 12, 7.9, 13.71429], "texture": "#1"},
				"south": {"uv": [1, 10, 15, 11.71429], "texture": "#1"},
				"west": {"uv": [1, 12, 7.9, 13.71429], "texture": "#1"},
				"up": {"uv": [1, 3, 15, 10.2], "texture": "#1"},
				"down": {"uv": [1, 3, 15, 10.2], "texture": "#1"}
			}
		},
		{
			"from": [-1.62446, 8.80867, 4.05],
			"to": [-0.32446, 9.30867, 10.95],
			"rotation": {"angle": -22.5, "axis": "z", "origin": [2.67554, 2.80867, 4.05]},
			"faces": {
				"north": {"uv": [1, 1, 3.6, 2.71429], "texture": "#1"},
				"east": {"uv": [1, 1, 12.9, 2.71429], "texture": "#1"},
				"south": {"uv": [1, 1, 3.6, 2.71429], "texture": "#1"},
				"west": {"uv": [1, 1, 12.9, 2.71429], "texture": "#1"},
				"up": {"uv": [1, 2, 4.6, 14.2], "texture": "#1"},
				"down": {"uv": [14.6, 4, 13, 11.2], "texture": "#1"}
			}
		},
		{
			"from": [9.31886, 17.47178, 4.05],
			"to": [10.61886, 17.97178, 10.95],
			"rotation": {"angle": -22.5, "axis": "z", "origin": [0.31886, 4.47178, 4.05]},
			"faces": {
				"north": {"uv": [1, 1, 3.6, 2.71429], "texture": "#1"},
				"east": {"uv": [1, 1, 12.9, 2.71429], "texture": "#1"},
				"south": {"uv": [1, 1, 3.6, 2.71429], "texture": "#1"},
				"west": {"uv": [1, 1, 12.9, 2.71429], "texture": "#1"},
				"up": {"uv": [13, 4, 14.6, 11.2], "texture": "#1"},
				"down": {"uv": [1, 1, 3.6, 11.2], "texture": "#1"}
			}
		},
		{
			"from": [4.17357, 11.54268, 4.05],
			"to": [5.47357, 12.04268, 10.95],
			"rotation": {"angle": 22.5, "axis": "z", "origin": [0.17357, 4.54268, 4.05]},
			"faces": {
				"north": {"uv": [1, 1, 3.6, 2.71429], "texture": "#1"},
				"east": {"uv": [1, 1, 12.9, 2.71429], "texture": "#1"},
				"south": {"uv": [1, 1, 3.6, 2.71429], "texture": "#1"},
				"west": {"uv": [1, 1, 12.9, 2.71429], "texture": "#1"},
				"up": {"uv": [14.6, 4, 13, 11.2], "texture": "#1"},
				"down": {"uv": [1, 1, 3.6, 11.2], "texture": "#1"}
			}
		},
		{
			"from": [14.53629, 3.79843, 4.05],
			"to": [15.83629, 4.29843, 10.95],
			"rotation": {"angle": 22.5, "axis": "z", "origin": [-0.16371, 4.79843, 4.05]},
			"faces": {
				"north": {"uv": [1, 1, 3.6, 2.71429], "texture": "#1"},
				"east": {"uv": [1, 1, 12.9, 2.71429], "texture": "#1"},
				"south": {"uv": [1, 1, 3.6, 2.71429], "texture": "#1"},
				"west": {"uv": [1, 1, 12.9, 2.71429], "texture": "#1"},
				"up": {"uv": [1, 2, 4.6, 14.2], "texture": "#1"},
				"down": {"uv": [13, 4, 14.6, 11.2], "texture": "#1"}
			}
		},
		{
			"from": [1, 10, 4],
			"to": [1.5, 13, 11],
			"rotation": {"angle": 0, "axis": "y", "origin": [0.99896, 10.00251, 3.95]},
			"faces": {
				"north": {"uv": [1, 3, 2, 8.14286], "texture": "#1"},
				"east": {"uv": [1, 3, 15, 8.14286], "texture": "#1"},
				"south": {"uv": [14, 3, 15, 8.14286], "texture": "#1"},
				"west": {"uv": [1, 8, 15, 13.14286], "texture": "#1"},
				"up": {"uv": [1, 2, 2, 14], "rotation": 90, "texture": "#1"},
				"down": {"uv": [14, 2, 15, 14], "rotation": 90, "texture": "#1"}
			}
		},
		{
			"from": [14.5, 10, 4],
			"to": [15, 13, 11],
			"rotation": {"angle": 0, "axis": "y", "origin": [0.99896, 10.00251, 3.95]},
			"faces": {
				"north": {"uv": [1, 3, 2, 8.14286], "texture": "#1"},
				"east": {"uv": [1, 3, 15, 8.14286], "texture": "#1"},
				"south": {"uv": [14, 3, 15, 8.14286], "texture": "#1"},
				"west": {"uv": [1, 8, 15, 13.14286], "texture": "#1"},
				"up": {"uv": [1, 2, 2, 14], "rotation": 90, "texture": "#1"},
				"down": {"uv": [14, 2, 15, 14], "rotation": 90, "texture": "#1"}
			}
		},
		{
			"from": [3.25, 13.5, 7],
			"to": [4.25, 14, 10],
			"faces": {
				"north": {"uv": [0, 15, 1, 15.5], "texture": "#8"},
				"east": {"uv": [0, 15.5, 3, 16], "texture": "#8"},
				"south": {"uv": [0, 15, 1, 15.5], "texture": "#8"},
				"west": {"uv": [3, 16, 0, 15.5], "texture": "#8"},
				"up": {"uv": [0, 12, 1, 15], "texture": "#8"},
				"down": {"uv": [0, 12, 1, 15], "texture": "#8"}
			}
		},
		{
			"from": [11.75, 13.5, 7],
			"to": [12.75, 14, 10],
			"faces": {
				"north": {"uv": [0, 15, 1, 15.5], "texture": "#8"},
				"east": {"uv": [0, 15.5, 3, 16], "texture": "#8"},
				"south": {"uv": [0, 15, 1, 15.5], "texture": "#8"},
				"west": {"uv": [3, 16, 0, 15.5], "texture": "#8"},
				"up": {"uv": [0, 12, 1, 15], "texture": "#8"},
				"down": {"uv": [0, 12, 1, 15], "texture": "#8"}
			}
		},
		{
			"from": [11.25, 13.5, 5],
			"to": [13.25, 14, 7],
			"faces": {
				"north": {"uv": [0, 10.27273, 2, 10.5], "texture": "#8"},
				"east": {"uv": [0, 10.27273, 2, 10.5], "texture": "#8"},
				"south": {"uv": [0, 10.27273, 2, 10.5], "texture": "#8"},
				"west": {"uv": [0, 10.27273, 2, 10.5], "texture": "#8"},
				"up": {"uv": [0, 10, 2, 8], "texture": "#8"},
				"down": {"uv": [0, 8, 2, 10], "texture": "#8"}
			}
		},
		{
			"from": [2.75, 13.5, 5],
			"to": [4.75, 14, 7],
			"faces": {
				"north": {"uv": [0, 10.27273, 2, 10.5], "texture": "#8"},
				"east": {"uv": [0, 10.27273, 2, 10.5], "texture": "#8"},
				"south": {"uv": [0, 10.27273, 2, 10.5], "texture": "#8"},
				"west": {"uv": [0, 10.27273, 2, 10.5], "texture": "#8"},
				"up": {"uv": [0, 10, 2, 8], "texture": "#8"},
				"down": {"uv": [0, 8, 2, 10], "texture": "#8"}
			}
		},
		{
			"from": [11.25, 10.5, 3],
			"to": [13.25, 12.5, 4],
			"faces": {
				"north": {"uv": [0, 8, 2, 10], "texture": "#8"},
				"east": {"uv": [3, 8, 2, 10], "texture": "#8"},
				"south": {"uv": [0, 8, 2, 10], "texture": "#8"},
				"west": {"uv": [2, 8, 3, 10], "texture": "#8"},
				"up": {"uv": [2, 11, 0, 10], "texture": "#8"},
				"down": {"uv": [2, 12, 0, 11], "texture": "#8"}
			}
		},
		{
			"from": [2.75, 10.5, 3],
			"to": [4.75, 12.5, 4],
			"faces": {
				"north": {"uv": [0, 8, 2, 10], "texture": "#8"},
				"east": {"uv": [3, 8, 2, 10], "texture": "#8"},
				"south": {"uv": [0, 8, 2, 10], "texture": "#8"},
				"west": {"uv": [2, 8, 3, 10], "texture": "#8"},
				"up": {"uv": [2, 11, 0, 10], "texture": "#8"},
				"down": {"uv": [2, 12, 0, 11], "texture": "#8"}
			}
		},
		{
			"from": [12.25, 11, 1],
			"to": [12.25, 16, 7],
			"faces": {
				"north": {"uv": [16, 16, 16, 16], "texture": "#8"},
				"east": {"uv": [2, 10.5, 8, 15.5], "texture": "#8"},
				"south": {"uv": [16, 16, 16, 16], "texture": "#8"},
				"west": {"uv": [8, 10.5, 2, 15.5], "texture": "#8"},
				"up": {"uv": [16, 16, 16, 16], "texture": "#8"},
				"down": {"uv": [16, 16, 16, 16], "texture": "#8"}
			}
		},
		{
			"from": [3.75, 11, 1],
			"to": [3.75, 16, 7],
			"faces": {
				"north": {"uv": [16, 16, 16, 16], "texture": "#8"},
				"east": {"uv": [2, 10.5, 8, 15.5], "texture": "#8"},
				"south": {"uv": [16, 16, 16, 16], "texture": "#8"},
				"west": {"uv": [8, 10.5, 2, 15.5], "texture": "#8"},
				"up": {"uv": [16, 16, 16, 16], "texture": "#8"},
				"down": {"uv": [16, 16, 16, 16], "texture": "#8"}
			}
		},
		{
			"from": [11, 10.25, 10],
			"to": [13.5, 12.75, 14],
			"rotation": {"angle": 0, "axis": "y", "origin": [0, 0, 4]},
			"faces": {
				"north": {"uv": [2.5, 2.5, 5, 5], "texture": "#8"},
				"east": {"uv": [2.5, 0, 6.5, 2.5], "texture": "#8"},
				"south": {"uv": [2.5, 2.5, 5, 5], "texture": "#8"},
				"west": {"uv": [6.5, 0, 2.5, 2.5], "texture": "#8"},
				"up": {"uv": [0, 0, 2.5, 4], "texture": "#8"},
				"down": {"uv": [0, 4, 2.5, 0], "texture": "#8"}
			}
		},
		{
			"from": [11.5, 10.75, 14],
			"to": [13, 12.25, 20],
			"rotation": {"angle": 0, "axis": "y", "origin": [0, 0, 4]},
			"faces": {
				"north": {"uv": [5, 5, 6.5, 6.5], "texture": "#8"},
				"east": {"uv": [0.5, 6.5, 6.5, 8], "texture": "#8"},
				"south": {"uv": [5, 5, 6.5, 6.5], "texture": "#8"},
				"west": {"uv": [6.5, 6.5, 0.5, 8], "texture": "#8"},
				"up": {"uv": [6.5, 2, 8, 8], "texture": "#8"},
				"down": {"uv": [6.5, 2, 8, 8], "texture": "#8"}
			}
		},
		{
			"from": [3, 10.75, 14],
			"to": [4.5, 12.25, 20],
			"rotation": {"angle": 0, "axis": "y", "origin": [0, 0, 4]},
			"faces": {
				"north": {"uv": [5, 5, 6.5, 6.5], "texture": "#8"},
				"east": {"uv": [0.5, 6.5, 6.5, 8], "texture": "#8"},
				"south": {"uv": [5, 5, 6.5, 6.5], "texture": "#8"},
				"west": {"uv": [6.5, 6.5, 0.5, 8], "texture": "#8"},
				"up": {"uv": [6.5, 2, 8, 8], "texture": "#8"},
				"down": {"uv": [6.5, 2, 8, 8], "texture": "#8"}
			}
		},
		{
			"from": [2.5, 10.25, 10],
			"to": [5, 12.75, 14],
			"rotation": {"angle": 0, "axis": "y", "origin": [0, 0, 4]},
			"faces": {
				"north": {"uv": [2.5, 2.5, 5, 5], "texture": "#8"},
				"east": {"uv": [2.5, 0, 6.5, 2.5], "texture": "#8"},
				"south": {"uv": [2.5, 2.5, 5, 5], "texture": "#8"},
				"west": {"uv": [6.5, 0, 2.5, 2.5], "texture": "#8"},
				"up": {"uv": [0, 0, 2.5, 4], "texture": "#8"},
				"down": {"uv": [0, 4, 2.5, 0], "texture": "#8"}
			}
		}
	],
	"display": {
		"head": {
			"rotation": [0, -180, 0],
			"translation": [0, -14, 0],
			"scale": [1.5, 1.5, 1.5]
		}
	},
	"groups": [
		{
			"name": "土台",
			"origin": [8, 8, 8],
			"color": 0,
			"children": [0, 1, 2, 3, 4, 5, 6, 7, 8, 9, 10, 11, 12, 13, 14, 15, 16, 17, 18, 19, 20, 21, 22, 23, 24, 25, 26, 27, 28, 29, 30, 31, 32, 33]
		},
		{
			"name": "銃",
			"origin": [8, 8, 8],
			"color": 0,
			"children": [34, 35, 36, 37]
		}
	]
}