{
	"credit": "Made by AnminMakura",
	"textures": {
		"layer1": "block/ochre_froglight_side",
		"layer2": "block/ochre_froglight_top",
		"layer3": "block/snow",
		"particle": "block/ochre_froglight_top"
	},
	"elements": [
		{
			"from": [9.0375, 7.3125, 6.45313],
			"to": [10.4125, 8.6875, 9.54688],
			"rotation": {"angle": 45, "axis": "z", "origin": [8, 8, 8]},
			"faces": {
				"north": {"uv": [1, 0, 2, 1], "texture": "#layer3"},
				"east": {"uv": [1, 0, 2, 1], "texture": "#layer3"},
				"south": {"uv": [1, 0, 2, 1], "texture": "#layer3"},
				"west": {"uv": [1, 0, 2, 1], "texture": "#layer3"},
				"up": {"uv": [1, 0, 2, 1], "texture": "#layer3"},
				"down": {"uv": [1, 0, 2, 1], "texture": "#layer3"}
			}
		},
		{
			"from": [8.35, 6.625, 6.625],
			"to": [11.1, 9.375, 9.375],
			"rotation": {"angle": 45, "axis": "z", "origin": [8, 8, 8]},
			"faces": {
				"north": {"uv": [0, 0, 16, 16], "texture": "#layer2"},
				"east": {"uv": [0, 0, 16, 16], "texture": "#layer2"},
				"south": {"uv": [0, 0, 16, 16], "texture": "#layer2"},
				"west": {"uv": [0, 0, 16, 16], "texture": "#layer2"},
				"up": {"uv": [0, 0, 16, 16], "texture": "#layer2"},
				"down": {"uv": [0, 0, 16, 16], "texture": "#layer2"}
			}
		},
		{
			"from": [5.5875, 7.3125, 6.45313],
			"to": [6.9625, 8.6875, 9.54688],
			"rotation": {"angle": 45, "axis": "z", "origin": [8, 8, 8]},
			"faces": {
				"north": {"uv": [1, 0, 2, 1], "texture": "#layer3"},
				"east": {"uv": [1, 0, 2, 1], "texture": "#layer3"},
				"south": {"uv": [1, 0, 2, 1], "texture": "#layer3"},
				"west": {"uv": [1, 0, 2, 1], "texture": "#layer3"},
				"up": {"uv": [1, 0, 2, 1], "texture": "#layer3"},
				"down": {"uv": [1, 0, 2, 1], "texture": "#layer3"}
			}
		},
		{
			"from": [4.9, 6.625, 6.625],
			"to": [7.65, 9.375, 9.375],
			"rotation": {"angle": 45, "axis": "z", "origin": [8, 8, 8]},
			"faces": {
				"north": {"uv": [0, 0, 16, 16], "texture": "#layer2"},
				"east": {"uv": [0, 0, 16, 16], "texture": "#layer2"},
				"south": {"uv": [0, 0, 16, 16], "texture": "#layer2"},
				"west": {"uv": [0, 0, 16, 16], "texture": "#layer2"},
				"up": {"uv": [0, 0, 16, 16], "texture": "#layer2"},
				"down": {"uv": [0, 0, 16, 16], "texture": "#layer2"}
			}
		},
		{
			"from": [4.5, 10.25, 7.7375],
			"to": [11.5, 10.75, 8.2625],
			"rotation": {"angle": 45, "axis": "z", "origin": [8, 8, 8]},
			"faces": {
				"north": {"uv": [2, 0, 3, 1], "texture": "#layer3"},
				"east": {"uv": [2, 0, 3, 1], "texture": "#layer3"},
				"south": {"uv": [2, 0, 3, 1], "texture": "#layer3"},
				"west": {"uv": [2, 0, 3, 1], "texture": "#layer3"},
				"up": {"uv": [2, 0, 3, 1], "texture": "#layer3"},
				"down": {"uv": [2, 0, 3, 1], "texture": "#layer3"}
			}
		},
		{
			"from": [10.25, 4.5, 7.7374],
			"to": [10.75, 11.5, 8.2624],
			"rotation": {"angle": 45, "axis": "z", "origin": [8, 8, 8]},
			"faces": {
				"north": {"uv": [2, 0, 3, 1], "texture": "#layer3"},
				"east": {"uv": [2, 0, 3, 1], "texture": "#layer3"},
				"south": {"uv": [2, 0, 3, 1], "texture": "#layer3"},
				"west": {"uv": [2, 0, 3, 1], "texture": "#layer3"},
				"up": {"uv": [2, 0, 3, 1], "texture": "#layer3"},
				"down": {"uv": [2, 0, 3, 1], "texture": "#layer3"}
			}
		},
		{
			"from": [3.5, 3.5, 7.7374],
			"to": [4, 12.5, 8.2624],
			"rotation": {"angle": 45, "axis": "z", "origin": [8, 8, 8]},
			"faces": {
				"north": {"uv": [8, 0, 9, 16], "rotation": 180, "texture": "#layer1"},
				"east": {"uv": [8, 0, 9, 16], "rotation": 180, "texture": "#layer1"},
				"south": {"uv": [8, 0, 9, 16], "rotation": 180, "texture": "#layer1"},
				"west": {"uv": [8, 0, 9, 16], "rotation": 180, "texture": "#layer1"},
				"up": {"uv": [8, 15, 9, 16], "rotation": 180, "texture": "#layer1"},
				"down": {"uv": [8, 0, 9, 1], "rotation": 180, "texture": "#layer1"}
			}
		},
		{
			"from": [6.02, 6.02, 7.57668],
			"to": [6.35, 9.98, 8.42318],
			"rotation": {"angle": -45, "axis": "z", "origin": [8, 8, 8]},
			"faces": {
				"north": {"uv": [8, 0, 9, 16], "rotation": 180, "texture": "#layer1"},
				"east": {"uv": [8, 0, 9, 16], "rotation": 180, "texture": "#layer1"},
				"south": {"uv": [8, 0, 9, 16], "rotation": 180, "texture": "#layer1"},
				"west": {"uv": [8, 0, 9, 16], "rotation": 180, "texture": "#layer1"},
				"up": {"uv": [8, 15, 9, 16], "rotation": 180, "texture": "#layer1"},
				"down": {"uv": [8, 0, 9, 1], "rotation": 180, "texture": "#layer1"}
			}
		},
		{
			"from": [12, 3.5, 7.7374],
			"to": [12.5, 12.5, 8.2624],
			"rotation": {"angle": 45, "axis": "z", "origin": [8, 8, 8]},
			"faces": {
				"north": {"uv": [8, 0, 9, 16], "texture": "#layer1"},
				"east": {"uv": [8, 0, 9, 16], "texture": "#layer1"},
				"south": {"uv": [8, 0, 9, 16], "texture": "#layer1"},
				"west": {"uv": [8, 0, 9, 16], "texture": "#layer1"},
				"up": {"uv": [8, 0, 9, 1], "texture": "#layer1"},
				"down": {"uv": [8, 15, 9, 16], "texture": "#layer1"}
			}
		},
		{
			"from": [9.65, 6.02, 7.57668],
			"to": [9.98, 9.98, 8.42318],
			"rotation": {"angle": -45, "axis": "z", "origin": [8, 8, 8]},
			"faces": {
				"north": {"uv": [8, 0, 9, 16], "texture": "#layer1"},
				"east": {"uv": [8, 0, 9, 16], "texture": "#layer1"},
				"south": {"uv": [8, 0, 9, 16], "texture": "#layer1"},
				"west": {"uv": [8, 0, 9, 16], "texture": "#layer1"},
				"up": {"uv": [8, 0, 9, 1], "texture": "#layer1"},
				"down": {"uv": [8, 15, 9, 16], "texture": "#layer1"}
			}
		},
		{
			"from": [3.5, 12, 7.7375],
			"to": [12.5, 12.5, 8.2625],
			"rotation": {"angle": 45, "axis": "z", "origin": [8, 8, 8]},
			"faces": {
				"north": {"uv": [8, 0, 9, 16], "rotation": 90, "texture": "#layer1"},
				"east": {"uv": [8, 15, 9, 16], "rotation": 270, "texture": "#layer1"},
				"south": {"uv": [8, 0, 9, 16], "rotation": 270, "texture": "#layer1"},
				"west": {"uv": [8, 0, 9, 1], "rotation": 270, "texture": "#layer1"},
				"up": {"uv": [8, 0, 9, 16], "rotation": 270, "texture": "#layer1"},
				"down": {"uv": [8, 0, 9, 16], "rotation": 270, "texture": "#layer1"}
			}
		},
		{
			"from": [6.02, 9.65, 7.57675],
			"to": [9.98, 9.98, 8.42325],
			"rotation": {"angle": -45, "axis": "z", "origin": [8, 8, 8]},
			"faces": {
				"north": {"uv": [8, 0, 9, 16], "rotation": 90, "texture": "#layer1"},
				"east": {"uv": [8, 15, 9, 16], "rotation": 270, "texture": "#layer1"},
				"south": {"uv": [8, 0, 9, 16], "rotation": 270, "texture": "#layer1"},
				"west": {"uv": [8, 0, 9, 1], "rotation": 270, "texture": "#layer1"},
				"up": {"uv": [8, 0, 9, 16], "rotation": 270, "texture": "#layer1"},
				"down": {"uv": [8, 0, 9, 16], "rotation": 270, "texture": "#layer1"}
			}
		},
		{
			"from": [3.5, 3.5, 7.7375],
			"to": [12.5, 4, 8.2625],
			"rotation": {"angle": 45, "axis": "z", "origin": [8, 8, 8]},
			"faces": {
				"north": {"uv": [8, 0, 9, 16], "rotation": 270, "texture": "#layer1"},
				"east": {"uv": [8, 0, 9, 1], "rotation": 90, "texture": "#layer1"},
				"south": {"uv": [8, 0, 9, 16], "rotation": 90, "texture": "#layer1"},
				"west": {"uv": [8, 15, 9, 16], "rotation": 90, "texture": "#layer1"},
				"up": {"uv": [8, 0, 9, 16], "rotation": 90, "texture": "#layer1"},
				"down": {"uv": [8, 0, 9, 16], "rotation": 90, "texture": "#layer1"}
			}
		},
		{
			"from": [6.02, 6.02, 7.57675],
			"to": [9.98, 6.35, 8.42325],
			"rotation": {"angle": -45, "axis": "z", "origin": [8, 8, 8]},
			"faces": {
				"north": {"uv": [8, 0, 9, 16], "rotation": 270, "texture": "#layer1"},
				"east": {"uv": [8, 0, 9, 1], "rotation": 90, "texture": "#layer1"},
				"south": {"uv": [8, 0, 9, 16], "rotation": 90, "texture": "#layer1"},
				"west": {"uv": [8, 15, 9, 16], "rotation": 90, "texture": "#layer1"},
				"up": {"uv": [8, 0, 9, 16], "rotation": 90, "texture": "#layer1"},
				"down": {"uv": [8, 0, 9, 16], "rotation": 90, "texture": "#layer1"}
			}
		},
		{
			"from": [7.75, 0, 7.75],
			"to": [8.25, 4, 8.25],
			"rotation": {"angle": 0, "axis": "y", "origin": [8, 8, 8]},
			"faces": {
				"north": {"uv": [10, 16, 9, 3], "texture": "#layer1"},
				"east": {"uv": [10, 16, 9, 3], "texture": "#layer1"},
				"south": {"uv": [10, 16, 9, 3], "texture": "#layer1"},
				"west": {"uv": [10, 16, 9, 3], "texture": "#layer1"},
				"up": {"uv": [0, 4, 1, 5], "rotation": 90, "texture": "#layer2"},
				"down": {"uv": [7, 7, 8, 8], "rotation": 90, "texture": "#layer2"}
			}
		},
		{
			"from": [0, 7.75, 7.75],
			"to": [4, 8.25, 8.25],
			"rotation": {"angle": 0, "axis": "z", "origin": [8, 8, 8]},
			"faces": {
				"north": {"uv": [10, 16, 9, 3], "rotation": 270, "texture": "#layer1"},
				"east": {"uv": [0, 4, 1, 5], "rotation": 180, "texture": "#layer2"},
				"south": {"uv": [10, 16, 9, 3], "rotation": 90, "texture": "#layer1"},
				"west": {"uv": [7, 7, 8, 8], "rotation": 180, "texture": "#layer2"},
				"up": {"uv": [10, 16, 9, 3], "rotation": 90, "texture": "#layer1"},
				"down": {"uv": [10, 16, 9, 3], "rotation": 90, "texture": "#layer1"}
			}
		},
		{
			"from": [7.75, 12, 7.75],
			"to": [8.25, 16, 8.25],
			"rotation": {"angle": 0, "axis": "z", "origin": [8, 8, 8]},
			"faces": {
				"north": {"uv": [10, 16, 9, 3], "rotation": 180, "texture": "#layer1"},
				"east": {"uv": [10, 16, 9, 3], "rotation": 180, "texture": "#layer1"},
				"south": {"uv": [10, 16, 9, 3], "rotation": 180, "texture": "#layer1"},
				"west": {"uv": [10, 16, 9, 3], "rotation": 180, "texture": "#layer1"},
				"up": {"uv": [7, 7, 8, 8], "rotation": 270, "texture": "#layer2"},
				"down": {"uv": [0, 4, 1, 5], "rotation": 270, "texture": "#layer2"}
			}
		},
		{
			"from": [12, 7.75, 7.75],
			"to": [16, 8.25, 8.25],
			"rotation": {"angle": 0, "axis": "z", "origin": [8, 8, 8]},
			"faces": {
				"north": {"uv": [10, 16, 9, 3], "rotation": 90, "texture": "#layer1"},
				"east": {"uv": [7, 7, 8, 8], "texture": "#layer2"},
				"south": {"uv": [10, 16, 9, 3], "rotation": 270, "texture": "#layer1"},
				"west": {"uv": [0, 4, 1, 5], "texture": "#layer2"},
				"up": {"uv": [10, 16, 9, 3], "rotation": 270, "texture": "#layer1"},
				"down": {"uv": [10, 16, 9, 3], "rotation": 270, "texture": "#layer1"}
			}
		},
		{
			"from": [7.7525, -0.425, 7.77725],
			"to": [8.2475, 16.425, 8.23513],
			"rotation": {"angle": 0, "axis": "z", "origin": [8, 8, 8]},
			"faces": {
				"north": {"uv": [1, 0, 2, 1], "rotation": 90, "texture": "#layer3"},
				"east": {"uv": [1, 0, 2, 1], "rotation": 270, "texture": "#layer3"},
				"south": {"uv": [1, 0, 2, 1], "rotation": 270, "texture": "#layer3"},
				"west": {"uv": [1, 0, 2, 1], "rotation": 270, "texture": "#layer3"},
				"up": {"uv": [1, 0, 2, 1], "rotation": 270, "texture": "#layer3"},
				"down": {"uv": [1, 0, 2, 1], "rotation": 270, "texture": "#layer3"}
			}
		},
		{
			"from": [4.5, 5.25, 7.7375],
			"to": [11.5, 5.75, 8.2625],
			"rotation": {"angle": 45, "axis": "z", "origin": [8, 8, 8]},
			"faces": {
				"north": {"uv": [2, 0, 3, 1], "rotation": 180, "texture": "#layer3"},
				"east": {"uv": [2, 0, 3, 1], "rotation": 180, "texture": "#layer3"},
				"south": {"uv": [2, 0, 3, 1], "rotation": 180, "texture": "#layer3"},
				"west": {"uv": [2, 0, 3, 1], "rotation": 180, "texture": "#layer3"},
				"up": {"uv": [2, 0, 3, 1], "rotation": 180, "texture": "#layer3"},
				"down": {"uv": [2, 0, 3, 1], "rotation": 180, "texture": "#layer3"}
			}
		},
		{
			"from": [5.25, 4.5, 7.7374],
			"to": [5.75, 11.5, 8.2624],
			"rotation": {"angle": 45, "axis": "z", "origin": [8, 8, 8]},
			"faces": {
				"north": {"uv": [2, 0, 3, 1], "rotation": 180, "texture": "#layer3"},
				"east": {"uv": [2, 0, 3, 1], "rotation": 180, "texture": "#layer3"},
				"south": {"uv": [2, 0, 3, 1], "rotation": 180, "texture": "#layer3"},
				"west": {"uv": [2, 0, 3, 1], "rotation": 180, "texture": "#layer3"},
				"up": {"uv": [2, 0, 3, 1], "rotation": 180, "texture": "#layer3"},
				"down": {"uv": [2, 0, 3, 1], "rotation": 180, "texture": "#layer3"}
			}
		},
		{
			"from": [7.7525, 2.545, 7.7525],
			"to": [8.2475, 13.455, 8.2475],
			"rotation": {"angle": -22.5, "axis": "z", "origin": [8, 8, 8]},
			"faces": {
				"north": {"uv": [1, 0, 2, 1], "rotation": 90, "texture": "#layer3"},
				"east": {"uv": [1, 0, 2, 1], "rotation": 270, "texture": "#layer3"},
				"south": {"uv": [1, 0, 2, 1], "rotation": 270, "texture": "#layer3"},
				"west": {"uv": [1, 0, 2, 1], "rotation": 270, "texture": "#layer3"},
				"up": {"uv": [1, 0, 2, 1], "rotation": 270, "texture": "#layer3"},
				"down": {"uv": [1, 0, 2, 1], "rotation": 270, "texture": "#layer3"}
			}
		},
		{
			"from": [7.7525, 1.555, 7.7525],
			"to": [8.2475, 14.445, 8.2475],
			"rotation": {"angle": -45, "axis": "z", "origin": [8, 8, 8]},
			"faces": {
				"north": {"uv": [1, 0, 2, 1], "rotation": 90, "texture": "#layer3"},
				"east": {"uv": [1, 0, 2, 1], "rotation": 270, "texture": "#layer3"},
				"south": {"uv": [1, 0, 2, 1], "rotation": 270, "texture": "#layer3"},
				"west": {"uv": [1, 0, 2, 1], "rotation": 270, "texture": "#layer3"},
				"up": {"uv": [1, 0, 2, 1], "rotation": 270, "texture": "#layer3"},
				"down": {"uv": [1, 0, 2, 1], "rotation": 270, "texture": "#layer3"}
			}
		},
		{
			"from": [2.545, 7.7525, 7.7525],
			"to": [13.455, 8.2475, 8.2475],
			"rotation": {"angle": 22.5, "axis": "z", "origin": [8, 8, 8]},
			"faces": {
				"north": {"uv": [1, 0, 2, 1], "texture": "#layer3"},
				"east": {"uv": [1, 0, 2, 1], "texture": "#layer3"},
				"south": {"uv": [1, 0, 2, 1], "texture": "#layer3"},
				"west": {"uv": [1, 0, 2, 1], "texture": "#layer3"},
				"up": {"uv": [1, 0, 2, 1], "texture": "#layer3"},
				"down": {"uv": [1, 0, 2, 1], "texture": "#layer3"}
			}
		},
		{
			"from": [7.7525, 2.545, 7.77725],
			"to": [8.2475, 13.455, 8.23513],
			"rotation": {"angle": 22.5, "axis": "z", "origin": [8, 8, 8]},
			"faces": {
				"north": {"uv": [1, 0, 2, 1], "rotation": 270, "texture": "#layer3"},
				"east": {"uv": [1, 0, 2, 1], "rotation": 90, "texture": "#layer3"},
				"south": {"uv": [1, 0, 2, 1], "rotation": 90, "texture": "#layer3"},
				"west": {"uv": [1, 0, 2, 1], "rotation": 90, "texture": "#layer3"},
				"up": {"uv": [1, 0, 2, 1], "rotation": 90, "texture": "#layer3"},
				"down": {"uv": [1, 0, 2, 1], "rotation": 90, "texture": "#layer3"}
			}
		},
		{
			"from": [1.555, 7.7525, 7.77725],
			"to": [14.445, 8.2475, 8.23513],
			"rotation": {"angle": -45, "axis": "z", "origin": [8, 8, 8]},
			"faces": {
				"north": {"uv": [1, 0, 2, 1], "texture": "#layer3"},
				"east": {"uv": [1, 0, 2, 1], "texture": "#layer3"},
				"south": {"uv": [1, 0, 2, 1], "texture": "#layer3"},
				"west": {"uv": [1, 0, 2, 1], "texture": "#layer3"},
				"up": {"uv": [1, 0, 2, 1], "texture": "#layer3"},
				"down": {"uv": [1, 0, 2, 1], "texture": "#layer3"}
			}
		},
		{
			"from": [2.545, 7.7525, 7.77725],
			"to": [13.455, 8.2475, 8.23513],
			"rotation": {"angle": -22.5, "axis": "z", "origin": [8, 8, 8]},
			"faces": {
				"north": {"uv": [1, 0, 2, 1], "texture": "#layer3"},
				"east": {"uv": [1, 0, 2, 1], "texture": "#layer3"},
				"south": {"uv": [1, 0, 2, 1], "texture": "#layer3"},
				"west": {"uv": [1, 0, 2, 1], "texture": "#layer3"},
				"up": {"uv": [1, 0, 2, 1], "texture": "#layer3"},
				"down": {"uv": [1, 0, 2, 1], "texture": "#layer3"}
			}
		},
		{
			"from": [-0.425, 7.7525, 7.77725],
			"to": [16.425, 8.2475, 8.23513],
			"rotation": {"angle": 0, "axis": "z", "origin": [8, 8, 8]},
			"faces": {
				"north": {"uv": [1, 0, 2, 1], "texture": "#layer3"},
				"east": {"uv": [1, 0, 2, 1], "texture": "#layer3"},
				"south": {"uv": [1, 0, 2, 1], "texture": "#layer3"},
				"west": {"uv": [1, 0, 2, 1], "texture": "#layer3"},
				"up": {"uv": [1, 0, 2, 1], "texture": "#layer3"},
				"down": {"uv": [1, 0, 2, 1], "texture": "#layer3"}
			}
		}
	],
	"gui_light": "front",
	"display": {
		"ground": {
			"translation": [0, 3.5, 0],
			"scale": [0.75, 0.75, 0.5]
		},
		"gui": {
			"rotation": [0, -25, 0],
			"scale": [0.675, 0.675, 0.45]
		},
		"fixed": {
			"scale": [0.75, 0.75, 0.5]
		}
	}
}