{
	"credit": "Made by AnminMakura",
	"textures": {
		"layer1": "block/ochre_froglight_side",
		"layer2": "block/ochre_froglight_top",
		"layer3": "block/snow",
		"particle": "block/ochre_froglight_top"
	},
	"elements": [
		{
			"from": [7.75, 0, 7.75],
			"to": [8.25, 4, 8.25],
			"rotation": {"angle": 0, "axis": "y", "origin": [8, 8, 8]},
			"faces": {
				"north": {"uv": [10, 16, 9, 3], "texture": "#layer1"},
				"east": {"uv": [10, 16, 9, 3], "texture": "#layer1"},
				"south": {"uv": [10, 16, 9, 3], "texture": "#layer1"},
				"west": {"uv": [10, 16, 9, 3], "texture": "#layer1"},
				"up": {"uv": [0, 4, 1, 5], "rotation": 90, "texture": "#layer2"},
				"down": {"uv": [7, 7, 8, 8], "rotation": 90, "texture": "#layer2"}
			}
		},
		{
			"from": [0, 7.75, 7.75],
			"to": [4, 8.25, 8.25],
			"rotation": {"angle": 0, "axis": "z", "origin": [8, 8, 8]},
			"faces": {
				"north": {"uv": [10, 16, 9, 3], "rotation": 270, "texture": "#layer1"},
				"east": {"uv": [0, 4, 1, 5], "rotation": 180, "texture": "#layer2"},
				"south": {"uv": [10, 16, 9, 3], "rotation": 90, "texture": "#layer1"},
				"west": {"uv": [7, 7, 8, 8], "rotation": 180, "texture": "#layer2"},
				"up": {"uv": [10, 16, 9, 3], "rotation": 90, "texture": "#layer1"},
				"down": {"uv": [10, 16, 9, 3], "rotation": 90, "texture": "#layer1"}
			}
		},
		{
			"from": [7.75, 12, 7.75],
			"to": [8.25, 16, 8.25],
			"rotation": {"angle": 0, "axis": "z", "origin": [8, 8, 8]},
			"faces": {
				"north": {"uv": [10, 16, 9, 3], "rotation": 180, "texture": "#layer1"},
				"east": {"uv": [10, 16, 9, 3], "rotation": 180, "texture": "#layer1"},
				"south": {"uv": [10, 16, 9, 3], "rotation": 180, "texture": "#layer1"},
				"west": {"uv": [10, 16, 9, 3], "rotation": 180, "texture": "#layer1"},
				"up": {"uv": [7, 7, 8, 8], "rotation": 270, "texture": "#layer2"},
				"down": {"uv": [0, 4, 1, 5], "rotation": 270, "texture": "#layer2"}
			}
		},
		{
			"from": [12, 7.75, 7.75],
			"to": [16, 8.25, 8.25],
			"rotation": {"angle": 0, "axis": "z", "origin": [8, 8, 8]},
			"faces": {
				"north": {"uv": [10, 16, 9, 3], "rotation": 90, "texture": "#layer1"},
				"east": {"uv": [7, 7, 8, 8], "texture": "#layer2"},
				"south": {"uv": [10, 16, 9, 3], "rotation": 270, "texture": "#layer1"},
				"west": {"uv": [0, 4, 1, 5], "texture": "#layer2"},
				"up": {"uv": [10, 16, 9, 3], "rotation": 270, "texture": "#layer1"},
				"down": {"uv": [10, 16, 9, 3], "rotation": 270, "texture": "#layer1"}
			}
		},
		{
			"from": [6, 6, 6],
			"to": [10, 10, 10],
			"rotation": {"angle": 45, "axis": "z", "origin": [8, 8, 8]},
			"faces": {
				"north": {"uv": [0, 0, 16, 16], "texture": "#layer2"},
				"east": {"uv": [0, 0, 16, 16], "texture": "#layer2"},
				"south": {"uv": [0, 0, 16, 16], "texture": "#layer2"},
				"west": {"uv": [0, 0, 16, 16], "texture": "#layer2"},
				"up": {"uv": [0, 0, 16, 16], "texture": "#layer2"},
				"down": {"uv": [0, 0, 16, 16], "texture": "#layer2"}
			}
		},
		{
			"from": [11, 4.5, 7.7374],
			"to": [11.5, 11.5, 8.2624],
			"rotation": {"angle": 45, "axis": "z", "origin": [8, 8, 8]},
			"faces": {
				"north": {"uv": [8, 0, 9, 16], "texture": "#layer1"},
				"east": {"uv": [8, 0, 9, 16], "texture": "#layer1"},
				"south": {"uv": [8, 0, 9, 16], "texture": "#layer1"},
				"west": {"uv": [8, 0, 9, 16], "texture": "#layer1"},
				"up": {"uv": [8, 0, 9, 1], "texture": "#layer1"},
				"down": {"uv": [8, 15, 9, 16], "texture": "#layer1"}
			}
		},
		{
			"from": [4.5, 11, 7.7375],
			"to": [11.5, 11.5, 8.2625],
			"rotation": {"angle": 45, "axis": "z", "origin": [8, 8, 8]},
			"faces": {
				"north": {"uv": [8, 0, 9, 16], "rotation": 90, "texture": "#layer1"},
				"east": {"uv": [8, 15, 9, 16], "rotation": 270, "texture": "#layer1"},
				"south": {"uv": [8, 0, 9, 16], "rotation": 270, "texture": "#layer1"},
				"west": {"uv": [8, 0, 9, 1], "rotation": 270, "texture": "#layer1"},
				"up": {"uv": [8, 0, 9, 16], "rotation": 270, "texture": "#layer1"},
				"down": {"uv": [8, 0, 9, 16], "rotation": 270, "texture": "#layer1"}
			}
		},
		{
			"from": [4.5, 4.5, 7.7374],
			"to": [5, 11.5, 8.2624],
			"rotation": {"angle": 45, "axis": "z", "origin": [8, 8, 8]},
			"faces": {
				"north": {"uv": [8, 0, 9, 16], "rotation": 180, "texture": "#layer1"},
				"east": {"uv": [8, 0, 9, 16], "rotation": 180, "texture": "#layer1"},
				"south": {"uv": [8, 0, 9, 16], "rotation": 180, "texture": "#layer1"},
				"west": {"uv": [8, 0, 9, 16], "rotation": 180, "texture": "#layer1"},
				"up": {"uv": [8, 15, 9, 16], "rotation": 180, "texture": "#layer1"},
				"down": {"uv": [8, 0, 9, 1], "rotation": 180, "texture": "#layer1"}
			}
		},
		{
			"from": [4.5, 4.5, 7.7375],
			"to": [11.5, 5, 8.2625],
			"rotation": {"angle": 45, "axis": "z", "origin": [8, 8, 8]},
			"faces": {
				"north": {"uv": [8, 0, 9, 16], "rotation": 270, "texture": "#layer1"},
				"east": {"uv": [8, 0, 9, 1], "rotation": 90, "texture": "#layer1"},
				"south": {"uv": [8, 0, 9, 16], "rotation": 90, "texture": "#layer1"},
				"west": {"uv": [8, 15, 9, 16], "rotation": 90, "texture": "#layer1"},
				"up": {"uv": [8, 0, 9, 16], "rotation": 90, "texture": "#layer1"},
				"down": {"uv": [8, 0, 9, 16], "rotation": 90, "texture": "#layer1"}
			}
		},
		{
			"from": [7.7525, 0.575, 7.77725],
			"to": [8.2475, 15.425, 8.23513],
			"rotation": {"angle": 0, "axis": "z", "origin": [8, 8, 8]},
			"faces": {
				"north": {"uv": [1, 0, 2, 1], "rotation": 90, "texture": "#layer3"},
				"east": {"uv": [1, 0, 2, 1], "rotation": 270, "texture": "#layer3"},
				"south": {"uv": [1, 0, 2, 1], "rotation": 270, "texture": "#layer3"},
				"west": {"uv": [1, 0, 2, 1], "rotation": 270, "texture": "#layer3"},
				"up": {"uv": [1, 0, 2, 1], "rotation": 270, "texture": "#layer3"},
				"down": {"uv": [1, 0, 2, 1], "rotation": 270, "texture": "#layer3"}
			}
		},
		{
			"from": [7.7525, 3.545, 7.7525],
			"to": [8.2475, 12.455, 8.2475],
			"rotation": {"angle": -22.5, "axis": "z", "origin": [8, 8, 8]},
			"faces": {
				"north": {"uv": [1, 0, 2, 1], "rotation": 90, "texture": "#layer3"},
				"east": {"uv": [1, 0, 2, 1], "rotation": 270, "texture": "#layer3"},
				"south": {"uv": [1, 0, 2, 1], "rotation": 270, "texture": "#layer3"},
				"west": {"uv": [1, 0, 2, 1], "rotation": 270, "texture": "#layer3"},
				"up": {"uv": [1, 0, 2, 1], "rotation": 270, "texture": "#layer3"},
				"down": {"uv": [1, 0, 2, 1], "rotation": 270, "texture": "#layer3"}
			}
		},
		{
			"from": [7.7525, 2.555, 7.7525],
			"to": [8.2475, 13.445, 8.2475],
			"rotation": {"angle": -45, "axis": "z", "origin": [8, 8, 8]},
			"faces": {
				"north": {"uv": [1, 0, 2, 1], "rotation": 90, "texture": "#layer3"},
				"east": {"uv": [1, 0, 2, 1], "rotation": 270, "texture": "#layer3"},
				"south": {"uv": [1, 0, 2, 1], "rotation": 270, "texture": "#layer3"},
				"west": {"uv": [1, 0, 2, 1], "rotation": 270, "texture": "#layer3"},
				"up": {"uv": [1, 0, 2, 1], "rotation": 270, "texture": "#layer3"},
				"down": {"uv": [1, 0, 2, 1], "rotation": 270, "texture": "#layer3"}
			}
		},
		{
			"from": [3.545, 7.7525, 7.7525],
			"to": [12.455, 8.2475, 8.2475],
			"rotation": {"angle": 22.5, "axis": "z", "origin": [8, 8, 8]},
			"faces": {
				"north": {"uv": [1, 0, 2, 1], "texture": "#layer3"},
				"east": {"uv": [1, 0, 2, 1], "texture": "#layer3"},
				"south": {"uv": [1, 0, 2, 1], "texture": "#layer3"},
				"west": {"uv": [1, 0, 2, 1], "texture": "#layer3"},
				"up": {"uv": [1, 0, 2, 1], "texture": "#layer3"},
				"down": {"uv": [1, 0, 2, 1], "texture": "#layer3"}
			}
		},
		{
			"from": [7.7525, 3.545, 7.77725],
			"to": [8.2475, 12.455, 8.23513],
			"rotation": {"angle": 22.5, "axis": "z", "origin": [8, 8, 8]},
			"faces": {
				"north": {"uv": [1, 0, 2, 1], "rotation": 270, "texture": "#layer3"},
				"east": {"uv": [1, 0, 2, 1], "rotation": 90, "texture": "#layer3"},
				"south": {"uv": [1, 0, 2, 1], "rotation": 90, "texture": "#layer3"},
				"west": {"uv": [1, 0, 2, 1], "rotation": 90, "texture": "#layer3"},
				"up": {"uv": [1, 0, 2, 1], "rotation": 90, "texture": "#layer3"},
				"down": {"uv": [1, 0, 2, 1], "rotation": 90, "texture": "#layer3"}
			}
		},
		{
			"from": [2.555, 7.7525, 7.77725],
			"to": [13.445, 8.2475, 8.23513],
			"rotation": {"angle": -45, "axis": "z", "origin": [8, 8, 8]},
			"faces": {
				"north": {"uv": [1, 0, 2, 1], "texture": "#layer3"},
				"east": {"uv": [1, 0, 2, 1], "texture": "#layer3"},
				"south": {"uv": [1, 0, 2, 1], "texture": "#layer3"},
				"west": {"uv": [1, 0, 2, 1], "texture": "#layer3"},
				"up": {"uv": [1, 0, 2, 1], "texture": "#layer3"},
				"down": {"uv": [1, 0, 2, 1], "texture": "#layer3"}
			}
		},
		{
			"from": [3.545, 7.7525, 7.77725],
			"to": [12.455, 8.2475, 8.23513],
			"rotation": {"angle": -22.5, "axis": "z", "origin": [8, 8, 8]},
			"faces": {
				"north": {"uv": [1, 0, 2, 1], "texture": "#layer3"},
				"east": {"uv": [1, 0, 2, 1], "texture": "#layer3"},
				"south": {"uv": [1, 0, 2, 1], "texture": "#layer3"},
				"west": {"uv": [1, 0, 2, 1], "texture": "#layer3"},
				"up": {"uv": [1, 0, 2, 1], "texture": "#layer3"},
				"down": {"uv": [1, 0, 2, 1], "texture": "#layer3"}
			}
		},
		{
			"from": [0.575, 7.7525, 7.77725],
			"to": [15.425, 8.2475, 8.23513],
			"rotation": {"angle": 0, "axis": "z", "origin": [8, 8, 8]},
			"faces": {
				"north": {"uv": [1, 0, 2, 1], "texture": "#layer3"},
				"east": {"uv": [1, 0, 2, 1], "texture": "#layer3"},
				"south": {"uv": [1, 0, 2, 1], "texture": "#layer3"},
				"west": {"uv": [1, 0, 2, 1], "texture": "#layer3"},
				"up": {"uv": [1, 0, 2, 1], "texture": "#layer3"},
				"down": {"uv": [1, 0, 2, 1], "texture": "#layer3"}
			}
		},
		{
			"from": [7, 7, 5.75],
			"to": [9, 9, 10.25],
			"rotation": {"angle": 45, "axis": "z", "origin": [8, 8, 8]},
			"faces": {
				"north": {"uv": [1, 0, 2, 1], "texture": "#layer3"},
				"east": {"uv": [1, 0, 2, 1], "texture": "#layer3"},
				"south": {"uv": [1, 0, 2, 1], "texture": "#layer3"},
				"west": {"uv": [1, 0, 2, 1], "texture": "#layer3"},
				"up": {"uv": [1, 0, 2, 1], "texture": "#layer3"},
				"down": {"uv": [1, 0, 2, 1], "texture": "#layer3"}
			}
		}
	],
	"gui_light": "front",
	"display": {
		"ground": {
			"translation": [0, 3.5, 0],
			"scale": [0.5, 0.5, 0.33]
		},
		"gui": {
			"scale": [0.5, 0.5, 0.33]
		},
		"fixed": {
			"scale": [0.5, 0.5, 0.33]
		}
	}
}