{
	"credit": "Made with Blockbench",
	"textures": {
		"0": "block/tube_coral_block",
		"1": "block/diamond_block",
		"particle": "block/tube_coral_block"
	},
	"elements": [
		{
			"from": [8, 0, 6],
			"to": [20, 12, 10],
			"rotation": {"angle": 45, "axis": "z", "origin": [8, 0, 6]},
			"faces": {
				"north": {"uv": [0, 0, 12, 12], "texture": "#0"},
				"east": {"uv": [0, 0, 4, 12], "texture": "#0"},
				"south": {"uv": [0, 0, 12, 12], "texture": "#0"},
				"west": {"uv": [0, 0, 4, 12], "texture": "#0"},
				"up": {"uv": [0, 0, 12, 4], "texture": "#0"},
				"down": {"uv": [0, 0, 12, 4], "texture": "#0"}
			}
		},
		{
			"from": [-2.5, 1.5, 5],
			"to": [6.5, 10.5, 11],
			"rotation": {"angle": -45, "axis": "z", "origin": [8, 0, 6]},
			"faces": {
				"north": {"uv": [0, 0, 9, 9], "rotation": 90, "texture": "#0"},
				"east": {"uv": [0, 0, 9, 6], "rotation": 270, "texture": "#1"},
				"south": {"uv": [0, 0, 9, 9], "rotation": 270, "texture": "#0"},
				"west": {"uv": [0, 0, 9, 6], "rotation": 270, "texture": "#1"},
				"up": {"uv": [0, 0, 6, 9], "rotation": 270, "texture": "#1"},
				"down": {"uv": [0, 0, 6, 9], "rotation": 270, "texture": "#1"}
			}
		},
		{
			"from": [-1, 3, 4],
			"to": [5, 9, 12],
			"rotation": {"angle": -45, "axis": "z", "origin": [8, 0, 6]},
			"faces": {
				"north": {"uv": [0, 0, 6, 6], "rotation": 90, "texture": "#0"},
				"east": {"uv": [0, 0, 6, 8], "rotation": 270, "texture": "#1"},
				"south": {"uv": [0, 0, 6, 6], "rotation": 270, "texture": "#0"},
				"west": {"uv": [0, 0, 6, 8], "rotation": 270, "texture": "#1"},
				"up": {"uv": [0, 0, 8, 6], "rotation": 270, "texture": "#1"},
				"down": {"uv": [0, 0, 8, 6], "rotation": 270, "texture": "#1"}
			}
		},
		{
			"from": [0.25, 4.25, 3.5],
			"to": [3.75, 7.75, 12.5],
			"rotation": {"angle": -45, "axis": "z", "origin": [8, 0, 6]},
			"faces": {
				"north": {"uv": [0, 0, 3.5, 3.5], "rotation": 90, "texture": "#0"},
				"east": {"uv": [0, 0, 3.5, 9], "rotation": 270, "texture": "#1"},
				"south": {"uv": [0, 0, 3.5, 3.5], "rotation": 270, "texture": "#0"},
				"west": {"uv": [0, 0, 3.5, 9], "rotation": 270, "texture": "#1"},
				"up": {"uv": [0, 0, 9, 3.5], "rotation": 270, "texture": "#1"},
				"down": {"uv": [0, 0, 9, 3.5], "rotation": 270, "texture": "#1"}
			}
		}
	],
	"display": {
		"ground": {
			"translation": [0, 3.5, 0],
			"scale": [0.5, 0.75, 0.5]
		},
		"gui": {
			"rotation": [0, -25, 0],
			"scale": [0.45, 0.675, 0.45]
		},
		"fixed": {
			"scale": [0.5, 0.75, 0.5]
		}
	}
}