{
	"credit": "Made with Blockbench",
	"textures": {
		"0": "3d_item/stick/entity/sonica",
		"particle": "3d_item/stick/entity/sonica"
	},
	"elements": [
		{
			"from": [6.5, 11, 6.75],
			"to": [9.5, 12, 9.25],
			"rotation": {"angle": 0, "axis": "y", "origin": [-0.25, 7, 0]},
			"faces": {
				"north": {"uv": [0.25, 4, 1, 4.25], "texture": "#0"},
				"east": {"uv": [0.25, 4, 0.75, 4.25], "texture": "#0"},
				"south": {"uv": [0.25, 4, 1, 4.25], "texture": "#0"},
				"west": {"uv": [0.25, 4, 0.75, 4.25], "texture": "#0"},
				"up": {"uv": [0.25, 4.25, 1, 4.75], "texture": "#0"},
				"down": {"uv": [0.25, 4.25, 1, 4.75], "texture": "#0"}
			}
		},
		{
			"from": [7.48991, 4, 7.47898],
			"to": [8.48991, 11, 8.47898],
			"rotation": {"angle": 45, "axis": "y", "origin": [7.98991, 7.5, 7.97898]},
			"faces": {
				"north": {"uv": [0.25, 4.25, 0, 6], "texture": "#0"},
				"east": {"uv": [0, 4.25, 0.25, 6], "texture": "#0"},
				"south": {"uv": [0.25, 4.25, 0, 6], "texture": "#0"},
				"west": {"uv": [0, 4.25, 0.25, 6], "texture": "#0"},
				"up": {"uv": [0, 4, 0.25, 4.25], "texture": "#0"},
				"down": {"uv": [0, 4, 0.25, 4.25], "texture": "#0"}
			}
		},
		{
			"from": [7.25, 12, 7.75],
			"to": [8.75, 32, 8.25],
			"rotation": {"angle": 0, "axis": "y", "origin": [0.5, 8, 0]},
			"faces": {
				"north": {"uv": [0.375, 6, 0, 11], "texture": "#0"},
				"east": {"uv": [0.25, 6, 0.375, 11], "texture": "#0"},
				"south": {"uv": [0, 6, 0.375, 11], "texture": "#0"},
				"west": {"uv": [0, 6, 0.125, 11], "texture": "#0"},
				"up": {"uv": [0, 6, 0.375, 6.125], "texture": "#0"},
				"down": {"uv": [0, 6, 0.375, 6.125], "texture": "#0"}
			}
		},
		{
			"from": [12.80522, 27.64836, 7.8],
			"to": [13.86622, 28.70936, 8.2],
			"rotation": {"angle": 45, "axis": "z", "origin": [6.05522, 23.64836, 0]},
			"faces": {
				"north": {"uv": [0.25, 6, 0.375, 6.125], "texture": "#0"},
				"east": {"uv": [0.25, 6, 0.375, 6.125], "texture": "#0"},
				"south": {"uv": [0.25, 6, 0.375, 6.125], "texture": "#0"},
				"west": {"uv": [0.25, 6, 0.375, 6.125], "texture": "#0"},
				"up": {"uv": [0.25, 6, 0.375, 6.125], "texture": "#0"},
				"down": {"uv": [0.25, 6, 0.375, 6.125], "texture": "#0"}
			}
		},
		{
			"from": [12.55522, 7.39836, 8.25],
			"to": [14.05522, 8.89836, 8.75],
			"rotation": {"angle": 45, "axis": "z", "origin": [6.05522, 3.64836, 1]},
			"faces": {
				"north": {"uv": [6, 2.5, 6.25, 2.75], "texture": "#0"},
				"east": {"uv": [6, 2.5, 6.25, 2.75], "texture": "#0"},
				"south": {"uv": [6, 2.5, 6.25, 2.75], "texture": "#0"},
				"west": {"uv": [6, 2.5, 6.25, 2.75], "texture": "#0"},
				"up": {"uv": [6, 2.5, 6.25, 2.75], "texture": "#0"},
				"down": {"uv": [6, 2.5, 6.25, 2.75], "texture": "#0"}
			}
		},
		{
			"from": [12.55522, 7.39836, 7.25],
			"to": [14.05522, 8.89836, 7.75],
			"rotation": {"angle": 45, "axis": "z", "origin": [6.05522, 3.64836, 15]},
			"faces": {
				"north": {"uv": [6.25, 2.5, 6, 2.75], "texture": "#0"},
				"east": {"uv": [6.25, 2.5, 6, 2.75], "texture": "#0"},
				"south": {"uv": [6.25, 2.5, 6, 2.75], "texture": "#0"},
				"west": {"uv": [6.25, 2.5, 6, 2.75], "texture": "#0"},
				"up": {"uv": [6, 2.75, 6.25, 2.5], "texture": "#0"},
				"down": {"uv": [6, 2.75, 6.25, 2.5], "texture": "#0"}
			}
		},
		{
			"from": [7.23991, 4.5, 7.22898],
			"to": [8.73991, 5.5, 8.72898],
			"rotation": {"angle": 45, "axis": "y", "origin": [7.98991, 7.5, 7.97898]},
			"faces": {
				"north": {"uv": [0.5, 4.375, 0.625, 4.5], "texture": "#0"},
				"east": {"uv": [0.5, 4.375, 0.625, 4.5], "texture": "#0"},
				"south": {"uv": [0.5, 4.375, 0.625, 4.5], "texture": "#0"},
				"west": {"uv": [0.5, 4.375, 0.625, 4.5], "texture": "#0"},
				"up": {"uv": [0.5, 4.375, 0.625, 4.5], "texture": "#0"},
				"down": {"uv": [0.5, 4.375, 0.625, 4.5], "texture": "#0"}
			}
		},
		{
			"from": [7.23991, 10.5, 7.22898],
			"to": [8.73991, 11, 8.72898],
			"rotation": {"angle": 45, "axis": "y", "origin": [7.98991, 7.5, 7.97898]},
			"faces": {
				"north": {"uv": [0.5, 4.375, 0.625, 4.5], "texture": "#0"},
				"east": {"uv": [0.5, 4.375, 0.625, 4.5], "texture": "#0"},
				"south": {"uv": [0.5, 4.375, 0.625, 4.5], "texture": "#0"},
				"west": {"uv": [0.5, 4.375, 0.625, 4.5], "texture": "#0"},
				"up": {"uv": [0.5, 4.375, 0.625, 4.5], "texture": "#0"},
				"down": {"uv": [0.5, 4.375, 0.625, 4.5], "texture": "#0"}
			}
		}
	],
	"display": {
		"thirdperson_righthand": {
			"rotation": [0, 90, 0],
			"translation": [0, -2, 1]
		},
		"thirdperson_lefthand": {
			"rotation": [0, 90, 0],
			"translation": [0, -2, 1]
		},
		"firstperson_righthand": {
			"rotation": [-20, 90, 0],
			"translation": [1.75, -2.5, 2]
		},
		"firstperson_lefthand": {
			"rotation": [-20, 90, 0],
			"translation": [1.75, -2.5, 2]
		},
		"ground": {
			"rotation": [45, 0, 45],
			"scale": [0.5, 0.5, 0.5]
		},
		"gui": {
			"rotation": [0, 0, -45],
			"translation": [-5, -5, 0],
			"scale": [0.7, 0.7, 0.7]
		},
		"fixed": {
			"rotation": [0, 0, 45],
			"translation": [5.75, -5.75, 0],
			"scale": [0.8, 0.8, 0.8]
		}
	}
}