{
	"credit": "Made with Blockbench",
	"textures": {
		"0": "3d_item/firework_star/entity/angel_ring",
		"particle": "block/bedrock"
	},
	"elements": [
		{
			"from": [7.7, 7.7, 0],
			"to": [8.3, 8.3, 5],
			"rotation": {"angle": 0, "axis": "y", "origin": [8, 8, 8]},
			"faces": {
				"north": {"uv": [0, 2, 1, 3], "texture": "#0"},
				"east": {"uv": [8, 2, 0, 3], "texture": "#0"},
				"south": {"uv": [7, 2, 8, 3], "texture": "#0"},
				"west": {"uv": [0, 2, 8, 3], "texture": "#0"},
				"up": {"uv": [8, 3, 0, 2], "rotation": 270, "texture": "#0"},
				"down": {"uv": [8, 2, 0, 3], "rotation": 90, "texture": "#0"}
			}
		},
		{
			"from": [7.7, 7.7, 2],
			"to": [8.3, 8.3, 5],
			"rotation": {"angle": 45, "axis": "y", "origin": [8, 8, 8]},
			"faces": {
				"north": {"uv": [5, 7, 6, 8], "texture": "#0"},
				"east": {"uv": [0, 7, 6, 8], "texture": "#0"},
				"south": {"uv": [0, 7, 1, 8], "texture": "#0"},
				"west": {"uv": [6, 7, 0, 8], "texture": "#0"},
				"up": {"uv": [0, 7, 6, 8], "rotation": 270, "texture": "#0"},
				"down": {"uv": [0, 7, 6, 8], "rotation": 90, "texture": "#0"}
			}
		},
		{
			"from": [2, 7.7, 7.7],
			"to": [5, 8.3, 8.3],
			"rotation": {"angle": -22.5, "axis": "y", "origin": [8, 8, 8]},
			"faces": {
				"north": {"uv": [0, 9, 6, 10], "texture": "#0"},
				"east": {"uv": [0, 9, 1, 10], "texture": "#0"},
				"south": {"uv": [0, 9, 6, 10], "rotation": 180, "texture": "#0"},
				"west": {"uv": [6, 9, 5, 10], "texture": "#0"},
				"up": {"uv": [0, 9, 6, 10], "rotation": 180, "texture": "#0"},
				"down": {"uv": [0, 9, 6, 10], "rotation": 180, "texture": "#0"}
			}
		},
		{
			"from": [7.7, 7.7, 2],
			"to": [8.3, 8.3, 5],
			"rotation": {"angle": 22.5, "axis": "y", "origin": [8, 8, 8]},
			"faces": {
				"north": {"uv": [5, 5, 6, 6], "texture": "#0"},
				"east": {"uv": [0, 5, 6, 6], "texture": "#0"},
				"south": {"uv": [0, 5, 1, 6], "texture": "#0"},
				"west": {"uv": [6, 5, 0, 6], "texture": "#0"},
				"up": {"uv": [0, 5, 6, 6], "rotation": 270, "texture": "#0"},
				"down": {"uv": [0, 5, 6, 6], "rotation": 90, "texture": "#0"}
			}
		},
		{
			"from": [0, 7.7, 7.7],
			"to": [5, 8.3, 8.3],
			"rotation": {"angle": 0, "axis": "y", "origin": [8, 8, 8]},
			"faces": {
				"north": {"uv": [8, 11, 0, 10], "texture": "#0"},
				"east": {"uv": [7, 11, 8, 10], "texture": "#0"},
				"south": {"uv": [0, 11, 8, 10], "texture": "#0"},
				"west": {"uv": [0, 11, 1, 10], "texture": "#0"},
				"up": {"uv": [0, 10, 8, 11], "texture": "#0"},
				"down": {"uv": [0, 11, 8, 10], "texture": "#0"}
			}
		},
		{
			"from": [2, 7.7, 7.7],
			"to": [5, 8.3, 8.3],
			"rotation": {"angle": 45, "axis": "y", "origin": [8, 8, 8]},
			"faces": {
				"north": {"uv": [0, 16, 6, 15], "texture": "#0"},
				"east": {"uv": [0, 16, 1, 15], "texture": "#0"},
				"south": {"uv": [6, 16, 0, 15], "texture": "#0"},
				"west": {"uv": [5, 16, 6, 15], "texture": "#0"},
				"up": {"uv": [6, 15, 0, 16], "texture": "#0"},
				"down": {"uv": [6, 15, 0, 16], "texture": "#0"}
			}
		},
		{
			"from": [7.7, 7.7, 11],
			"to": [8.3, 8.3, 14],
			"rotation": {"angle": -22.5, "axis": "y", "origin": [8, 8, 8]},
			"faces": {
				"north": {"uv": [8, 2, 9, 1], "texture": "#0"},
				"east": {"uv": [8, 2, 14, 1], "rotation": 180, "texture": "#0"},
				"south": {"uv": [14, 2, 13, 1], "texture": "#0"},
				"west": {"uv": [8, 2, 14, 1], "texture": "#0"},
				"up": {"uv": [8, 2, 14, 1], "rotation": 90, "texture": "#0"},
				"down": {"uv": [8, 2, 14, 1], "rotation": 270, "texture": "#0"}
			}
		},
		{
			"from": [2, 7.7, 7.7],
			"to": [5, 8.3, 8.3],
			"rotation": {"angle": 22.5, "axis": "y", "origin": [8, 8, 8]},
			"faces": {
				"north": {"uv": [0, 14, 6, 13], "texture": "#0"},
				"east": {"uv": [0, 14, 1, 13], "texture": "#0"},
				"south": {"uv": [6, 14, 0, 13], "texture": "#0"},
				"west": {"uv": [5, 14, 6, 13], "texture": "#0"},
				"up": {"uv": [6, 13, 0, 14], "texture": "#0"},
				"down": {"uv": [6, 13, 0, 14], "texture": "#0"}
			}
		},
		{
			"from": [7.7, 7.7, 11],
			"to": [8.3, 8.3, 16],
			"rotation": {"angle": 0, "axis": "y", "origin": [8, 8, 8]},
			"faces": {
				"north": {"uv": [7, 2, 8, 3], "texture": "#0"},
				"east": {"uv": [0, 2, 8, 3], "texture": "#0"},
				"south": {"uv": [0, 2, 1, 3], "texture": "#0"},
				"west": {"uv": [8, 2, 0, 3], "texture": "#0"},
				"up": {"uv": [8, 3, 0, 2], "rotation": 90, "texture": "#0"},
				"down": {"uv": [8, 2, 0, 3], "rotation": 270, "texture": "#0"}
			}
		},
		{
			"from": [7.7, 7.7, 11],
			"to": [8.3, 8.3, 14],
			"rotation": {"angle": 45, "axis": "y", "origin": [8, 8, 8]},
			"faces": {
				"north": {"uv": [0, 7, 1, 8], "texture": "#0"},
				"east": {"uv": [6, 7, 0, 8], "texture": "#0"},
				"south": {"uv": [5, 7, 6, 8], "texture": "#0"},
				"west": {"uv": [0, 7, 6, 8], "texture": "#0"},
				"up": {"uv": [0, 7, 6, 8], "rotation": 90, "texture": "#0"},
				"down": {"uv": [0, 7, 6, 8], "rotation": 270, "texture": "#0"}
			}
		},
		{
			"from": [11, 7.7, 7.7],
			"to": [14, 8.3, 8.3],
			"rotation": {"angle": -22.5, "axis": "y", "origin": [8, 8, 8]},
			"faces": {
				"north": {"uv": [0, 9, 6, 10], "rotation": 180, "texture": "#0"},
				"east": {"uv": [6, 9, 5, 10], "texture": "#0"},
				"south": {"uv": [0, 9, 6, 10], "texture": "#0"},
				"west": {"uv": [0, 9, 1, 10], "texture": "#0"},
				"up": {"uv": [0, 9, 6, 10], "texture": "#0"},
				"down": {"uv": [0, 9, 6, 10], "texture": "#0"}
			}
		},
		{
			"from": [7.7, 7.7, 11],
			"to": [8.3, 8.3, 14],
			"rotation": {"angle": 22.5, "axis": "y", "origin": [8, 8, 8]},
			"faces": {
				"north": {"uv": [0, 5, 1, 6], "texture": "#0"},
				"east": {"uv": [6, 5, 0, 6], "texture": "#0"},
				"south": {"uv": [5, 5, 6, 6], "texture": "#0"},
				"west": {"uv": [0, 5, 6, 6], "texture": "#0"},
				"up": {"uv": [0, 5, 6, 6], "rotation": 90, "texture": "#0"},
				"down": {"uv": [0, 5, 6, 6], "rotation": 270, "texture": "#0"}
			}
		},
		{
			"from": [11, 7.7, 7.7],
			"to": [16, 8.3, 8.3],
			"rotation": {"angle": 0, "axis": "y", "origin": [8, 8, 8]},
			"faces": {
				"north": {"uv": [0, 10, 8, 11], "texture": "#0"},
				"east": {"uv": [0, 10, 1, 11], "texture": "#0"},
				"south": {"uv": [8, 10, 0, 11], "texture": "#0"},
				"west": {"uv": [7, 10, 8, 11], "texture": "#0"},
				"up": {"uv": [8, 11, 0, 10], "texture": "#0"},
				"down": {"uv": [8, 10, 0, 11], "texture": "#0"}
			}
		},
		{
			"from": [11, 7.7, 7.7],
			"to": [14, 8.3, 8.3],
			"rotation": {"angle": 22.5, "axis": "y", "origin": [8, 8, 8]},
			"faces": {
				"north": {"uv": [6, 13, 0, 14], "texture": "#0"},
				"east": {"uv": [5, 13, 6, 14], "texture": "#0"},
				"south": {"uv": [0, 13, 6, 14], "texture": "#0"},
				"west": {"uv": [0, 13, 1, 14], "texture": "#0"},
				"up": {"uv": [0, 13, 6, 14], "texture": "#0"},
				"down": {"uv": [0, 13, 6, 14], "texture": "#0"}
			}
		},
		{
			"from": [7.7, 7.7, 2],
			"to": [8.3, 8.3, 5],
			"rotation": {"angle": -22.5, "axis": "y", "origin": [8, 8, 8]},
			"faces": {
				"north": {"uv": [6, 15, 5, 16], "texture": "#0"},
				"east": {"uv": [0, 15, 6, 16], "texture": "#0"},
				"south": {"uv": [0, 15, 1, 16], "texture": "#0"},
				"west": {"uv": [0, 15, 6, 16], "rotation": 180, "texture": "#0"},
				"up": {"uv": [0, 15, 6, 16], "rotation": 270, "texture": "#0"},
				"down": {"uv": [0, 15, 6, 16], "rotation": 90, "texture": "#0"}
			}
		},
		{
			"from": [11, 7.7, 7.7],
			"to": [14, 8.3, 8.3],
			"rotation": {"angle": 45, "axis": "y", "origin": [8, 8, 8]},
			"faces": {
				"north": {"uv": [14, 1, 8, 2], "texture": "#0"},
				"east": {"uv": [13, 1, 14, 2], "texture": "#0"},
				"south": {"uv": [8, 1, 14, 2], "texture": "#0"},
				"west": {"uv": [8, 1, 9, 2], "texture": "#0"},
				"up": {"uv": [8, 1, 14, 2], "texture": "#0"},
				"down": {"uv": [8, 1, 14, 2], "texture": "#0"}
			}
		}
	]
}