{
	"credit": "Made by AnminMakura",
	"textures": {
		"particle": "3d_item/firework_star/entity/cannon_body",
		"layer1": "3d_item/firework_star/entity/cannon_body"
	},
	"elements": [
		{
			"name": "r1",
			"from": [-4, 3, 3],
			"to": [0, 13, 13],
			"rotation": {"angle": -45, "axis": "x", "origin": [-2, 8, 8]},
			"faces": {
				"north": {"uv": [0, 12, 4, 2], "texture": "#layer1", "tintindex": 1},
				"east": {"uv": [3, 3, 13, 13], "texture": "#layer1", "tintindex": 1},
				"south": {"uv": [11, 2, 7, 12], "texture": "#layer1", "tintindex": 1},
				"west": {"uv": [13, 3, 3, 13], "texture": "#layer1", "tintindex": 1},
				"up": {"uv": [8, 12, 4, 2], "texture": "#layer1", "tintindex": 1},
				"down": {"uv": [14, 12, 10, 2], "texture": "#layer1", "tintindex": 1}
			}
		},
		{
			"name": "r2",
			"from": [-5, 5, 5],
			"to": [1, 11, 11],
			"rotation": {"angle": -45, "axis": "x", "origin": [-2, 8, 8]},
			"faces": {
				"north": {"uv": [0, 10, 6, 16], "texture": "#layer1", "tintindex": 1},
				"east": {"uv": [6, 10, 0, 16], "texture": "#layer1", "tintindex": 1},
				"south": {"uv": [4, 5, 10, 11], "texture": "#layer1", "tintindex": 1},
				"west": {"uv": [4, 6, 10, 0], "rotation": 90, "texture": "#layer1", "tintindex": 1},
				"up": {"uv": [4, 0, 10, 6], "texture": "#layer1", "tintindex": 1},
				"down": {"uv": [15, 11, 9, 5], "texture": "#layer1", "tintindex": 1}
			}
		},
		{
			"name": "r3",
			"from": [-3.5, -3.7, 5],
			"to": [-0.5, 8.3, 11],
			"rotation": {"angle": 0, "axis": "y", "origin": [-2, 0.3, 8]},
			"faces": {
				"north": {"uv": [9, 12, 6, 0], "texture": "#layer1", "tintindex": 1},
				"east": {"uv": [14, 12, 8, 0], "texture": "#layer1", "tintindex": 1},
				"south": {"uv": [13, 0, 16, 12], "texture": "#layer1", "tintindex": 1},
				"west": {"uv": [6, 12, 0, 0], "texture": "#layer1", "tintindex": 1},
				"up": {"uv": [11, 2.5, 12.5, 5.5], "texture": "#layer1", "tintindex": 1},
				"down": {"uv": [11.5, 0.5, 13, 3.5], "texture": "#layer1", "tintindex": 1}
			}
		},
		{
			"name": "r4",
			"from": [-5, -5.7, 3],
			"to": [0, -3.7, 13],
			"rotation": {"angle": 0, "axis": "y", "origin": [-2, 0.3, 8]},
			"faces": {
				"north": {"uv": [4, 6, 9, 4], "texture": "#layer1", "tintindex": 1},
				"east": {"uv": [14, 4, 4, 6], "texture": "#layer1", "tintindex": 1},
				"south": {"uv": [16, 13, 11, 15], "texture": "#layer1", "tintindex": 1},
				"west": {"uv": [14, 10, 4, 12], "texture": "#layer1", "tintindex": 1},
				"up": {"uv": [9, 4, 4, 14], "texture": "#layer1", "tintindex": 1},
				"down": {"uv": [12, 14, 7, 4], "texture": "#layer1", "tintindex": 1}
			}
		},
		{
			"name": "r5",
			"from": [-2.56066, -6.47487, 4],
			"to": [-0.02513, -3.93934, 12],
			"rotation": {"angle": -45, "axis": "z", "origin": [-2.5, -4, 7]},
			"faces": {
				"north": {"uv": [8, 2, 11, 5], "texture": "#layer1", "tintindex": 1},
				"east": {"uv": [2, 4, 10, 7], "rotation": 180, "texture": "#layer1", "tintindex": 1},
				"south": {"uv": [8, 2, 11, 5], "texture": "#layer1", "tintindex": 1},
				"west": {"uv": [2, 9, 10, 6], "texture": "#layer1", "tintindex": 1},
				"up": {"uv": [2, 6, 10, 9], "rotation": 90, "texture": "#layer1", "tintindex": 1},
				"down": {"uv": [10, 6.03553, 2, 3], "rotation": 90, "texture": "#layer1", "tintindex": 1}
			}
		},
		{
			"name": "r6",
			"from": [-2.999, -3.7, 4],
			"to": [-1.001, -0.7, 12],
			"rotation": {"angle": 0, "axis": "y", "origin": [-2, 0.3, 8]},
			"faces": {
				"north": {"uv": [8.498, 4, 6.5, 7], "texture": "#layer1", "tintindex": 1},
				"east": {"uv": [10, 4, 13, 12], "rotation": 90, "texture": "#layer1", "tintindex": 1},
				"south": {"uv": [12.5, 4, 10.502, 7], "texture": "#layer1", "tintindex": 1},
				"west": {"uv": [7, 13, 4, 5], "rotation": 90, "texture": "#layer1", "tintindex": 1},
				"up": {"uv": [5, 3, 13, 4.998], "rotation": 90, "texture": "#layer1", "tintindex": 1},
				"down": {"uv": [14, 6.498, 6, 4.5], "rotation": 90, "texture": "#layer1", "tintindex": 1}
			}
		},
		{
			"name": "r7",
			"from": [-3, -3.24761, 5.81418],
			"to": [-1, 2.40925, 11.47103],
			"rotation": {"angle": 45, "axis": "x", "origin": [-2, 0.2161, 7.98232]},
			"faces": {
				"north": {"uv": [8.5, 10, 6.5, 4], "texture": "#layer1", "tintindex": 1},
				"east": {"uv": [7, 10, 11, 6], "texture": "#layer1", "tintindex": 1},
				"south": {"uv": [11, 1.5, 12, 4.32843], "texture": "#layer1", "tintindex": 1},
				"west": {"uv": [6, 9, 10, 5], "texture": "#layer1", "tintindex": 1},
				"up": {"uv": [10.5, 10, 8.5, 4], "texture": "#layer1", "tintindex": 1},
				"down": {"uv": [13, 2.5, 14, 5.32843], "texture": "#layer1", "tintindex": 1}
			}
		},
		{
			"name": "l1",
			"from": [16, 3, 3],
			"to": [20, 13, 13],
			"rotation": {"angle": -45, "axis": "x", "origin": [18, 8, 8]},
			"faces": {
				"north": {"uv": [4, 12, 0, 2], "texture": "#layer1", "tintindex": 1},
				"east": {"uv": [3, 3, 13, 13], "texture": "#layer1", "tintindex": 1},
				"south": {"uv": [7, 2, 11, 12], "texture": "#layer1", "tintindex": 1},
				"west": {"uv": [13, 3, 3, 13], "texture": "#layer1", "tintindex": 1},
				"up": {"uv": [4, 12, 8, 2], "texture": "#layer1", "tintindex": 1},
				"down": {"uv": [10, 12, 14, 2], "texture": "#layer1", "tintindex": 1}
			}
		},
		{
			"name": "l2",
			"from": [15, 5, 5],
			"to": [21, 11, 11],
			"rotation": {"angle": -45, "axis": "x", "origin": [18, 8, 8]},
			"faces": {
				"north": {"uv": [6, 10, 0, 16], "texture": "#layer1", "tintindex": 1},
				"east": {"uv": [4, 0, 10, 6], "rotation": 90, "texture": "#layer1", "tintindex": 1},
				"south": {"uv": [10, 5, 4, 11], "texture": "#layer1", "tintindex": 1},
				"west": {"uv": [0, 10, 6, 16], "texture": "#layer1", "tintindex": 1},
				"up": {"uv": [10, 0, 4, 6], "texture": "#layer1", "tintindex": 1},
				"down": {"uv": [9, 11, 15, 5], "texture": "#layer1", "tintindex": 1}
			}
		},
		{
			"name": "l3",
			"from": [16.5, -3.7, 5],
			"to": [19.5, 8.3, 11],
			"rotation": {"angle": 0, "axis": "y", "origin": [18, 0.3, 8]},
			"faces": {
				"north": {"uv": [6, 12, 9, 0], "texture": "#layer1", "tintindex": 1},
				"east": {"uv": [0, 12, 6, 0], "texture": "#layer1", "tintindex": 1},
				"south": {"uv": [16, 0, 13, 12], "texture": "#layer1", "tintindex": 1},
				"west": {"uv": [8, 12, 14, 0], "texture": "#layer1", "tintindex": 1},
				"up": {"uv": [12.5, 2.5, 11, 5.5], "texture": "#layer1", "tintindex": 1},
				"down": {"uv": [13, 0.5, 11.5, 3.5], "texture": "#layer1", "tintindex": 1}
			}
		},
		{
			"name": "l4",
			"from": [16, -5.7, 3],
			"to": [21, -3.7, 13],
			"rotation": {"angle": 0, "axis": "y", "origin": [18, 0.3, 8]},
			"faces": {
				"north": {"uv": [9, 6, 4, 4], "texture": "#layer1", "tintindex": 1},
				"east": {"uv": [4, 10, 14, 12], "texture": "#layer1", "tintindex": 1},
				"south": {"uv": [11, 13, 16, 15], "texture": "#layer1", "tintindex": 1},
				"west": {"uv": [4, 4, 14, 6], "texture": "#layer1", "tintindex": 1},
				"up": {"uv": [4, 4, 9, 14], "texture": "#layer1", "tintindex": 1},
				"down": {"uv": [7, 14, 12, 4], "texture": "#layer1", "tintindex": 1}
			}
		},
		{
			"name": "l5",
			"from": [16.02513, -6.47487, 4],
			"to": [18.56066, -3.93934, 12],
			"rotation": {"angle": 45, "axis": "z", "origin": [18.5, -4, 7]},
			"faces": {
				"north": {"uv": [11, 2, 8, 5], "texture": "#layer1", "tintindex": 1},
				"east": {"uv": [10, 9, 2, 6], "texture": "#layer1", "tintindex": 1},
				"south": {"uv": [11, 2, 8, 5], "texture": "#layer1", "tintindex": 1},
				"west": {"uv": [10, 4, 2, 7], "rotation": 180, "texture": "#layer1", "tintindex": 1},
				"up": {"uv": [2, 9, 10, 6], "rotation": 90, "texture": "#layer1", "tintindex": 1},
				"down": {"uv": [10, 3, 2, 6.03553], "rotation": 90, "texture": "#layer1", "tintindex": 1}
			}
		},
		{
			"name": "l6",
			"from": [17.001, -3.7, 4],
			"to": [18.999, -0.7, 12],
			"rotation": {"angle": 0, "axis": "y", "origin": [18, 0.3, 8]},
			"faces": {
				"north": {"uv": [6.5, 4, 8.498, 7], "texture": "#layer1", "tintindex": 1},
				"east": {"uv": [7, 5, 4, 13], "rotation": 90, "texture": "#layer1", "tintindex": 1},
				"south": {"uv": [10.502, 4, 12.5, 7], "texture": "#layer1", "tintindex": 1},
				"west": {"uv": [10, 12, 13, 4], "rotation": 90, "texture": "#layer1", "tintindex": 1},
				"up": {"uv": [5, 4.998, 13, 3], "rotation": 90, "texture": "#layer1", "tintindex": 1},
				"down": {"uv": [14, 4.5, 6, 6.498], "rotation": 90, "texture": "#layer1", "tintindex": 1}
			}
		},
		{
			"name": "l7",
			"from": [17, -3.24761, 5.81418],
			"to": [19, 2.40925, 11.47103],
			"rotation": {"angle": 45, "axis": "x", "origin": [18, 0.2161, 7.98232]},
			"faces": {
				"north": {"uv": [6.5, 10, 8.5, 4], "texture": "#layer1", "tintindex": 1},
				"east": {"uv": [10, 9, 6, 5], "texture": "#layer1", "tintindex": 1},
				"south": {"uv": [12, 1.5, 11, 4.32843], "texture": "#layer1", "tintindex": 1},
				"west": {"uv": [11, 10, 7, 6], "texture": "#layer1", "tintindex": 1},
				"up": {"uv": [8.5, 10, 10.5, 4], "texture": "#layer1", "tintindex": 1},
				"down": {"uv": [14, 2.5, 13, 5.32843], "texture": "#layer1", "tintindex": 1}
			}
		}
	],
	"gui_light": "front",
	"display": {
		"thirdperson_righthand": {
			"translation": [0, -2, 0],
			"scale": [0.5, 0.5, 0.5]
		},
		"thirdperson_lefthand": {
			"translation": [0, -2, 0],
			"scale": [0.5, 0.5, 0.5]
		},
		"firstperson_righthand": {
			"translation": [0, -2, 0],
			"scale": [0.5, 0.5, 0.5]
		},
		"firstperson_lefthand": {
			"translation": [0, -2, 0],
			"scale": [0.5, 0.5, 0.5]
		},
		"ground": {
			"scale": [0.2, 0.2, 0.2]
		},
		"gui": {
			"rotation": [30, 225, 0],
			"translation": [0, 1.25, 0],
			"scale": [0.45, 0.45, 0.45]
		},
		"fixed": {
			"rotation": [-90, 0, 0],
			"translation": [0, 0, -25],
			"scale": [2, 2, 2]
		}
	},
	"groups": [
		{
			"name": "right_leg",
			"origin": [-2.5, -4, 7],
			"color": 0,
			"nbt": "{}",
			"children": [0, 1, 2, 3, 4, 5, 6]
		},
		{
			"name": "left_leg",
			"origin": [-2.5, -4, 7],
			"color": 0,
			"nbt": "{}",
			"children": [7, 8, 9, 10, 11, 12, 13]
		}
	]
}