{
	"credit": "Made by AnminMakura",
	"texture_size": [32, 32],
	"textures": {
		"0": "3d_item/firework_star/entity/dolphin",
		"particle": "3d_item/firework_star/entity/dolphin"
	},
	"elements": [
		{
			"name": "tail",
			"from": [6, 8, 10],
			"to": [10, 13, 21],
			"faces": {
				"north": {"uv": [0, 0, 0, 0], "texture": "#0"},
				"east": {"uv": [4, 10, 9.5, 12.5], "texture": "#0"},
				"south": {"uv": [9.5, 10, 11.5, 12.5], "texture": "#0"},
				"west": {"uv": [9.5, 10, 4, 12.5], "texture": "#0"},
				"up": {"uv": [2, 15, 0, 9.5], "texture": "#0"},
				"down": {"uv": [4, 9.5, 2, 15], "texture": "#0"}
			}
		},
		{
			"name": "back_fin",
			"from": [7.5, 15, 3],
			"to": [8.5, 19, 8],
			"faces": {
				"north": {"uv": [4.5, 6.5, 5, 8.5], "texture": "#0"},
				"east": {"uv": [2, 6.5, 4.5, 8.5], "texture": "#0"},
				"south": {"uv": [7.5, 3, 8, 5], "texture": "#0"},
				"west": {"uv": [4.5, 6.5, 2, 8.5], "texture": "#0"},
				"up": {"uv": [7.5, 5.5, 7, 3], "texture": "#0"},
				"down": {"uv": [0, 0, 0, 0], "texture": "#0"}
			}
		},
		{
			"name": "body",
			"from": [4, 8, -3],
			"to": [12, 15, 10],
			"faces": {
				"north": {"uv": [0, 0, 0, 0], "texture": "#0"},
				"east": {"uv": [9, 6.5, 15.5, 10], "texture": "#0"},
				"south": {"uv": [5, 6.5, 9, 10], "texture": "#0"},
				"west": {"uv": [15.5, 6.5, 9, 10], "texture": "#0"},
				"up": {"uv": [12, 6.5, 8, 0], "texture": "#0"},
				"down": {"uv": [16, 0, 12, 6.5], "texture": "#0"}
			}
		},
		{
			"name": "head",
			"from": [4, 8, -9],
			"to": [12, 15, -3],
			"faces": {
				"north": {"uv": [3, 3, 7, 6.5], "texture": "#0"},
				"east": {"uv": [3, 3, 0, 6.5], "texture": "#0"},
				"south": {"uv": [0, 0, 0, 0], "texture": "#0"},
				"west": {"uv": [0, 3, 3, 6.5], "texture": "#0"},
				"up": {"uv": [4, 3, 0, 0], "texture": "#0"},
				"down": {"uv": [8, 0, 4, 3], "texture": "#0"}
			}
		},
		{
			"name": "body",
			"from": [7, 8, -13],
			"to": [9, 10, -9],
			"faces": {
				"north": {"uv": [2, 8.5, 3, 9.5], "texture": "#0"},
				"east": {"uv": [0, 8.5, 2, 9.5], "texture": "#0"},
				"south": {"uv": [0, 0, 0, 0], "texture": "#0"},
				"west": {"uv": [3, 8.5, 5, 9.5], "texture": "#0"},
				"up": {"uv": [1, 8.5, 0, 6.5], "texture": "#0"},
				"down": {"uv": [2, 6.5, 1, 8.5], "texture": "#0"}
			}
		}
	],
	"groups": [
		{
			"name": "body_g",
			"origin": [0, 0, 0],
			"color": 0,
			"nbt": "{}",
			"children": [0, 1, 2, 3, 4]
		}
	]
}