{
	"credit": "Made by AnminMakura",
	"texture_size": [32, 32],
	"textures": {
		"1": "3d_item/firework_star/entity/dolphin_fin"
	},
	"elements": [
		{
			"name": "right_fin",
			"from": [7.5, 6, 1.5],
			"to": [8.5, 10, 8.5],
			"rotation": {"angle": 0, "axis": "y", "origin": [8, 8, 8]},
			"faces": {
				"north": {"uv": [7.5, 7, 8, 9], "texture": "#1"},
				"east": {"uv": [4, 7, 7.5, 9], "texture": "#1"},
				"south": {"uv": [3.5, 7, 4, 9], "texture": "#1"},
				"west": {"uv": [0, 7, 3.5, 9], "texture": "#1"},
				"up": {"uv": [4, 7, 3.5, 3.5], "rotation": 180, "texture": "#1"},
				"down": {"uv": [4.5, 3.5, 4, 7], "rotation": 180, "texture": "#1"}
			}
		}
	]
}