{
	"credit": "Made by AnminMakura",
	"texture_size": [32, 32],
	"textures": {
		"particle": "3d_item/firework_star/entity/large_vase_0",
		"layer1": "3d_item/firework_star/entity/large_vase_0"
	},
	"elements": [
		{
			"name": "v1",
			"from": [-2, 29.5, -2],
			"to": [18, 31.5, 18],
			"rotation": {"angle": 0, "axis": "y", "origin": [8, 0.5, 8]},
			"faces": {
				"north": {"uv": [1.5, 8, 6.5, 8.5], "texture": "#layer1", "tintindex": 1},
				"east": {"uv": [1.5, 8, 6.5, 8.5], "texture": "#layer1", "tintindex": 1},
				"south": {"uv": [1.5, 8, 6.5, 8.5], "texture": "#layer1", "tintindex": 1},
				"west": {"uv": [1.5, 8, 6.5, 8.5], "texture": "#layer1", "tintindex": 1},
				"up": {"uv": [9.5, 1.5, 14.5, 6.5], "texture": "#layer1", "tintindex": 1},
				"down": {"uv": [9.5, 9.5, 14.5, 14.5], "rotation": 270, "texture": "#layer1", "tintindex": 1}
			}
		},
		{
			"name": "v2",
			"from": [0, 23.5, 0],
			"to": [16, 29.5, 16],
			"rotation": {"angle": 0, "axis": "y", "origin": [8, 0.5, 8]},
			"faces": {
				"north": {"uv": [2, 8.5, 6, 10], "texture": "#layer1", "tintindex": 1},
				"east": {"uv": [2, 8.5, 6, 10], "texture": "#layer1", "tintindex": 1},
				"south": {"uv": [2, 8.5, 6, 10], "texture": "#layer1", "tintindex": 1},
				"west": {"uv": [2, 8.5, 6, 10], "texture": "#layer1", "tintindex": 1},
				"up": {"uv": [15.5, 15.5, 16, 16], "texture": "#layer1", "tintindex": 1},
				"down": {"uv": [15.5, 15.5, 16, 16], "texture": "#layer1", "tintindex": 1}
			}
		},
		{
			"name": "v3",
			"from": [-4, 21.5, -4],
			"to": [20, 23.5, 20],
			"rotation": {"angle": 0, "axis": "y", "origin": [8, 0.5, 8]},
			"faces": {
				"north": {"uv": [1, 10, 7, 10.5], "texture": "#layer1", "tintindex": 1},
				"east": {"uv": [1, 10, 7, 10.5], "texture": "#layer1", "tintindex": 1},
				"south": {"uv": [1, 10, 7, 10.5], "texture": "#layer1", "tintindex": 1},
				"west": {"uv": [1, 10, 7, 10.5], "texture": "#layer1", "tintindex": 1},
				"up": {"uv": [9, 1, 15, 7], "texture": "#layer1", "tintindex": 1},
				"down": {"uv": [9, 9, 15, 15], "texture": "#layer1", "tintindex": 1}
			}
		},
		{
			"name": "v4",
			"from": [-6, 13.5, -6],
			"to": [22, 21.5, 22],
			"rotation": {"angle": 0, "axis": "y", "origin": [8, 0.5, 8]},
			"faces": {
				"north": {"uv": [0.5, 10.5, 7.5, 12.5], "texture": "#layer1", "tintindex": 1},
				"east": {"uv": [0.5, 10.5, 7.5, 12.5], "texture": "#layer1", "tintindex": 1},
				"south": {"uv": [0.5, 10.5, 7.5, 12.5], "texture": "#layer1", "tintindex": 1},
				"west": {"uv": [0.5, 10.5, 7.5, 12.5], "texture": "#layer1", "tintindex": 1},
				"up": {"uv": [8.5, 0.5, 15.5, 7.5], "texture": "#layer1", "tintindex": 1},
				"down": {"uv": [8.5, 8.5, 15.5, 15.5], "rotation": 270, "texture": "#layer1", "tintindex": 1}
			}
		},
		{
			"name": "v5",
			"from": [-4, 9.5, -4],
			"to": [20, 13.5, 20],
			"rotation": {"angle": 0, "axis": "y", "origin": [8, 0.5, 8]},
			"faces": {
				"north": {"uv": [1, 12.5, 7, 13.5], "texture": "#layer1", "tintindex": 1},
				"east": {"uv": [1, 12.5, 7, 13.5], "texture": "#layer1", "tintindex": 1},
				"south": {"uv": [1, 12.5, 7, 13.5], "texture": "#layer1", "tintindex": 1},
				"west": {"uv": [1, 12.5, 7, 13.5], "texture": "#layer1", "tintindex": 1},
				"up": {"uv": [15.5, 15.5, 16, 16], "texture": "#layer1", "tintindex": 1},
				"down": {"uv": [9, 9, 15, 15], "rotation": 270, "texture": "#layer1", "tintindex": 1}
			}
		},
		{
			"name": "v6",
			"from": [-2, 7.5, -2],
			"to": [18, 9.5, 18],
			"rotation": {"angle": 0, "axis": "y", "origin": [8, 0.5, 8]},
			"faces": {
				"north": {"uv": [1.5, 13.5, 6.5, 14], "texture": "#layer1", "tintindex": 1},
				"east": {"uv": [1.5, 13.5, 6.5, 14], "texture": "#layer1", "tintindex": 1},
				"south": {"uv": [1.5, 13.5, 6.5, 14], "texture": "#layer1", "tintindex": 1},
				"west": {"uv": [1.5, 13.5, 6.5, 14], "texture": "#layer1", "tintindex": 1},
				"up": {"uv": [15.5, 15.5, 16, 16], "texture": "#layer1", "tintindex": 1},
				"down": {"uv": [9.5, 9.5, 14.5, 14.5], "rotation": 270, "texture": "#layer1", "tintindex": 1}
			}
		},
		{
			"name": "v7",
			"from": [0, 3.5, 0],
			"to": [16, 7.5, 16],
			"rotation": {"angle": 0, "axis": "y", "origin": [8, 0.5, 8]},
			"faces": {
				"north": {"uv": [2, 14, 6, 15], "texture": "#layer1", "tintindex": 1},
				"east": {"uv": [2, 14, 6, 15], "texture": "#layer1", "tintindex": 1},
				"south": {"uv": [2, 14, 6, 15], "texture": "#layer1", "tintindex": 1},
				"west": {"uv": [2, 14, 6, 15], "texture": "#layer1", "tintindex": 1},
				"up": {"uv": [15.5, 15.5, 16, 16], "texture": "#layer1", "tintindex": 1},
				"down": {"uv": [10, 10, 14, 14], "rotation": 270, "texture": "#layer1", "tintindex": 1}
			}
		},
		{
			"name": "v8",
			"from": [2, -0.5, 2],
			"to": [14, 3.5, 14],
			"rotation": {"angle": 0, "axis": "y", "origin": [8, 0.5, 8]},
			"faces": {
				"north": {"uv": [2.5, 15, 5.5, 16], "texture": "#layer1", "tintindex": 1},
				"east": {"uv": [2.5, 15, 5.5, 16], "texture": "#layer1", "tintindex": 1},
				"south": {"uv": [2.5, 15, 5.5, 16], "texture": "#layer1", "tintindex": 1},
				"west": {"uv": [2.5, 15, 5.5, 16], "texture": "#layer1", "tintindex": 1},
				"up": {"uv": [15.5, 15.5, 16, 16], "texture": "#layer1", "tintindex": 1},
				"down": {"uv": [10.5, 10.5, 13.5, 13.5], "rotation": 270, "texture": "#layer1", "tintindex": 1}
			}
		},
		{
			"name": "g1",
			"from": [-11.5, 17.5, 8],
			"to": [-3.5, 27.5, 8],
			"rotation": {"angle": 45, "axis": "y", "origin": [8, 21.5, 8]},
			"faces": {
				"north": {"uv": [6, 1, 8, 3.5], "texture": "#layer1", "tintindex": 1},
				"east": {"uv": [16, 15.5, 15.5, 16], "texture": "#layer1", "tintindex": 1},
				"south": {"uv": [0, 1, 2, 3.5], "texture": "#layer1", "tintindex": 1},
				"west": {"uv": [15.5, 15.5, 16, 16], "texture": "#layer1", "tintindex": 1},
				"up": {"uv": [15.5, 15.5, 16, 16], "rotation": 180, "texture": "#layer1", "tintindex": 1},
				"down": {"uv": [15.5, 15.5, 16, 16], "rotation": 180, "texture": "#layer1", "tintindex": 1}
			}
		},
		{
			"name": "g2",
			"from": [19.5, 17.5, 8],
			"to": [27.5, 27.5, 8],
			"rotation": {"angle": 45, "axis": "y", "origin": [8, 21.5, 8]},
			"faces": {
				"north": {"uv": [0, 1, 2, 3.5], "texture": "#layer1", "tintindex": 1},
				"east": {"uv": [15.5, 15.5, 16, 16], "texture": "#layer1", "tintindex": 1},
				"south": {"uv": [6, 1, 8, 3.5], "texture": "#layer1", "tintindex": 1},
				"west": {"uv": [16, 15.5, 15.5, 16], "texture": "#layer1", "tintindex": 1},
				"up": {"uv": [15.5, 15.5, 16, 16], "texture": "#layer1", "tintindex": 1},
				"down": {"uv": [15.5, 15.5, 16, 16], "texture": "#layer1", "tintindex": 1}
			}
		},
		{
			"name": "g3",
			"from": [19.5, 17.5, 8],
			"to": [27.5, 27.5, 8],
			"rotation": {"angle": -45, "axis": "y", "origin": [8, 21.5, 8]},
			"faces": {
				"north": {"uv": [0, 1, 2, 3.5], "texture": "#layer1", "tintindex": 1},
				"east": {"uv": [15.5, 15.5, 16, 16], "texture": "#layer1", "tintindex": 1},
				"south": {"uv": [6, 1, 8, 3.5], "texture": "#layer1", "tintindex": 1},
				"west": {"uv": [16, 15.5, 15.5, 16], "texture": "#layer1", "tintindex": 1},
				"up": {"uv": [15.5, 15.5, 16, 16], "texture": "#layer1", "tintindex": 1},
				"down": {"uv": [15.5, 15.5, 16, 16], "texture": "#layer1", "tintindex": 1}
			}
		},
		{
			"name": "g4",
			"from": [-11.5, 17.5, 8],
			"to": [-3.5, 27.5, 8],
			"rotation": {"angle": -45, "axis": "y", "origin": [8, 21.5, 8]},
			"faces": {
				"north": {"uv": [6, 1, 8, 3.5], "texture": "#layer1", "tintindex": 1},
				"east": {"uv": [16, 15.5, 15.5, 16], "texture": "#layer1", "tintindex": 1},
				"south": {"uv": [0, 1, 2, 3.5], "texture": "#layer1", "tintindex": 1},
				"west": {"uv": [15.5, 15.5, 16, 16], "texture": "#layer1", "tintindex": 1},
				"up": {"uv": [15.5, 15.5, 16, 16], "rotation": 180, "texture": "#layer1", "tintindex": 1},
				"down": {"uv": [15.5, 15.5, 16, 16], "rotation": 180, "texture": "#layer1", "tintindex": 1}
			}
		}
	],
	"gui_light": "front",
	"display": {
		"thirdperson_righthand": {
			"rotation": [75, 45, 0],
			"translation": [0, 2.25, 0],
			"scale": [4, 4, 4]
		},
		"thirdperson_lefthand": {
			"rotation": [75, 45, 0],
			"translation": [0, 2.5, 0],
			"scale": [0.755, 0.755, 0.755]
		},
		"firstperson_righthand": {
			"rotation": [0, 45, 0],
			"scale": [0.8, 0.8, 0.8]
		},
		"firstperson_lefthand": {
			"rotation": [0, 45, 0],
			"scale": [0.8, 0.8, 0.8]
		},
		"ground": {
			"translation": [0, 5.5, 0]
		},
		"gui": {
			"rotation": [30, 225, 0],
			"translation": [0, -0.75, 0],
			"scale": [0.8, 0.8, 0.8]
		},
		"head": {
			"translation": [0, 0.5, 0],
			"scale": [4, 4, 4]
		},
		"fixed": {
			"rotation": [-90, 0, 0],
			"translation": [0, 0, -23],
			"scale": [4, 4, 4]
		}
	},
	"groups": [
		{
			"name": "all",
			"origin": [8, 0.5, 8],
			"color": 0,
			"children": [
				{
					"name": "vase",
					"origin": [8, 0.5, 8],
					"color": 0,
					"children": [0, 1, 2, 3, 4, 5, 6, 7]
				},
				{
					"name": "grip",
					"origin": [8, 11, 8],
					"color": 0,
					"children": [8, 9, 10, 11]
				}
			]
		}
	]
}