{
	"credit": "Made by AnminMakura",
	"texture_size": [32, 32],
	"textures": {
		"particle": "3d_item/firework_star/entity/magic_vegetable_yasaosan",
		"layer1": "3d_item/firework_star/entity/magic_vegetable_yasaosan"
	},
	"elements": [
		{
			"name": "l01",
			"from": [8, 16, 4],
			"to": [8, 24, 12],
			"rotation": {"angle": -45, "axis": "y", "origin": [8, 0, 8]},
			"faces": {
				"north": {"uv": [0, 0, 0, 0], "texture": "#layer1", "tintindex": 1},
				"east": {"uv": [8, 0, 0, 8], "texture": "#layer1", "tintindex": 1},
				"south": {"uv": [0, 0, 0, 0], "texture": "#layer1", "tintindex": 1},
				"west": {"uv": [0, 0, 8, 8], "texture": "#layer1", "tintindex": 1},
				"up": {"uv": [0, 0, 0, 0], "rotation": 270, "texture": "#layer1", "tintindex": 1},
				"down": {"uv": [0, 0, 0, 0], "rotation": 90, "texture": "#layer1", "tintindex": 1}
			}
		},
		{
			"name": "l02",
			"from": [4, 16, 8],
			"to": [12, 24, 8],
			"rotation": {"angle": -45, "axis": "y", "origin": [8, 0, 8]},
			"faces": {
				"north": {"uv": [8, 0, 16, 8], "texture": "#layer1", "tintindex": 1},
				"east": {"uv": [0, 0, 0, 0], "texture": "#layer1", "tintindex": 1},
				"south": {"uv": [16, 0, 8, 8], "texture": "#layer1", "tintindex": 1},
				"west": {"uv": [0, 0, 0, 0], "texture": "#layer1", "tintindex": 1},
				"up": {"uv": [0, 0, 0, 0], "texture": "#layer1", "tintindex": 1},
				"down": {"uv": [0, 0, 0, 0], "texture": "#layer1", "tintindex": 1}
			}
		},
		{
			"name": "m01",
			"from": [5.5, 15.5, 5.5],
			"to": [10.5, 16, 10.5],
			"rotation": {"angle": 0, "axis": "y", "origin": [8, 0, 8]},
			"faces": {
				"north": {"uv": [1.5, 8, 6.5, 8.5], "texture": "#layer1"},
				"east": {"uv": [1.5, 8, 6.5, 8.5], "texture": "#layer1"},
				"south": {"uv": [1.5, 8, 6.5, 8.5], "texture": "#layer1"},
				"west": {"uv": [1.5, 8, 6.5, 8.5], "texture": "#layer1"},
				"up": {"uv": [9.5, 9.5, 14.5, 14.5], "texture": "#layer1"},
				"down": {"uv": [9.5, 9.5, 14.5, 14.5], "texture": "#layer1"}
			}
		},
		{
			"name": "m02",
			"from": [4.5, 14.5, 4.5],
			"to": [11.5, 15.5, 11.5],
			"rotation": {"angle": 0, "axis": "y", "origin": [8, 0, 8]},
			"faces": {
				"north": {"uv": [0.5, 8.5, 7.5, 9.5], "texture": "#layer1"},
				"east": {"uv": [0.5, 8.5, 7.5, 9.5], "texture": "#layer1"},
				"south": {"uv": [0.5, 8.5, 7.5, 9.5], "texture": "#layer1"},
				"west": {"uv": [0.5, 8.5, 7.5, 9.5], "texture": "#layer1"},
				"up": {"uv": [8.5, 8.5, 15.5, 15.5], "texture": "#layer1"},
				"down": {"uv": [8.5, 8.5, 15.5, 15.5], "texture": "#layer1"}
			}
		},
		{
			"name": "m03",
			"from": [4, 10.5, 4],
			"to": [12, 14.5, 12],
			"rotation": {"angle": 0, "axis": "y", "origin": [8, 0, 8]},
			"faces": {
				"north": {"uv": [0, 9.5, 8, 13.5], "texture": "#layer1"},
				"east": {"uv": [0, 9.5, 8, 13.5], "texture": "#layer1"},
				"south": {"uv": [0, 9.5, 8, 13.5], "texture": "#layer1"},
				"west": {"uv": [0, 9.5, 8, 13.5], "texture": "#layer1"},
				"up": {"uv": [8, 8, 16, 16], "texture": "#layer1"},
				"down": {"uv": [8, 8, 16, 16], "texture": "#layer1"}
			}
		},
		{
			"name": "m04",
			"from": [4.5, 8, 4.5],
			"to": [11.5, 10.5, 11.5],
			"rotation": {"angle": 0, "axis": "y", "origin": [8, 0, 8]},
			"faces": {
				"north": {"uv": [0.5, 12, 7.5, 14.5], "texture": "#layer1"},
				"east": {"uv": [0.5, 12, 7.5, 14.5], "texture": "#layer1"},
				"south": {"uv": [0.5, 12, 7.5, 14.5], "texture": "#layer1"},
				"west": {"uv": [0.5, 12, 7.5, 14.5], "texture": "#layer1"},
				"up": {"uv": [8.5, 8.5, 15.5, 15.5], "texture": "#layer1"},
				"down": {"uv": [8.5, 8.5, 15.5, 15.5], "texture": "#layer1"}
			}
		},
		{
			"name": "m05",
			"from": [5, 6, 5],
			"to": [11, 8, 11],
			"rotation": {"angle": 0, "axis": "y", "origin": [8, 0, 8]},
			"faces": {
				"north": {"uv": [1, 13, 7, 15], "texture": "#layer1"},
				"east": {"uv": [1, 13, 7, 15], "texture": "#layer1"},
				"south": {"uv": [1, 13, 7, 15], "texture": "#layer1"},
				"west": {"uv": [1, 13, 7, 15], "texture": "#layer1"},
				"up": {"uv": [9, 9, 15, 15], "texture": "#layer1"},
				"down": {"uv": [9, 9, 15, 15], "texture": "#layer1"}
			}
		},
		{
			"name": "m06",
			"from": [5.5, 4.5, 5.5],
			"to": [10.5, 6, 10.5],
			"rotation": {"angle": 0, "axis": "y", "origin": [8, 0, 8]},
			"faces": {
				"north": {"uv": [1.5, 11.5, 6.5, 13], "texture": "#layer1"},
				"east": {"uv": [1.5, 11.5, 6.5, 13], "texture": "#layer1"},
				"south": {"uv": [1.5, 11.5, 6.5, 13], "texture": "#layer1"},
				"west": {"uv": [1.5, 11.5, 6.5, 13], "texture": "#layer1"},
				"up": {"uv": [9.5, 9.5, 14.5, 14.5], "texture": "#layer1"},
				"down": {"uv": [9.5, 9.5, 14.5, 14.5], "texture": "#layer1"}
			}
		},
		{
			"name": "m07",
			"from": [6, 3, 6],
			"to": [10, 4.5, 10],
			"rotation": {"angle": 0, "axis": "y", "origin": [8, 0, 8]},
			"faces": {
				"north": {"uv": [2, 10.5, 6, 12], "texture": "#layer1"},
				"east": {"uv": [2, 10.5, 6, 12], "texture": "#layer1"},
				"south": {"uv": [2, 10.5, 6, 12], "texture": "#layer1"},
				"west": {"uv": [2, 10.5, 6, 12], "texture": "#layer1"},
				"up": {"uv": [10, 10, 14, 14], "texture": "#layer1"},
				"down": {"uv": [10, 10, 14, 14], "texture": "#layer1"}
			}
		},
		{
			"name": "m08",
			"from": [6.5, 1.5, 6.5],
			"to": [9.5, 3, 9.5],
			"rotation": {"angle": 0, "axis": "y", "origin": [8, 0, 8]},
			"faces": {
				"north": {"uv": [2.5, 9.5, 5.5, 11], "texture": "#layer1"},
				"east": {"uv": [2.5, 9.5, 5.5, 11], "texture": "#layer1"},
				"south": {"uv": [2.5, 9.5, 5.5, 11], "texture": "#layer1"},
				"west": {"uv": [2.5, 9.5, 5.5, 11], "texture": "#layer1"},
				"up": {"uv": [10.5, 10.5, 13.5, 13.5], "texture": "#layer1"},
				"down": {"uv": [10.5, 10.5, 13.5, 13.5], "texture": "#layer1"}
			}
		},
		{
			"name": "m09",
			"from": [7, 0.5, 7],
			"to": [9, 1.5, 9],
			"rotation": {"angle": 0, "axis": "y", "origin": [8, 0, 8]},
			"faces": {
				"north": {"uv": [3, 8.5, 5, 9.5], "texture": "#layer1"},
				"east": {"uv": [3, 8.5, 5, 9.5], "texture": "#layer1"},
				"south": {"uv": [3, 8.5, 5, 9.5], "texture": "#layer1"},
				"west": {"uv": [3, 8.5, 5, 9.5], "texture": "#layer1"},
				"up": {"uv": [11, 11, 13, 13], "texture": "#layer1"},
				"down": {"uv": [11, 11, 13, 13], "texture": "#layer1"}
			}
		},
		{
			"name": "m10",
			"from": [7.5, 0, 7.5],
			"to": [8.5, 0.5, 8.5],
			"rotation": {"angle": 0, "axis": "y", "origin": [8, 0, 8]},
			"faces": {
				"north": {"uv": [3.5, 8, 4.5, 8.5], "texture": "#layer1"},
				"east": {"uv": [3.5, 8, 4.5, 8.5], "texture": "#layer1"},
				"south": {"uv": [3.5, 8, 4.5, 8.5], "texture": "#layer1"},
				"west": {"uv": [3.5, 8, 4.5, 8.5], "texture": "#layer1"},
				"up": {"uv": [11.5, 11.5, 12.5, 12.5], "texture": "#layer1"},
				"down": {"uv": [11.5, 11.5, 12.5, 12.5], "texture": "#layer1"}
			}
		}
	],
	"gui_light": "front",
	"display": {
		"thirdperson_righthand": {
			"rotation": [60, 45, 0],
			"translation": [0, 2.5, 0],
			"scale": [1, 1.3, 1]
		},
		"thirdperson_lefthand": {
			"rotation": [60, 45, 0],
			"translation": [0, 2.5, 0],
			"scale": [1, 1.3, 1]
		},
		"firstperson_righthand": {
			"rotation": [0, -12, 0],
			"translation": [-0.5, 1, 0],
			"scale": [0.6, 0.9, 0.6]
		},
		"firstperson_lefthand": {
			"rotation": [0, -12, 0],
			"translation": [-0.5, 1, 0],
			"scale": [0.6, 0.9, 0.6]
		},
		"ground": {
			"translation": [0, 5.25, 0]
		},
		"gui": {
			"rotation": [56, -135, 70],
			"translation": [-1.5, -1.5, 0],
			"scale": [0.5, 0.7, 0.5]
		},
		"head": {
			"translation": [0, -12.5, 0],
			"scale": [4, 4, 4]
		},
		"fixed": {
			"rotation": [-90, 0, 0],
			"translation": [0, 0, -31],
			"scale": [4, 4, 4]
		}
	},
	"groups": [
		{
			"name": "leaves",
			"origin": [8, 8, 8],
			"color": 0,
			"nbt": "{}",
			"children": [0, 1]
		},
		{
			"name": "main",
			"origin": [0, 0, 0],
			"color": 0,
			"nbt": "{}",
			"children": [2, 3, 4, 5, 6, 7, 8, 9, 10, 11]
		}
	]
}