{
	"credit": "Made by AnminMakura",
	"texture_size": [32, 32],
	"textures": {
		"layer1": "3d_item/firework_star/entity/magic_fruit_cheriff",
		"particle": "3d_item/firework_star/entity/magic_fruit_cheriff"
	},
	"elements": [
		{
			"name": "m1",
			"from": [2, 15, 2],
			"to": [14, 16, 14],
			"rotation": {"angle": 0, "axis": "y", "origin": [8, 8, 8]},
			"faces": {
				"north": {"uv": [1, 8, 7, 8.5], "texture": "#layer1"},
				"east": {"uv": [1, 8, 7, 8.5], "texture": "#layer1"},
				"south": {"uv": [1, 8, 7, 8.5], "texture": "#layer1"},
				"west": {"uv": [1, 8, 7, 8.5], "texture": "#layer1"},
				"up": {"uv": [1, 1, 7, 7], "texture": "#layer1"},
				"down": {"uv": [9, 1, 15, 7], "texture": "#layer1"}
			}
		},
		{
			"name": "m2",
			"from": [1, 14, 1],
			"to": [15, 15, 15],
			"rotation": {"angle": 0, "axis": "y", "origin": [8, 8, 8]},
			"faces": {
				"north": {"uv": [0.5, 8.5, 7.5, 9], "texture": "#layer1"},
				"east": {"uv": [0.5, 8.5, 7.5, 9], "texture": "#layer1"},
				"south": {"uv": [0.5, 8.5, 7.5, 9], "texture": "#layer1"},
				"west": {"uv": [0.5, 8.5, 7.5, 9], "texture": "#layer1"},
				"up": {"uv": [0.5, 0.5, 7.5, 7.5], "texture": "#layer1"},
				"down": {"uv": [8.5, 0.5, 15.5, 7.5], "texture": "#layer1"}
			}
		},
		{
			"name": "m3",
			"from": [0, 6, 0],
			"to": [16, 14, 16],
			"rotation": {"angle": 0, "axis": "y", "origin": [8, 8, 8]},
			"faces": {
				"north": {"uv": [0, 9, 8, 13], "texture": "#layer1"},
				"east": {"uv": [0, 9, 8, 13], "texture": "#layer1"},
				"south": {"uv": [0, 9, 8, 13], "texture": "#layer1"},
				"west": {"uv": [0, 9, 8, 13], "texture": "#layer1"},
				"up": {"uv": [0, 0, 8, 8], "texture": "#layer1"},
				"down": {"uv": [8, 0, 16, 8], "texture": "#layer1"}
			}
		},
		{
			"name": "m4",
			"from": [1, 3, 1],
			"to": [15, 6, 15],
			"rotation": {"angle": 0, "axis": "y", "origin": [8, 8, 8]},
			"faces": {
				"north": {"uv": [0.5, 13, 7.5, 14.5], "texture": "#layer1"},
				"east": {"uv": [0.5, 13, 7.5, 14.5], "texture": "#layer1"},
				"south": {"uv": [0.5, 13, 7.5, 14.5], "texture": "#layer1"},
				"west": {"uv": [0.5, 13, 7.5, 14.5], "texture": "#layer1"},
				"up": {"uv": [0.5, 0.5, 7.5, 7.5], "texture": "#layer1"},
				"down": {"uv": [8.5, 0.5, 15.5, 7.5], "texture": "#layer1"}
			}
		},
		{
			"name": "m5",
			"from": [2, 1, 2],
			"to": [14, 3, 14],
			"rotation": {"angle": 0, "axis": "y", "origin": [8, 8, 8]},
			"faces": {
				"north": {"uv": [1, 14.5, 7, 15.5], "texture": "#layer1"},
				"east": {"uv": [1, 14.5, 7, 15.5], "texture": "#layer1"},
				"south": {"uv": [1, 14.5, 7, 15.5], "texture": "#layer1"},
				"west": {"uv": [1, 14.5, 7, 15.5], "texture": "#layer1"},
				"up": {"uv": [1, 1, 7, 7], "texture": "#layer1"},
				"down": {"uv": [9, 1, 15, 7], "texture": "#layer1"}
			}
		},
		{
			"name": "m6",
			"from": [4, 0, 4],
			"to": [12, 1, 12],
			"rotation": {"angle": 0, "axis": "y", "origin": [8, 8, 8]},
			"faces": {
				"north": {"uv": [2, 15.5, 6, 16], "texture": "#layer1"},
				"east": {"uv": [2, 15.5, 6, 16], "texture": "#layer1"},
				"south": {"uv": [2, 15.5, 6, 16], "texture": "#layer1"},
				"west": {"uv": [2, 15.5, 6, 16], "texture": "#layer1"},
				"up": {"uv": [2, 2, 6, 6], "texture": "#layer1"},
				"down": {"uv": [10, 2, 14, 6], "texture": "#layer1"}
			}
		},
		{
			"name": "l1",
			"from": [0, 16, 8],
			"to": [16, 32, 8],
			"rotation": {"angle": 45, "axis": "y", "origin": [8, 24, 8]},
			"faces": {
				"north": {"uv": [16, 8, 8, 16], "texture": "#layer1", "tintindex": 1},
				"east": {"uv": [16, 16, 16, 16], "texture": "#layer1", "tintindex": 1},
				"south": {"uv": [16, 8, 8, 16], "texture": "#layer1", "tintindex": 1},
				"west": {"uv": [16, 16, 16, 16], "texture": "#layer1", "tintindex": 1},
				"up": {"uv": [16, 16, 16, 16], "texture": "#layer1", "tintindex": 1},
				"down": {"uv": [16, 16, 16, 16], "texture": "#layer1", "tintindex": 1}
			}
		},
		{
			"name": "l2",
			"from": [8, 16, 0],
			"to": [8, 32, 16],
			"rotation": {"angle": 45, "axis": "y", "origin": [8, 24, 8]},
			"faces": {
				"north": {"uv": [16, 16, 16, 16], "texture": "#layer1", "tintindex": 1},
				"east": {"uv": [16, 8, 8, 16], "texture": "#layer1", "tintindex": 1},
				"south": {"uv": [16, 16, 16, 16], "texture": "#layer1", "tintindex": 1},
				"west": {"uv": [16, 8, 8, 16], "texture": "#layer1", "tintindex": 1},
				"up": {"uv": [16, 16, 16, 16], "rotation": 270, "texture": "#layer1", "tintindex": 1},
				"down": {"uv": [16, 16, 16, 16], "rotation": 90, "texture": "#layer1", "tintindex": 1}
			}
		}
	],
	"gui_light": "front",
	"display": {
		"thirdperson_righthand": {
			"rotation": [60, 45, 0],
			"translation": [0, 2.5, 0]
		},
		"thirdperson_lefthand": {
			"rotation": [60, 45, 0],
			"translation": [0, 2.5, 0]
		},
		"firstperson_righthand": {
			"rotation": [0, -12, 0],
			"translation": [-0.5, 1, 0],
			"scale": [0.6, 0.6, 0.6]
		},
		"firstperson_lefthand": {
			"rotation": [0, -12, 0],
			"translation": [-0.5, 1, 0],
			"scale": [0.6, 0.6, 0.6]
		},
		"ground": {
			"translation": [0, 5.25, 0]
		},
		"gui": {
			"rotation": [56, -135, 70],
			"translation": [-1.25, -2.25, 0],
			"scale": [0.5, 0.5, 0.5]
		},
		"head": {
			"translation": [0, -12.5, 0],
			"scale": [4, 4, 4]
		},
		"fixed": {
			"rotation": [-90, 0, 0],
			"translation": [0, 0, -31],
			"scale": [4, 4, 4]
		}
	},
	"groups": [
		{
			"name": "main",
			"origin": [0, 0, 0],
			"color": 0,
			"nbt": "{}",
			"children": [0, 1, 2, 3, 4, 5]
		},
		{
			"name": "leaf",
			"origin": [8, 24, 8],
			"color": 0,
			"nbt": "{}",
			"children": [6, 7]
		}
	]
}