{
	"credit": "Made by AnminMakura",
	"textures": {
		"2": "block/nether_portal",
		"3": "block/crying_obsidian",
		"4": "block/obsidian",
		"layer3": "3d_item/common/clear_dots",
		"layer4": "3d_item/firework_star/entity/monster_eye",
		"particle": "block/nether_portal"
	},
	"elements": [
		{
			"name": "e1",
			"from": [6, 8, 0.75],
			"to": [10, 12, 0.75],
			"rotation": {"angle": 0, "axis": "y", "origin": [8, 0, 8]},
			"faces": {
				"north": {"uv": [0, 0, 16, 16], "texture": "#layer4", "tintindex": 1},
				"east": {"uv": [0, 0, 16, 1], "texture": "#layer3"},
				"south": {"uv": [0, 0, 16, 16], "texture": "#layer4", "tintindex": 1},
				"west": {"uv": [0, 0, 16, 1], "texture": "#layer3"},
				"up": {"uv": [0, 0, 16, 16], "rotation": 90, "texture": "#layer3"},
				"down": {"uv": [0, 0, 16, 16], "rotation": 270, "texture": "#layer3"}
			}
		},
		{
			"name": "e2",
			"from": [10, 8, 0.75],
			"to": [14, 12, 0.75],
			"rotation": {"angle": 0, "axis": "y", "origin": [8, 0, 8]},
			"faces": {
				"north": {"uv": [0, 0, 16, 16], "texture": "#layer4", "tintindex": 1},
				"east": {"uv": [0, 0, 16, 1], "texture": "#layer3"},
				"south": {"uv": [0, 0, 16, 16], "texture": "#layer4", "tintindex": 1},
				"west": {"uv": [0, 0, 16, 1], "texture": "#layer3"},
				"up": {"uv": [0, 0, 16, 16], "rotation": 90, "texture": "#layer3"},
				"down": {"uv": [0, 0, 16, 16], "rotation": 270, "texture": "#layer3"}
			}
		},
		{
			"name": "e3",
			"from": [2, 8, 0.75],
			"to": [6, 12, 0.75],
			"rotation": {"angle": 0, "axis": "y", "origin": [8, 0, 8]},
			"faces": {
				"north": {"uv": [0, 0, 16, 16], "texture": "#layer4", "tintindex": 1},
				"east": {"uv": [0, 0, 16, 1], "texture": "#layer3"},
				"south": {"uv": [0, 0, 16, 16], "texture": "#layer4", "tintindex": 1},
				"west": {"uv": [0, 0, 16, 1], "texture": "#layer3"},
				"up": {"uv": [0, 0, 16, 16], "rotation": 90, "texture": "#layer3"},
				"down": {"uv": [0, 0, 16, 16], "rotation": 270, "texture": "#layer3"}
			}
		},
		{
			"name": "e2",
			"from": [6, 8, 3],
			"to": [10, 12, 3],
			"rotation": {"angle": 0, "axis": "y", "origin": [8, 0, 8]},
			"faces": {
				"north": {"uv": [0, 0, 16, 16], "texture": "#layer4", "tintindex": 1},
				"east": {"uv": [0, 0, 16, 1], "texture": "#layer3"},
				"south": {"uv": [0, 0, 16, 16], "texture": "#layer4", "tintindex": 1},
				"west": {"uv": [0, 0, 16, 1], "texture": "#layer3"},
				"up": {"uv": [0, 0, 16, 16], "rotation": 90, "texture": "#layer3"},
				"down": {"uv": [0, 0, 16, 16], "rotation": 270, "texture": "#layer3"}
			}
		},
		{
			"name": "e3",
			"from": [10, 8, 3],
			"to": [14, 12, 3],
			"rotation": {"angle": 0, "axis": "y", "origin": [8, 0, 8]},
			"faces": {
				"north": {"uv": [0, 0, 16, 16], "texture": "#layer4", "tintindex": 1},
				"east": {"uv": [0, 0, 16, 1], "texture": "#layer3"},
				"south": {"uv": [0, 0, 16, 16], "texture": "#layer4", "tintindex": 1},
				"west": {"uv": [0, 0, 16, 1], "texture": "#layer3"},
				"up": {"uv": [0, 0, 16, 16], "rotation": 90, "texture": "#layer3"},
				"down": {"uv": [0, 0, 16, 16], "rotation": 270, "texture": "#layer3"}
			}
		},
		{
			"name": "e4",
			"from": [2, 8, 3],
			"to": [6, 12, 3],
			"rotation": {"angle": 0, "axis": "y", "origin": [8, 0, 8]},
			"faces": {
				"north": {"uv": [0, 0, 16, 16], "texture": "#layer4", "tintindex": 1},
				"east": {"uv": [0, 0, 16, 1], "texture": "#layer3"},
				"south": {"uv": [0, 0, 16, 16], "texture": "#layer4", "tintindex": 1},
				"west": {"uv": [0, 0, 16, 1], "texture": "#layer3"},
				"up": {"uv": [0, 0, 16, 16], "rotation": 90, "texture": "#layer3"},
				"down": {"uv": [0, 0, 16, 16], "rotation": 270, "texture": "#layer3"}
			}
		},
		{
			"name": "e2",
			"from": [6, 4, 0.75],
			"to": [10, 8, 0.75],
			"rotation": {"angle": 0, "axis": "y", "origin": [8, 0, 8]},
			"faces": {
				"north": {"uv": [0, 0, 16, 16], "texture": "#layer4", "tintindex": 1},
				"east": {"uv": [0, 0, 16, 1], "texture": "#layer3"},
				"south": {"uv": [0, 0, 16, 16], "texture": "#layer4", "tintindex": 1},
				"west": {"uv": [0, 0, 16, 1], "texture": "#layer3"},
				"up": {"uv": [0, 0, 16, 16], "rotation": 90, "texture": "#layer3"},
				"down": {"uv": [0, 0, 16, 16], "rotation": 270, "texture": "#layer3"}
			}
		},
		{
			"name": "e3",
			"from": [10, 4, 0.75],
			"to": [14, 8, 0.75],
			"rotation": {"angle": 0, "axis": "y", "origin": [8, 0, 8]},
			"faces": {
				"north": {"uv": [0, 0, 16, 16], "texture": "#layer4", "tintindex": 1},
				"east": {"uv": [0, 0, 16, 1], "texture": "#layer3"},
				"south": {"uv": [0, 0, 16, 16], "texture": "#layer4", "tintindex": 1},
				"west": {"uv": [0, 0, 16, 1], "texture": "#layer3"},
				"up": {"uv": [0, 0, 16, 16], "rotation": 90, "texture": "#layer3"},
				"down": {"uv": [0, 0, 16, 16], "rotation": 270, "texture": "#layer3"}
			}
		},
		{
			"name": "e4",
			"from": [2, 4, 0.75],
			"to": [6, 8, 0.75],
			"rotation": {"angle": 0, "axis": "y", "origin": [8, 0, 8]},
			"faces": {
				"north": {"uv": [0, 0, 16, 16], "texture": "#layer4", "tintindex": 1},
				"east": {"uv": [0, 0, 16, 1], "texture": "#layer3"},
				"south": {"uv": [0, 0, 16, 16], "texture": "#layer4", "tintindex": 1},
				"west": {"uv": [0, 0, 16, 1], "texture": "#layer3"},
				"up": {"uv": [0, 0, 16, 16], "rotation": 90, "texture": "#layer3"},
				"down": {"uv": [0, 0, 16, 16], "rotation": 270, "texture": "#layer3"}
			}
		},
		{
			"name": "e3",
			"from": [6, 4, 3],
			"to": [10, 8, 3],
			"rotation": {"angle": 0, "axis": "y", "origin": [8, 0, 8]},
			"faces": {
				"north": {"uv": [0, 0, 16, 16], "texture": "#layer4", "tintindex": 1},
				"east": {"uv": [0, 0, 16, 1], "texture": "#layer3"},
				"south": {"uv": [0, 0, 16, 16], "texture": "#layer4", "tintindex": 1},
				"west": {"uv": [0, 0, 16, 1], "texture": "#layer3"},
				"up": {"uv": [0, 0, 16, 16], "rotation": 90, "texture": "#layer3"},
				"down": {"uv": [0, 0, 16, 16], "rotation": 270, "texture": "#layer3"}
			}
		},
		{
			"name": "e4",
			"from": [10, 4, 3],
			"to": [14, 8, 3],
			"rotation": {"angle": 0, "axis": "y", "origin": [8, 0, 8]},
			"faces": {
				"north": {"uv": [0, 0, 16, 16], "texture": "#layer4", "tintindex": 1},
				"east": {"uv": [0, 0, 16, 1], "texture": "#layer3"},
				"south": {"uv": [0, 0, 16, 16], "texture": "#layer4", "tintindex": 1},
				"west": {"uv": [0, 0, 16, 1], "texture": "#layer3"},
				"up": {"uv": [0, 0, 16, 16], "rotation": 90, "texture": "#layer3"},
				"down": {"uv": [0, 0, 16, 16], "rotation": 270, "texture": "#layer3"}
			}
		},
		{
			"name": "e5",
			"from": [2, 4, 3],
			"to": [6, 8, 3],
			"rotation": {"angle": 0, "axis": "y", "origin": [8, 0, 8]},
			"faces": {
				"north": {"uv": [0, 0, 16, 16], "texture": "#layer4", "tintindex": 1},
				"east": {"uv": [0, 0, 16, 1], "texture": "#layer3"},
				"south": {"uv": [0, 0, 16, 16], "texture": "#layer4", "tintindex": 1},
				"west": {"uv": [0, 0, 16, 1], "texture": "#layer3"},
				"up": {"uv": [0, 0, 16, 16], "rotation": 90, "texture": "#layer3"},
				"down": {"uv": [0, 0, 16, 16], "rotation": 270, "texture": "#layer3"}
			}
		},
		{
			"name": "e3",
			"from": [6, 12, 0.75],
			"to": [10, 16, 0.75],
			"rotation": {"angle": 0, "axis": "y", "origin": [8, 0, 8]},
			"faces": {
				"north": {"uv": [0, 0, 16, 16], "texture": "#layer4", "tintindex": 1},
				"east": {"uv": [0, 0, 16, 1], "texture": "#layer3"},
				"south": {"uv": [0, 0, 16, 16], "texture": "#layer4", "tintindex": 1},
				"west": {"uv": [0, 0, 16, 1], "texture": "#layer3"},
				"up": {"uv": [0, 0, 16, 16], "rotation": 90, "texture": "#layer3"},
				"down": {"uv": [0, 0, 16, 16], "rotation": 270, "texture": "#layer3"}
			}
		},
		{
			"name": "e4",
			"from": [10, 12, 0.75],
			"to": [14, 16, 0.75],
			"rotation": {"angle": 0, "axis": "y", "origin": [8, 0, 8]},
			"faces": {
				"north": {"uv": [0, 0, 16, 16], "texture": "#layer4", "tintindex": 1},
				"east": {"uv": [0, 0, 16, 1], "texture": "#layer3"},
				"south": {"uv": [0, 0, 16, 16], "texture": "#layer4", "tintindex": 1},
				"west": {"uv": [0, 0, 16, 1], "texture": "#layer3"},
				"up": {"uv": [0, 0, 16, 16], "rotation": 90, "texture": "#layer3"},
				"down": {"uv": [0, 0, 16, 16], "rotation": 270, "texture": "#layer3"}
			}
		},
		{
			"name": "e5",
			"from": [2, 12, 0.75],
			"to": [6, 16, 0.75],
			"rotation": {"angle": 0, "axis": "y", "origin": [8, 0, 8]},
			"faces": {
				"north": {"uv": [0, 0, 16, 16], "texture": "#layer4", "tintindex": 1},
				"east": {"uv": [0, 0, 16, 1], "texture": "#layer3"},
				"south": {"uv": [0, 0, 16, 16], "texture": "#layer4", "tintindex": 1},
				"west": {"uv": [0, 0, 16, 1], "texture": "#layer3"},
				"up": {"uv": [0, 0, 16, 16], "rotation": 90, "texture": "#layer3"},
				"down": {"uv": [0, 0, 16, 16], "rotation": 270, "texture": "#layer3"}
			}
		},
		{
			"name": "e4",
			"from": [6, 12, 3],
			"to": [10, 16, 3],
			"rotation": {"angle": 0, "axis": "y", "origin": [8, 0, 8]},
			"faces": {
				"north": {"uv": [0, 0, 16, 16], "texture": "#layer4", "tintindex": 1},
				"east": {"uv": [0, 0, 16, 1], "texture": "#layer3"},
				"south": {"uv": [0, 0, 16, 16], "texture": "#layer4", "tintindex": 1},
				"west": {"uv": [0, 0, 16, 1], "texture": "#layer3"},
				"up": {"uv": [0, 0, 16, 16], "rotation": 90, "texture": "#layer3"},
				"down": {"uv": [0, 0, 16, 16], "rotation": 270, "texture": "#layer3"}
			}
		},
		{
			"name": "e5",
			"from": [10, 12, 3],
			"to": [14, 16, 3],
			"rotation": {"angle": 0, "axis": "y", "origin": [8, 0, 8]},
			"faces": {
				"north": {"uv": [0, 0, 16, 16], "texture": "#layer4", "tintindex": 1},
				"east": {"uv": [0, 0, 16, 1], "texture": "#layer3"},
				"south": {"uv": [0, 0, 16, 16], "texture": "#layer4", "tintindex": 1},
				"west": {"uv": [0, 0, 16, 1], "texture": "#layer3"},
				"up": {"uv": [0, 0, 16, 16], "rotation": 90, "texture": "#layer3"},
				"down": {"uv": [0, 0, 16, 16], "rotation": 270, "texture": "#layer3"}
			}
		},
		{
			"name": "e6",
			"from": [2, 12, 3],
			"to": [6, 16, 3],
			"rotation": {"angle": 0, "axis": "y", "origin": [8, 0, 8]},
			"faces": {
				"north": {"uv": [0, 0, 16, 16], "texture": "#layer4", "tintindex": 1},
				"east": {"uv": [0, 0, 16, 1], "texture": "#layer3"},
				"south": {"uv": [0, 0, 16, 16], "texture": "#layer4", "tintindex": 1},
				"west": {"uv": [0, 0, 16, 1], "texture": "#layer3"},
				"up": {"uv": [0, 0, 16, 16], "rotation": 90, "texture": "#layer3"},
				"down": {"uv": [0, 0, 16, 16], "rotation": 270, "texture": "#layer3"}
			}
		},
		{
			"from": [10, 4, 1],
			"to": [14, 8, 3],
			"faces": {
				"north": {"uv": [0, 0, 16, 16], "texture": "#2"},
				"east": {"uv": [0, 0, 16, 16], "texture": "#2"},
				"south": {"uv": [0, 0, 16, 16], "texture": "#2"},
				"west": {"uv": [0, 0, 16, 16], "texture": "#2"},
				"up": {"uv": [0, 0, 16, 16], "texture": "#2"},
				"down": {"uv": [0, 0, 16, 16], "texture": "#2"}
			}
		},
		{
			"from": [6, 4, 1],
			"to": [10, 8, 3],
			"faces": {
				"north": {"uv": [0, 0, 16, 16], "texture": "#2"},
				"east": {"uv": [0, 0, 16, 16], "texture": "#2"},
				"south": {"uv": [0, 0, 16, 16], "texture": "#2"},
				"west": {"uv": [0, 0, 16, 16], "texture": "#2"},
				"up": {"uv": [0, 0, 16, 16], "texture": "#2"},
				"down": {"uv": [0, 0, 16, 16], "texture": "#2"}
			}
		},
		{
			"from": [2, 4, 1],
			"to": [6, 8, 3],
			"faces": {
				"north": {"uv": [0, 0, 16, 16], "texture": "#2"},
				"east": {"uv": [0, 0, 16, 16], "texture": "#2"},
				"south": {"uv": [0, 0, 16, 16], "texture": "#2"},
				"west": {"uv": [0, 0, 16, 16], "texture": "#2"},
				"up": {"uv": [0, 0, 16, 16], "texture": "#2"},
				"down": {"uv": [0, 0, 16, 16], "texture": "#2"}
			}
		},
		{
			"from": [10, 8, 1],
			"to": [14, 12, 3],
			"faces": {
				"north": {"uv": [0, 0, 16, 16], "texture": "#2"},
				"east": {"uv": [0, 0, 16, 16], "texture": "#2"},
				"south": {"uv": [0, 0, 16, 16], "texture": "#2"},
				"west": {"uv": [0, 0, 16, 16], "texture": "#2"},
				"up": {"uv": [0, 0, 16, 16], "texture": "#2"},
				"down": {"uv": [0, 0, 16, 16], "texture": "#2"}
			}
		},
		{
			"from": [6, 8, 1],
			"to": [10, 12, 3],
			"faces": {
				"north": {"uv": [0, 0, 16, 16], "texture": "#2"},
				"east": {"uv": [0, 0, 16, 16], "texture": "#2"},
				"south": {"uv": [0, 0, 16, 16], "texture": "#2"},
				"west": {"uv": [0, 0, 16, 16], "texture": "#2"},
				"up": {"uv": [0, 0, 16, 16], "texture": "#2"},
				"down": {"uv": [0, 0, 16, 16], "texture": "#2"}
			}
		},
		{
			"from": [2, 8, 1],
			"to": [6, 12, 3],
			"faces": {
				"north": {"uv": [0, 0, 16, 16], "texture": "#2"},
				"east": {"uv": [0, 0, 16, 16], "texture": "#2"},
				"south": {"uv": [0, 0, 16, 16], "texture": "#2"},
				"west": {"uv": [0, 0, 16, 16], "texture": "#2"},
				"up": {"uv": [0, 0, 16, 16], "texture": "#2"},
				"down": {"uv": [0, 0, 16, 16], "texture": "#2"}
			}
		},
		{
			"from": [10, 12, 1],
			"to": [14, 16, 3],
			"faces": {
				"north": {"uv": [0, 0, 16, 16], "texture": "#2"},
				"east": {"uv": [0, 0, 16, 16], "texture": "#2"},
				"south": {"uv": [0, 0, 16, 16], "texture": "#2"},
				"west": {"uv": [0, 0, 16, 16], "texture": "#2"},
				"up": {"uv": [0, 0, 16, 16], "texture": "#2"},
				"down": {"uv": [0, 0, 16, 16], "texture": "#2"}
			}
		},
		{
			"from": [6, 12, 1],
			"to": [10, 16, 3],
			"faces": {
				"north": {"uv": [0, 0, 16, 16], "texture": "#2"},
				"east": {"uv": [0, 0, 16, 16], "texture": "#2"},
				"south": {"uv": [0, 0, 16, 16], "texture": "#2"},
				"west": {"uv": [0, 0, 16, 16], "texture": "#2"},
				"up": {"uv": [0, 0, 16, 16], "texture": "#2"},
				"down": {"uv": [0, 0, 16, 16], "texture": "#2"}
			}
		},
		{
			"from": [2, 12, 1],
			"to": [6, 16, 3],
			"faces": {
				"north": {"uv": [0, 0, 16, 16], "texture": "#2"},
				"east": {"uv": [0, 0, 16, 16], "texture": "#2"},
				"south": {"uv": [0, 0, 16, 16], "texture": "#2"},
				"west": {"uv": [0, 0, 16, 16], "texture": "#2"},
				"up": {"uv": [0, 0, 16, 16], "texture": "#2"},
				"down": {"uv": [0, 0, 16, 16], "texture": "#2"}
			}
		},
		{
			"from": [2, 0, 0],
			"to": [6, 4, 4],
			"faces": {
				"north": {"uv": [0, 0, 16, 16], "texture": "#3"},
				"east": {"uv": [0, 0, 16, 16], "texture": "#3"},
				"south": {"uv": [0, 0, 16, 16], "texture": "#3"},
				"west": {"uv": [0, 0, 16, 16], "texture": "#3"},
				"up": {"uv": [0, 0, 16, 16], "texture": "#3"},
				"down": {"uv": [0, 0, 16, 16], "texture": "#3"}
			}
		},
		{
			"from": [6, 0, 0],
			"to": [10, 4, 4],
			"faces": {
				"north": {"uv": [0, 0, 16, 16], "texture": "#3"},
				"east": {"uv": [0, 0, 16, 16], "texture": "#3"},
				"south": {"uv": [0, 0, 16, 16], "texture": "#3"},
				"west": {"uv": [0, 0, 16, 16], "texture": "#3"},
				"up": {"uv": [0, 0, 16, 16], "texture": "#3"},
				"down": {"uv": [0, 0, 16, 16], "texture": "#3"}
			}
		},
		{
			"from": [10, 0, 0],
			"to": [14, 4, 4],
			"faces": {
				"north": {"uv": [0, 0, 16, 16], "texture": "#3"},
				"east": {"uv": [0, 0, 16, 16], "texture": "#3"},
				"south": {"uv": [0, 0, 16, 16], "texture": "#3"},
				"west": {"uv": [0, 0, 16, 16], "texture": "#3"},
				"up": {"uv": [0, 0, 16, 16], "texture": "#3"},
				"down": {"uv": [0, 0, 16, 16], "texture": "#3"}
			}
		},
		{
			"from": [14, 12, 0],
			"to": [18, 16, 4],
			"faces": {
				"north": {"uv": [0, 0, 16, 16], "texture": "#3"},
				"east": {"uv": [0, 0, 16, 16], "texture": "#3"},
				"south": {"uv": [0, 0, 16, 16], "texture": "#3"},
				"west": {"uv": [0, 0, 16, 16], "texture": "#3"},
				"up": {"uv": [0, 0, 16, 16], "texture": "#3"},
				"down": {"uv": [0, 0, 16, 16], "texture": "#3"}
			}
		},
		{
			"from": [14, 8, 0],
			"to": [18, 12, 4],
			"faces": {
				"north": {"uv": [0, 0, 16, 16], "texture": "#3"},
				"east": {"uv": [0, 0, 16, 16], "texture": "#3"},
				"south": {"uv": [0, 0, 16, 16], "texture": "#3"},
				"west": {"uv": [0, 0, 16, 16], "texture": "#3"},
				"up": {"uv": [0, 0, 16, 16], "texture": "#3"},
				"down": {"uv": [0, 0, 16, 16], "texture": "#3"}
			}
		},
		{
			"from": [14, 4, 0],
			"to": [18, 8, 4],
			"faces": {
				"north": {"uv": [0, 0, 16, 16], "texture": "#3"},
				"east": {"uv": [0, 0, 16, 16], "texture": "#3"},
				"south": {"uv": [0, 0, 16, 16], "texture": "#3"},
				"west": {"uv": [0, 0, 16, 16], "texture": "#3"},
				"up": {"uv": [0, 0, 16, 16], "texture": "#3"},
				"down": {"uv": [0, 0, 16, 16], "texture": "#3"}
			}
		},
		{
			"from": [-2, 4, 0],
			"to": [2, 8, 4],
			"faces": {
				"north": {"uv": [0, 0, 16, 16], "texture": "#3"},
				"east": {"uv": [0, 0, 16, 16], "texture": "#3"},
				"south": {"uv": [0, 0, 16, 16], "texture": "#3"},
				"west": {"uv": [0, 0, 16, 16], "texture": "#3"},
				"up": {"uv": [0, 0, 16, 16], "texture": "#3"},
				"down": {"uv": [0, 0, 16, 16], "texture": "#3"}
			}
		},
		{
			"from": [-2, 12, 0],
			"to": [2, 16, 4],
			"faces": {
				"north": {"uv": [0, 0, 16, 16], "texture": "#3"},
				"east": {"uv": [0, 0, 16, 16], "texture": "#3"},
				"south": {"uv": [0, 0, 16, 16], "texture": "#3"},
				"west": {"uv": [0, 0, 16, 16], "texture": "#3"},
				"up": {"uv": [0, 0, 16, 16], "texture": "#3"},
				"down": {"uv": [0, 0, 16, 16], "texture": "#3"}
			}
		},
		{
			"from": [-2, 8, 0],
			"to": [2, 12, 4],
			"faces": {
				"north": {"uv": [0, 0, 16, 16], "texture": "#3"},
				"east": {"uv": [0, 0, 16, 16], "texture": "#3"},
				"south": {"uv": [0, 0, 16, 16], "texture": "#3"},
				"west": {"uv": [0, 0, 16, 16], "texture": "#3"},
				"up": {"uv": [0, 0, 16, 16], "texture": "#3"},
				"down": {"uv": [0, 0, 16, 16], "texture": "#3"}
			}
		},
		{
			"from": [10, 16, 0],
			"to": [14, 20, 4],
			"faces": {
				"north": {"uv": [0, 0, 16, 16], "texture": "#3"},
				"east": {"uv": [0, 0, 16, 16], "texture": "#3"},
				"south": {"uv": [0, 0, 16, 16], "texture": "#3"},
				"west": {"uv": [0, 0, 16, 16], "texture": "#3"},
				"up": {"uv": [0, 0, 16, 16], "texture": "#3"},
				"down": {"uv": [0, 0, 16, 16], "texture": "#3"}
			}
		},
		{
			"from": [6, 16, 0],
			"to": [10, 20, 4],
			"faces": {
				"north": {"uv": [0, 0, 16, 16], "texture": "#3"},
				"east": {"uv": [0, 0, 16, 16], "texture": "#3"},
				"south": {"uv": [0, 0, 16, 16], "texture": "#3"},
				"west": {"uv": [0, 0, 16, 16], "texture": "#3"},
				"up": {"uv": [0, 0, 16, 16], "texture": "#3"},
				"down": {"uv": [0, 0, 16, 16], "texture": "#3"}
			}
		},
		{
			"from": [2, 16, 0],
			"to": [6, 20, 4],
			"faces": {
				"north": {"uv": [0, 0, 16, 16], "texture": "#3"},
				"east": {"uv": [0, 0, 16, 16], "texture": "#3"},
				"south": {"uv": [0, 0, 16, 16], "texture": "#3"},
				"west": {"uv": [0, 0, 16, 16], "texture": "#3"},
				"up": {"uv": [0, 0, 16, 16], "texture": "#3"},
				"down": {"uv": [0, 0, 16, 16], "texture": "#3"}
			}
		},
		{
			"from": [14, 0, 0],
			"to": [18, 4, 4],
			"faces": {
				"north": {"uv": [0, 0, 16, 16], "texture": "#4"},
				"east": {"uv": [0, 0, 16, 16], "texture": "#4"},
				"south": {"uv": [0, 0, 16, 16], "texture": "#4"},
				"west": {"uv": [0, 0, 16, 16], "texture": "#4"},
				"up": {"uv": [0, 0, 16, 16], "texture": "#4"},
				"down": {"uv": [0, 0, 16, 16], "texture": "#4"}
			}
		},
		{
			"from": [-2, 0, 0],
			"to": [2, 4, 4],
			"faces": {
				"north": {"uv": [0, 0, 16, 16], "texture": "#4"},
				"east": {"uv": [0, 0, 16, 16], "texture": "#4"},
				"south": {"uv": [0, 0, 16, 16], "texture": "#4"},
				"west": {"uv": [0, 0, 16, 16], "texture": "#4"},
				"up": {"uv": [0, 0, 16, 16], "texture": "#4"},
				"down": {"uv": [0, 0, 16, 16], "texture": "#4"}
			}
		},
		{
			"from": [-2, 16, 0],
			"to": [2, 20, 4],
			"faces": {
				"north": {"uv": [0, 0, 16, 16], "texture": "#4"},
				"east": {"uv": [0, 0, 16, 16], "texture": "#4"},
				"south": {"uv": [0, 0, 16, 16], "texture": "#4"},
				"west": {"uv": [0, 0, 16, 16], "texture": "#4"},
				"up": {"uv": [0, 0, 16, 16], "texture": "#4"},
				"down": {"uv": [0, 0, 16, 16], "texture": "#4"}
			}
		},
		{
			"from": [14, 16, 0],
			"to": [18, 20, 4],
			"faces": {
				"north": {"uv": [0, 0, 16, 16], "texture": "#4"},
				"east": {"uv": [0, 0, 16, 16], "texture": "#4"},
				"south": {"uv": [0, 0, 16, 16], "texture": "#4"},
				"west": {"uv": [0, 0, 16, 16], "texture": "#4"},
				"up": {"uv": [0, 0, 16, 16], "texture": "#4"},
				"down": {"uv": [0, 0, 16, 16], "texture": "#4"}
			}
		}
	],
	"gui_light": "front",
	"display": {
		"thirdperson_righthand": {
			"rotation": [75, 45, 0],
			"translation": [0, 2.5, 0],
			"scale": [0.375, 0.375, 0.375]
		},
		"thirdperson_lefthand": {
			"rotation": [75, 45, 0],
			"translation": [0, 2.5, 0],
			"scale": [0.375, 0.375, 0.375]
		},
		"firstperson_righthand": {
			"rotation": [0, 45, 0],
			"scale": [0.4, 0.4, 0.4]
		},
		"firstperson_lefthand": {
			"rotation": [0, 225, 0],
			"scale": [0.4, 0.4, 0.4]
		},
		"ground": {
			"translation": [0, 3, 0],
			"scale": [0.25, 0.25, 0.25]
		},
		"gui": {
			"rotation": [30, 225, 0],
			"translation": [0, 1.75, 0],
			"scale": [0.3, 0.3, 0.3]
		},
		"head": {
			"rotation": [0, 180, 0],
			"translation": [0, -17.8, 0],
			"scale": [3.19, 3.27, 3.19]
		},
		"fixed": {
			"rotation": [-90, 0, 0],
			"translation": [0, 0, -15],
			"scale": [2, 2, 2]
		}
	},
	"groups": [
		{
			"name": "all",
			"origin": [8, 0.5, 8],
			"color": 0,
			"nbt": "{}",
			"children": [
				{
					"name": "eye",
					"origin": [8, 0.5, 8],
					"color": 0,
					"nbt": "{}",
					"children": [
						{
							"name": "eye2",
							"origin": [8, 0.5, 8],
							"color": 0,
							"nbt": "{}",
							"children": [0, 1, 2, 3, 4, 5]
						},
						{
							"name": "eye2",
							"origin": [8, 0.5, 8],
							"color": 0,
							"nbt": "{}",
							"children": [6, 7, 8, 9, 10, 11]
						},
						{
							"name": "eye2",
							"origin": [8, 0.5, 8],
							"color": 0,
							"nbt": "{}",
							"children": [12, 13, 14, 15, 16, 17]
						},
						{
							"name": "eye3",
							"origin": [8, 0.5, 8],
							"color": 0,
							"nbt": "{}",
							"children": []
						}
					]
				}
			]
		},
		18,
		19,
		20,
		21,
		22,
		23,
		24,
		25,
		26,
		27,
		28,
		29,
		30,
		31,
		32,
		33,
		34,
		35,
		36,
		37,
		38,
		39,
		40,
		41,
		42
	]
}