{
	"credit": "Made by AnminMakura",
	"texture_size": [32, 32],
	"textures": {
		"particle": "3d_item/firework_star/entity/thorn_trap",
		"layer1": "3d_item/firework_star/entity/thorn_trap",
		"layer2": "3d_item/firework_star/entity/trap_hole"
	},
	"elements": [
		{
			"name": "trap_hole",
			"from": [6, 0, 6],
			"to": [10, 0, 10],
			"rotation": {"angle": 0, "axis": "y", "origin": [8, 0, 8]},
			"faces": {
				"north": {"uv": [16, 16, 16, 16], "texture": "#layer2", "tintindex": 1},
				"east": {"uv": [16, 16, 16, 16], "texture": "#layer2", "tintindex": 1},
				"south": {"uv": [16, 16, 16, 16], "texture": "#layer2", "tintindex": 1},
				"west": {"uv": [16, 16, 16, 16], "texture": "#layer2", "tintindex": 1},
				"up": {"uv": [0, 0, 8, 8], "texture": "#layer2", "tintindex": 1},
				"down": {"uv": [0, 0, 8, 8], "texture": "#layer2", "tintindex": 1}
			}
		},
		{
			"name": "t1",
			"from": [8, 0, 4],
			"to": [8, 6, 12],
			"rotation": {"angle": 45, "axis": "y", "origin": [8, 0, 8]},
			"faces": {
				"north": {"uv": [16, 16, 16, 6], "texture": "#layer1", "tintindex": 1},
				"east": {"uv": [0, 0, 8, 6], "texture": "#layer1", "tintindex": 1},
				"south": {"uv": [16, 16, 16, 6], "texture": "#layer1", "tintindex": 1},
				"west": {"uv": [0, 0, 8, 6], "texture": "#layer1", "tintindex": 1},
				"up": {"uv": [16, 16, 16, 16], "rotation": 90, "texture": "#layer1", "tintindex": 1},
				"down": {"uv": [16, 16, 16, 16], "rotation": 270, "texture": "#layer1", "tintindex": 1}
			}
		},
		{
			"name": "t2",
			"from": [4, 0, 8],
			"to": [12, 6, 8],
			"rotation": {"angle": 45, "axis": "y", "origin": [8, 0, 8]},
			"faces": {
				"north": {"uv": [0, 0, 8, 6], "texture": "#layer1", "tintindex": 1},
				"east": {"uv": [16, 16, 16, 6], "texture": "#layer1", "tintindex": 1},
				"south": {"uv": [0, 0, 8, 6], "texture": "#layer1", "tintindex": 1},
				"west": {"uv": [16, 16, 16, 6], "texture": "#layer1", "tintindex": 1},
				"up": {"uv": [16, 16, 16, 16], "rotation": 180, "texture": "#layer1", "tintindex": 1},
				"down": {"uv": [16, 16, 16, 16], "rotation": 180, "texture": "#layer1", "tintindex": 1}
			}
		}
	],
	"gui_light": "front",
	"display": {
		"thirdperson_righthand": {
			"translation": [0, 3, 1],
			"scale": [0.55, 0.55, 0.55]
		},
		"thirdperson_lefthand": {
			"translation": [0, 3, 1],
			"scale": [0.55, 0.55, 0.55]
		},
		"firstperson_righthand": {
			"rotation": [0, -90, 25],
			"translation": [1.13, 3.2, 1.13],
			"scale": [0.55, 0.55, 0.55]
		},
		"firstperson_lefthand": {
			"rotation": [0, -90, 25],
			"translation": [1.13, 3.2, 1.13],
			"scale": [0.55, 0.55, 0.55]
		},
		"ground": {
			"translation": [0, 2, 0],
			"scale": [0.5, 0.5, 0.5]
		},
		"gui": {
			"rotation": [30, 225, 0],
			"translation": [0, -3, 0],
			"scale": [0.5, 0.5, 0.5]
		},
		"head": {
			"translation": [0, -12.75, 0],
			"scale": [2.5, 2.5, 2.5]
		},
		"fixed": {
			"rotation": [-90, 0, 0],
			"translation": [0, 0, -15],
			"scale": [2, 2, 2]
		}
	},
	"groups": [
		0,
		{
			"name": "thorn_trap",
			"origin": [0, 0, 0],
			"color": 0,
			"nbt": "{}",
			"armAnimationEnabled": false,
			"children": [1, 2]
		}
	]
}