{
	"credit": "Made by AnminMakura",
	"texture_size": [32, 32],
	"textures": {
		"particle": "3d_item/firework_star/entity/trap_hole",
		"#layer1": "3d_item/firework_star/entity/trap_hole"
	},
	"elements": [
		{
			"name": "trap_hole",
			"from": [6, 0, 6],
			"to": [10, 0, 10],
			"rotation": {"angle": 0, "axis": "y", "origin": [8, 0, 8]},
			"faces": {
				"north": {"uv": [16, 16, 16, 16], "texture": "##layer1", "tintindex": 1},
				"east": {"uv": [16, 16, 16, 16], "texture": "##layer1", "tintindex": 1},
				"south": {"uv": [16, 16, 16, 16], "texture": "##layer1", "tintindex": 1},
				"west": {"uv": [16, 16, 16, 16], "texture": "##layer1", "tintindex": 1},
				"up": {"uv": [8, 0, 16, 8], "texture": "##layer1", "tintindex": 1},
				"down": {"uv": [8, 0, 16, 8], "texture": "##layer1", "tintindex": 1}
			}
		}
	],
	"gui_light": "front",
	"display": {
		"thirdperson_righthand": {
			"translation": [0, 3, 1],
			"scale": [0.55, 0.55, 0.55]
		},
		"thirdperson_lefthand": {
			"translation": [0, 3, 1],
			"scale": [0.55, 0.55, 0.55]
		},
		"firstperson_righthand": {
			"rotation": [0, -90, 25],
			"translation": [1.13, 3.2, 1.13],
			"scale": [0.55, 0.55, 0.55]
		},
		"firstperson_lefthand": {
			"rotation": [0, -90, 25],
			"translation": [1.13, 3.2, 1.13],
			"scale": [0.55, 0.55, 0.55]
		},
		"ground": {
			"translation": [0, 2, 0],
			"scale": [0.5, 0.5, 0.5]
		},
		"gui": {
			"rotation": [30, 225, 0],
			"translation": [0, -3, 0],
			"scale": [0.5, 0.5, 0.5]
		},
		"head": {
			"translation": [0, -12.75, 0],
			"scale": [2.5, 2.5, 2.5]
		},
		"fixed": {
			"rotation": [-90, 0, 0],
			"translation": [0, 0, -15],
			"scale": [2, 2, 2]
		}
	}
}