{
	"credit": "Made with Blockbench",
	"texture_size": [32, 32],
	"textures": {
		"1": "3d_item/stick/entity/zedra",
		"2": "3d_item/stick/entity/zedra_cloak",
		"particle": "3d_item/stick/entity/zedra"
	},
	"elements": [
		{
			"name": "Head",
			"from": [4, 22, 4],
			"to": [12, 30, 12],
			"faces": {
				"north": {"uv": [2, 2, 4, 4], "texture": "#1"},
				"east": {"uv": [0, 2, 2, 4], "texture": "#1"},
				"south": {"uv": [6, 2, 8, 4], "texture": "#1"},
				"west": {"uv": [4, 2, 6, 4], "texture": "#1"},
				"up": {"uv": [4, 2, 2, 0], "texture": "#1"},
				"down": {"uv": [6, 0, 4, 2], "texture": "#1"}
			}
		},
		{
			"name": "Hat Layer",
			"from": [3.5, 21.1, 3.5],
			"to": [12.5, 30.1, 12.5],
			"faces": {
				"north": {"uv": [10, 2, 12, 4], "texture": "#1"},
				"east": {"uv": [8, 2, 10, 4], "texture": "#1"},
				"south": {"uv": [14, 2, 16, 4], "texture": "#1"},
				"west": {"uv": [12, 2, 14, 4], "texture": "#1"},
				"up": {"uv": [12, 2, 10, 0], "texture": "#1"},
				"down": {"uv": [14, 0, 12, 2], "texture": "#1"}
			}
		},
		{
			"name": "Back Head1",
			"from": [10, 28, 10],
			"to": [12.4, 30.4, 12.4],
			"rotation": {"angle": 0, "axis": "y", "origin": [-6.55, 3.7, -0.55]},
			"faces": {
				"north": {"uv": [6, 0, 6.75, 0.75], "texture": "#1"},
				"east": {"uv": [6, 0, 6.75, 0.75], "texture": "#1"},
				"south": {"uv": [6, 0, 6.75, 0.75], "texture": "#1"},
				"west": {"uv": [6, 0, 6.75, 0.75], "texture": "#1"},
				"up": {"uv": [6, 0, 6.75, 0.75], "texture": "#1"},
				"down": {"uv": [6, 0, 6.75, 0.75], "texture": "#1"}
			}
		},
		{
			"name": "Back Head2",
			"from": [3.6, 28, 10],
			"to": [6, 30.4, 12.4],
			"rotation": {"angle": 0, "axis": "y", "origin": [-6.55, 3.7, -0.55]},
			"faces": {
				"north": {"uv": [6, 0, 6.75, 0.75], "texture": "#1"},
				"east": {"uv": [6, 0, 6.75, 0.75], "texture": "#1"},
				"south": {"uv": [6, 0, 6.75, 0.75], "texture": "#1"},
				"west": {"uv": [6, 0, 6.75, 0.75], "texture": "#1"},
				"up": {"uv": [6, 0, 6.75, 0.75], "texture": "#1"},
				"down": {"uv": [6, 0, 6.75, 0.75], "texture": "#1"}
			}
		},
		{
			"from": [12.23928, 28.05067, 10.71494],
			"to": [12.71448, 28.52587, 11.66534],
			"rotation": {"angle": 0, "axis": "y", "origin": [13.18968, 28.05067, 10.71494]},
			"faces": {
				"north": {"uv": [5, 14, 6, 15], "texture": "#1"},
				"east": {"uv": [5, 13, 7, 14], "texture": "#1"},
				"south": {"uv": [6, 15, 5, 14], "texture": "#1"},
				"west": {"uv": [5, 13, 7, 14], "texture": "#1"},
				"up": {"uv": [5, 13, 7, 14], "rotation": 90, "texture": "#1"},
				"down": {"uv": [5, 14, 7, 13], "rotation": 90, "texture": "#1"}
			}
		},
		{
			"from": [12.2868, 27.76555, 10.95254],
			"to": [12.66696, 28.05067, 11.42774],
			"rotation": {"angle": 0, "axis": "y", "origin": [13.18968, 28.05067, 10.71494]},
			"faces": {
				"north": {"uv": [5, 15, 6, 15.75], "texture": "#1"},
				"east": {"uv": [4.25, 13, 5, 14.25], "rotation": 90, "texture": "#1"},
				"south": {"uv": [5, 15, 6, 15.75], "texture": "#1"},
				"west": {"uv": [4.25, 13, 5, 14.25], "rotation": 90, "texture": "#1"},
				"up": {"uv": [4, 14.25, 5, 15.5], "texture": "#1"},
				"down": {"uv": [4, 14.25, 5, 15.5], "texture": "#1"}
			}
		},
		{
			"from": [12.24165, 27.37863, 9.48617],
			"to": [12.7121, 27.85383, 10.43657],
			"rotation": {"angle": 45, "axis": "x", "origin": [13.18968, 27.37863, 11.38697]},
			"faces": {
				"north": {"uv": [5, 14, 6, 15], "texture": "#1"},
				"east": {"uv": [5, 13, 7, 14], "texture": "#1"},
				"south": {"uv": [6, 15, 5, 14], "texture": "#1"},
				"west": {"uv": [5, 13, 7, 14], "texture": "#1"},
				"up": {"uv": [5, 13, 7, 14], "rotation": 90, "texture": "#1"},
				"down": {"uv": [5, 14, 7, 13], "rotation": 90, "texture": "#1"}
			}
		},
		{
			"from": [12.2868, 27.09351, 9.72377],
			"to": [12.66696, 27.37863, 10.19897],
			"rotation": {"angle": 45, "axis": "x", "origin": [13.18968, 27.37863, 11.38697]},
			"faces": {
				"north": {"uv": [5, 15, 6, 15.75], "texture": "#1"},
				"east": {"uv": [4.25, 13, 5, 14.25], "rotation": 90, "texture": "#1"},
				"south": {"uv": [5, 15, 6, 15.75], "texture": "#1"},
				"west": {"uv": [4.25, 13, 5, 14.25], "rotation": 90, "texture": "#1"},
				"up": {"uv": [4, 14.25, 5, 15.5], "texture": "#1"},
				"down": {"uv": [4, 14.25, 5, 15.5], "texture": "#1"}
			}
		},
		{
			"from": [12.23928, 28.7227, 10.0429],
			"to": [12.71448, 29.6731, 10.5181],
			"rotation": {"angle": 0, "axis": "x", "origin": [13.18968, 28.7227, 10.5181]},
			"faces": {
				"north": {"uv": [5, 13, 7, 14], "rotation": 90, "texture": "#1"},
				"east": {"uv": [5, 13, 7, 14], "rotation": 90, "texture": "#1"},
				"south": {"uv": [7, 14, 5, 13], "rotation": 90, "texture": "#1"},
				"west": {"uv": [5, 13, 7, 14], "rotation": 90, "texture": "#1"},
				"up": {"uv": [5, 14, 6, 15], "rotation": 90, "texture": "#1"},
				"down": {"uv": [5, 15, 6, 14], "rotation": 90, "texture": "#1"}
			}
		},
		{
			"from": [12.2868, 28.9603, 9.75778],
			"to": [12.66696, 29.4355, 10.0429],
			"rotation": {"angle": 0, "axis": "x", "origin": [13.18968, 28.7227, 10.5181]},
			"faces": {
				"north": {"uv": [5, 15.5, 4, 14.25], "texture": "#1"},
				"east": {"uv": [4.25, 14.25, 5, 13], "texture": "#1"},
				"south": {"uv": [4, 15.5, 5, 14.25], "texture": "#1"},
				"west": {"uv": [5, 14.25, 4.25, 13], "texture": "#1"},
				"up": {"uv": [5, 15.75, 6, 15], "texture": "#1"},
				"down": {"uv": [5, 15, 6, 15.75], "texture": "#1"}
			}
		},
		{
			"from": [12.24165, 29.33708, 10.37892],
			"to": [12.7121, 29.81228, 11.32932],
			"rotation": {"angle": -45, "axis": "x", "origin": [13.18968, 29.33708, 10.37892]},
			"faces": {
				"north": {"uv": [5, 14, 6, 15], "texture": "#1"},
				"east": {"uv": [5, 13, 7, 14], "texture": "#1"},
				"south": {"uv": [6, 15, 5, 14], "texture": "#1"},
				"west": {"uv": [5, 13, 7, 14], "texture": "#1"},
				"up": {"uv": [5, 13, 7, 14], "rotation": 90, "texture": "#1"},
				"down": {"uv": [5, 14, 7, 13], "rotation": 90, "texture": "#1"}
			}
		},
		{
			"from": [12.2868, 29.81228, 10.61652],
			"to": [12.66696, 30.0974, 11.09172],
			"rotation": {"angle": -45, "axis": "x", "origin": [13.18968, 29.33708, 10.37892]},
			"faces": {
				"north": {"uv": [6, 15.75, 5, 15], "texture": "#1"},
				"east": {"uv": [5, 13, 4.25, 14.25], "rotation": 90, "texture": "#1"},
				"south": {"uv": [5, 15.75, 6, 15], "texture": "#1"},
				"west": {"uv": [5, 14.25, 4.25, 13], "rotation": 90, "texture": "#1"},
				"up": {"uv": [4, 14.25, 5, 15.5], "texture": "#1"},
				"down": {"uv": [4, 14.25, 5, 15.5], "texture": "#1"}
			}
		},
		{
			"from": [12.23928, 29.86994, 10.71494],
			"to": [12.71448, 30.34514, 11.66534],
			"rotation": {"angle": 0, "axis": "y", "origin": [13.18968, 29.86994, 10.71494]},
			"faces": {
				"north": {"uv": [5, 14, 6, 15], "texture": "#1"},
				"east": {"uv": [5, 13, 7, 14], "texture": "#1"},
				"south": {"uv": [6, 15, 5, 14], "texture": "#1"},
				"west": {"uv": [5, 13, 7, 14], "texture": "#1"},
				"up": {"uv": [5, 13, 7, 14], "rotation": 90, "texture": "#1"},
				"down": {"uv": [5, 14, 7, 13], "rotation": 90, "texture": "#1"}
			}
		},
		{
			"from": [12.2868, 30.34514, 10.95254],
			"to": [12.66696, 30.63026, 11.42774],
			"rotation": {"angle": 0, "axis": "y", "origin": [13.18968, 29.86994, 10.71494]},
			"faces": {
				"north": {"uv": [6, 15.75, 5, 15], "texture": "#1"},
				"east": {"uv": [5, 13, 4.25, 14.25], "rotation": 90, "texture": "#1"},
				"south": {"uv": [5, 15.75, 6, 15], "texture": "#1"},
				"west": {"uv": [5, 14.25, 4.25, 13], "rotation": 90, "texture": "#1"},
				"up": {"uv": [4, 14.25, 5, 15.5], "texture": "#1"},
				"down": {"uv": [4, 14.25, 5, 15.5], "texture": "#1"}
			}
		},
		{
			"from": [12.23928, 28.7227, 11.86217],
			"to": [12.71448, 29.6731, 12.33737],
			"rotation": {"angle": 0, "axis": "x", "origin": [13.18968, 29.6731, 11.86217]},
			"faces": {
				"north": {"uv": [5, 13, 7, 14], "rotation": 90, "texture": "#1"},
				"east": {"uv": [5, 13, 7, 14], "rotation": 90, "texture": "#1"},
				"south": {"uv": [7, 14, 5, 13], "rotation": 90, "texture": "#1"},
				"west": {"uv": [5, 13, 7, 14], "rotation": 90, "texture": "#1"},
				"up": {"uv": [5, 14, 6, 15], "rotation": 90, "texture": "#1"},
				"down": {"uv": [5, 15, 6, 14], "rotation": 90, "texture": "#1"}
			}
		},
		{
			"from": [12.2868, 28.9603, 12.33737],
			"to": [12.66696, 29.4355, 12.62249],
			"rotation": {"angle": 0, "axis": "x", "origin": [13.18968, 29.6731, 11.86217]},
			"faces": {
				"north": {"uv": [5, 15.5, 4, 14.25], "texture": "#1"},
				"east": {"uv": [5, 14.25, 4.25, 13], "texture": "#1"},
				"south": {"uv": [4, 15.5, 5, 14.25], "texture": "#1"},
				"west": {"uv": [4.25, 13, 5, 14.25], "texture": "#1"},
				"up": {"uv": [5, 15, 6, 15.75], "texture": "#1"},
				"down": {"uv": [5, 15.75, 6, 15], "texture": "#1"}
			}
		},
		{
			"from": [12.24165, 30.00912, 11.32932],
			"to": [12.7121, 30.48432, 12.27972],
			"rotation": {"angle": 45, "axis": "x", "origin": [13.18968, 30.00912, 11.32932]},
			"faces": {
				"north": {"uv": [5, 14, 6, 15], "texture": "#1"},
				"east": {"uv": [5, 13, 7, 14], "texture": "#1"},
				"south": {"uv": [6, 15, 5, 14], "texture": "#1"},
				"west": {"uv": [5, 13, 7, 14], "texture": "#1"},
				"up": {"uv": [5, 13, 7, 14], "rotation": 90, "texture": "#1"},
				"down": {"uv": [5, 14, 7, 13], "rotation": 90, "texture": "#1"}
			}
		},
		{
			"from": [12.2868, 30.48432, 11.56692],
			"to": [12.66696, 30.76944, 12.04212],
			"rotation": {"angle": 45, "axis": "x", "origin": [13.18968, 30.00912, 11.32932]},
			"faces": {
				"north": {"uv": [6, 15.75, 5, 15], "texture": "#1"},
				"east": {"uv": [5, 13, 4.25, 14.25], "rotation": 90, "texture": "#1"},
				"south": {"uv": [5, 15.75, 6, 15], "texture": "#1"},
				"west": {"uv": [5, 14.25, 4.25, 13], "rotation": 90, "texture": "#1"},
				"up": {"uv": [4, 14.25, 5, 15.5], "texture": "#1"},
				"down": {"uv": [4, 14.25, 5, 15.5], "texture": "#1"}
			}
		},
		{
			"from": [12.24165, 28.05067, 11.66534],
			"to": [12.7121, 28.52587, 12.61574],
			"rotation": {"angle": -45, "axis": "x", "origin": [13.18968, 28.05067, 11.66534]},
			"faces": {
				"north": {"uv": [5, 14, 6, 15], "texture": "#1"},
				"east": {"uv": [5, 13, 7, 14], "texture": "#1"},
				"south": {"uv": [6, 15, 5, 14], "texture": "#1"},
				"west": {"uv": [5, 13, 7, 14], "texture": "#1"},
				"up": {"uv": [5, 13, 7, 14], "rotation": 90, "texture": "#1"},
				"down": {"uv": [5, 14, 7, 13], "rotation": 90, "texture": "#1"}
			}
		},
		{
			"from": [12.2868, 27.76555, 11.90294],
			"to": [12.66696, 28.05067, 12.37814],
			"rotation": {"angle": -45, "axis": "x", "origin": [13.18968, 28.05067, 11.66534]},
			"faces": {
				"north": {"uv": [5, 15, 6, 15.75], "texture": "#1"},
				"east": {"uv": [4.25, 13, 5, 14.25], "rotation": 90, "texture": "#1"},
				"south": {"uv": [5, 15, 6, 15.75], "texture": "#1"},
				"west": {"uv": [4.25, 13, 5, 14.25], "rotation": 90, "texture": "#1"},
				"up": {"uv": [4, 14.25, 5, 15.5], "texture": "#1"},
				"down": {"uv": [4, 14.25, 5, 15.5], "texture": "#1"}
			}
		},
		{
			"from": [3.23928, 28.05067, 10.71494],
			"to": [3.71448, 28.52587, 11.66534],
			"rotation": {"angle": 0, "axis": "y", "origin": [4.18968, 28.05067, 10.71494]},
			"faces": {
				"north": {"uv": [5, 14, 6, 15], "texture": "#1"},
				"east": {"uv": [5, 13, 7, 14], "texture": "#1"},
				"south": {"uv": [6, 15, 5, 14], "texture": "#1"},
				"west": {"uv": [5, 13, 7, 14], "texture": "#1"},
				"up": {"uv": [5, 13, 7, 14], "rotation": 90, "texture": "#1"},
				"down": {"uv": [5, 14, 7, 13], "rotation": 90, "texture": "#1"}
			}
		},
		{
			"from": [3.2868, 27.76555, 10.95254],
			"to": [3.66696, 28.05067, 11.42774],
			"rotation": {"angle": 0, "axis": "y", "origin": [4.18968, 28.05067, 10.71494]},
			"faces": {
				"north": {"uv": [5, 15, 6, 15.75], "texture": "#1"},
				"east": {"uv": [4.25, 13, 5, 14.25], "rotation": 90, "texture": "#1"},
				"south": {"uv": [5, 15, 6, 15.75], "texture": "#1"},
				"west": {"uv": [4.25, 13, 5, 14.25], "rotation": 90, "texture": "#1"},
				"up": {"uv": [4, 14.25, 5, 15.5], "texture": "#1"},
				"down": {"uv": [4, 14.25, 5, 15.5], "texture": "#1"}
			}
		},
		{
			"from": [3.24165, 27.37863, 9.48617],
			"to": [3.7121, 27.85383, 10.43657],
			"rotation": {"angle": 45, "axis": "x", "origin": [4.18968, 27.37863, 11.38697]},
			"faces": {
				"north": {"uv": [5, 14, 6, 15], "texture": "#1"},
				"east": {"uv": [5, 13, 7, 14], "texture": "#1"},
				"south": {"uv": [6, 15, 5, 14], "texture": "#1"},
				"west": {"uv": [5, 13, 7, 14], "texture": "#1"},
				"up": {"uv": [5, 13, 7, 14], "rotation": 90, "texture": "#1"},
				"down": {"uv": [5, 14, 7, 13], "rotation": 90, "texture": "#1"}
			}
		},
		{
			"from": [3.2868, 27.09351, 9.72377],
			"to": [3.66696, 27.37863, 10.19897],
			"rotation": {"angle": 45, "axis": "x", "origin": [4.18968, 27.37863, 11.38697]},
			"faces": {
				"north": {"uv": [5, 15, 6, 15.75], "texture": "#1"},
				"east": {"uv": [4.25, 13, 5, 14.25], "rotation": 90, "texture": "#1"},
				"south": {"uv": [5, 15, 6, 15.75], "texture": "#1"},
				"west": {"uv": [4.25, 13, 5, 14.25], "rotation": 90, "texture": "#1"},
				"up": {"uv": [4, 14.25, 5, 15.5], "texture": "#1"},
				"down": {"uv": [4, 14.25, 5, 15.5], "texture": "#1"}
			}
		},
		{
			"from": [3.23928, 28.7227, 10.0429],
			"to": [3.71448, 29.6731, 10.5181],
			"rotation": {"angle": 0, "axis": "x", "origin": [4.18968, 28.7227, 10.5181]},
			"faces": {
				"north": {"uv": [5, 13, 7, 14], "rotation": 90, "texture": "#1"},
				"east": {"uv": [5, 13, 7, 14], "rotation": 90, "texture": "#1"},
				"south": {"uv": [7, 14, 5, 13], "rotation": 90, "texture": "#1"},
				"west": {"uv": [5, 13, 7, 14], "rotation": 90, "texture": "#1"},
				"up": {"uv": [5, 14, 6, 15], "rotation": 90, "texture": "#1"},
				"down": {"uv": [5, 15, 6, 14], "rotation": 90, "texture": "#1"}
			}
		},
		{
			"from": [3.2868, 28.9603, 9.75778],
			"to": [3.66696, 29.4355, 10.0429],
			"rotation": {"angle": 0, "axis": "x", "origin": [4.18968, 28.7227, 10.5181]},
			"faces": {
				"north": {"uv": [5, 15.5, 4, 14.25], "texture": "#1"},
				"east": {"uv": [4.25, 14.25, 5, 13], "texture": "#1"},
				"south": {"uv": [4, 15.5, 5, 14.25], "texture": "#1"},
				"west": {"uv": [5, 14.25, 4.25, 13], "texture": "#1"},
				"up": {"uv": [5, 15.75, 6, 15], "texture": "#1"},
				"down": {"uv": [5, 15, 6, 15.75], "texture": "#1"}
			}
		},
		{
			"from": [3.24165, 29.33708, 10.37892],
			"to": [3.7121, 29.81228, 11.32932],
			"rotation": {"angle": -45, "axis": "x", "origin": [4.18968, 29.33708, 10.37892]},
			"faces": {
				"north": {"uv": [5, 14, 6, 15], "texture": "#1"},
				"east": {"uv": [5, 13, 7, 14], "texture": "#1"},
				"south": {"uv": [6, 15, 5, 14], "texture": "#1"},
				"west": {"uv": [5, 13, 7, 14], "texture": "#1"},
				"up": {"uv": [5, 13, 7, 14], "rotation": 90, "texture": "#1"},
				"down": {"uv": [5, 14, 7, 13], "rotation": 90, "texture": "#1"}
			}
		},
		{
			"from": [3.2868, 29.81228, 10.61652],
			"to": [3.66696, 30.0974, 11.09172],
			"rotation": {"angle": -45, "axis": "x", "origin": [4.18968, 29.33708, 10.37892]},
			"faces": {
				"north": {"uv": [6, 15.75, 5, 15], "texture": "#1"},
				"east": {"uv": [5, 13, 4.25, 14.25], "rotation": 90, "texture": "#1"},
				"south": {"uv": [5, 15.75, 6, 15], "texture": "#1"},
				"west": {"uv": [5, 14.25, 4.25, 13], "rotation": 90, "texture": "#1"},
				"up": {"uv": [4, 14.25, 5, 15.5], "texture": "#1"},
				"down": {"uv": [4, 14.25, 5, 15.5], "texture": "#1"}
			}
		},
		{
			"from": [3.23928, 29.86994, 10.71494],
			"to": [3.71448, 30.34514, 11.66534],
			"rotation": {"angle": 0, "axis": "y", "origin": [4.18968, 29.86994, 10.71494]},
			"faces": {
				"north": {"uv": [5, 14, 6, 15], "texture": "#1"},
				"east": {"uv": [5, 13, 7, 14], "texture": "#1"},
				"south": {"uv": [6, 15, 5, 14], "texture": "#1"},
				"west": {"uv": [5, 13, 7, 14], "texture": "#1"},
				"up": {"uv": [5, 13, 7, 14], "rotation": 90, "texture": "#1"},
				"down": {"uv": [5, 14, 7, 13], "rotation": 90, "texture": "#1"}
			}
		},
		{
			"from": [3.2868, 30.34514, 10.95254],
			"to": [3.66696, 30.63026, 11.42774],
			"rotation": {"angle": 0, "axis": "y", "origin": [4.18968, 29.86994, 10.71494]},
			"faces": {
				"north": {"uv": [6, 15.75, 5, 15], "texture": "#1"},
				"east": {"uv": [5, 13, 4.25, 14.25], "rotation": 90, "texture": "#1"},
				"south": {"uv": [5, 15.75, 6, 15], "texture": "#1"},
				"west": {"uv": [5, 14.25, 4.25, 13], "rotation": 90, "texture": "#1"},
				"up": {"uv": [4, 14.25, 5, 15.5], "texture": "#1"},
				"down": {"uv": [4, 14.25, 5, 15.5], "texture": "#1"}
			}
		},
		{
			"from": [3.23928, 28.7227, 11.86217],
			"to": [3.71448, 29.6731, 12.33737],
			"rotation": {"angle": 0, "axis": "x", "origin": [4.18968, 29.6731, 11.86217]},
			"faces": {
				"north": {"uv": [5, 13, 7, 14], "rotation": 90, "texture": "#1"},
				"east": {"uv": [5, 13, 7, 14], "rotation": 90, "texture": "#1"},
				"south": {"uv": [7, 14, 5, 13], "rotation": 90, "texture": "#1"},
				"west": {"uv": [5, 13, 7, 14], "rotation": 90, "texture": "#1"},
				"up": {"uv": [5, 14, 6, 15], "rotation": 90, "texture": "#1"},
				"down": {"uv": [5, 15, 6, 14], "rotation": 90, "texture": "#1"}
			}
		},
		{
			"from": [3.2868, 28.9603, 12.33737],
			"to": [3.66696, 29.4355, 12.62249],
			"rotation": {"angle": 0, "axis": "x", "origin": [4.18968, 29.6731, 11.86217]},
			"faces": {
				"north": {"uv": [5, 15.5, 4, 14.25], "texture": "#1"},
				"east": {"uv": [5, 14.25, 4.25, 13], "texture": "#1"},
				"south": {"uv": [4, 15.5, 5, 14.25], "texture": "#1"},
				"west": {"uv": [4.25, 13, 5, 14.25], "texture": "#1"},
				"up": {"uv": [5, 15, 6, 15.75], "texture": "#1"},
				"down": {"uv": [5, 15.75, 6, 15], "texture": "#1"}
			}
		},
		{
			"from": [3.24165, 30.00912, 11.32932],
			"to": [3.7121, 30.48432, 12.27972],
			"rotation": {"angle": 45, "axis": "x", "origin": [4.18968, 30.00912, 11.32932]},
			"faces": {
				"north": {"uv": [5, 14, 6, 15], "texture": "#1"},
				"east": {"uv": [5, 13, 7, 14], "texture": "#1"},
				"south": {"uv": [6, 15, 5, 14], "texture": "#1"},
				"west": {"uv": [5, 13, 7, 14], "texture": "#1"},
				"up": {"uv": [5, 13, 7, 14], "rotation": 90, "texture": "#1"},
				"down": {"uv": [5, 14, 7, 13], "rotation": 90, "texture": "#1"}
			}
		},
		{
			"from": [3.2868, 30.48432, 11.56692],
			"to": [3.66696, 30.76944, 12.04212],
			"rotation": {"angle": 45, "axis": "x", "origin": [4.18968, 30.00912, 11.32932]},
			"faces": {
				"north": {"uv": [6, 15.75, 5, 15], "texture": "#1"},
				"east": {"uv": [5, 13, 4.25, 14.25], "rotation": 90, "texture": "#1"},
				"south": {"uv": [5, 15.75, 6, 15], "texture": "#1"},
				"west": {"uv": [5, 14.25, 4.25, 13], "rotation": 90, "texture": "#1"},
				"up": {"uv": [4, 14.25, 5, 15.5], "texture": "#1"},
				"down": {"uv": [4, 14.25, 5, 15.5], "texture": "#1"}
			}
		},
		{
			"from": [3.24165, 28.05067, 11.66534],
			"to": [3.7121, 28.52587, 12.61574],
			"rotation": {"angle": -45, "axis": "x", "origin": [4.18968, 28.05067, 11.66534]},
			"faces": {
				"north": {"uv": [5, 14, 6, 15], "texture": "#1"},
				"east": {"uv": [5, 13, 7, 14], "texture": "#1"},
				"south": {"uv": [6, 15, 5, 14], "texture": "#1"},
				"west": {"uv": [5, 13, 7, 14], "texture": "#1"},
				"up": {"uv": [5, 13, 7, 14], "rotation": 90, "texture": "#1"},
				"down": {"uv": [5, 14, 7, 13], "rotation": 90, "texture": "#1"}
			}
		},
		{
			"from": [3.2868, 27.76555, 11.90294],
			"to": [3.66696, 28.05067, 12.37814],
			"rotation": {"angle": -45, "axis": "x", "origin": [4.18968, 28.05067, 11.66534]},
			"faces": {
				"north": {"uv": [5, 15, 6, 15.75], "texture": "#1"},
				"east": {"uv": [4.25, 13, 5, 14.25], "rotation": 90, "texture": "#1"},
				"south": {"uv": [5, 15, 6, 15.75], "texture": "#1"},
				"west": {"uv": [4.25, 13, 5, 14.25], "rotation": 90, "texture": "#1"},
				"up": {"uv": [4, 14.25, 5, 15.5], "texture": "#1"},
				"down": {"uv": [4, 14.25, 5, 15.5], "texture": "#1"}
			}
		},
		{
			"from": [3.5, 21.75, 21.5],
			"to": [3.5, 24.75, 27.5],
			"rotation": {"angle": -22.5, "axis": "x", "origin": [0, 0, 0]},
			"faces": {
				"north": {"uv": [0, 0, 0, 0], "texture": "#1"},
				"east": {"uv": [8.5, 0.75, 6, 2], "texture": "#1"},
				"south": {"uv": [0, 0, 0, 0], "texture": "#1"},
				"west": {"uv": [6, 0.75, 8.5, 2], "texture": "#1"},
				"up": {"uv": [0, 0, 0, 0], "texture": "#1"},
				"down": {"uv": [0, 0, 0, 0], "texture": "#1"}
			}
		},
		{
			"from": [12.4, 21.75, 21.5],
			"to": [12.4, 24.75, 27.5],
			"rotation": {"angle": -22.5, "axis": "x", "origin": [0, 0, 0]},
			"faces": {
				"north": {"uv": [0, 0, 0, 0], "texture": "#1"},
				"east": {"uv": [8.5, 0.75, 6, 2], "texture": "#1"},
				"south": {"uv": [0, 0, 0, 0], "texture": "#1"},
				"west": {"uv": [6, 0.75, 8.5, 2], "texture": "#1"},
				"up": {"uv": [0, 0, 0, 0], "texture": "#1"},
				"down": {"uv": [0, 0, 0, 0], "texture": "#1"}
			}
		},
		{
			"from": [12.4, 28.6, 10.6],
			"to": [13.6, 29.8, 11.8],
			"rotation": {"angle": 0, "axis": "y", "origin": [12.8, 29.2, 11.15]},
			"faces": {
				"north": {"uv": [1.75, 2, 2, 2.25], "texture": "#1"},
				"east": {"uv": [1.75, 2, 2, 2.25], "texture": "#1"},
				"south": {"uv": [1.75, 2, 2, 2.25], "texture": "#1"},
				"west": {"uv": [1.75, 2, 2, 2.25], "texture": "#1"},
				"up": {"uv": [2, 2.25, 1.75, 2], "texture": "#1"},
				"down": {"uv": [1.75, 2, 2, 2.25], "texture": "#1"}
			}
		},
		{
			"from": [18.74684, 14.29229, 10.6],
			"to": [19.94684, 18.29229, 11.8],
			"rotation": {"angle": 22.5, "axis": "z", "origin": [-12.15316, 8.09229, 10.6]},
			"faces": {
				"north": {"uv": [1.75, 2, 2, 2.25], "texture": "#1"},
				"east": {"uv": [1.75, 2, 2, 2.25], "texture": "#1"},
				"south": {"uv": [1.75, 2, 2, 2.25], "texture": "#1"},
				"west": {"uv": [1.75, 2, 2, 2.25], "texture": "#1"},
				"up": {"uv": [2, 2.25, 1.75, 2], "texture": "#1"},
				"down": {"uv": [1.75, 2, 2, 2.25], "texture": "#1"}
			}
		},
		{
			"from": [2.4, 28.6, 10.6],
			"to": [3.6, 29.8, 11.8],
			"rotation": {"angle": 0, "axis": "y", "origin": [3.2, 29.2, 11.15]},
			"faces": {
				"north": {"uv": [2, 2, 1.75, 2.25], "texture": "#1"},
				"east": {"uv": [2, 2, 1.75, 2.25], "texture": "#1"},
				"south": {"uv": [2, 2, 1.75, 2.25], "texture": "#1"},
				"west": {"uv": [2, 2, 1.75, 2.25], "texture": "#1"},
				"up": {"uv": [1.75, 2.25, 2, 2], "texture": "#1"},
				"down": {"uv": [2, 2, 1.75, 2.25], "texture": "#1"}
			}
		},
		{
			"from": [-3.94684, 14.29229, 10.6],
			"to": [-2.74684, 18.29229, 11.8],
			"rotation": {"angle": -22.5, "axis": "z", "origin": [28.15316, 8.09229, 10.6]},
			"faces": {
				"north": {"uv": [2, 2, 1.75, 2.25], "texture": "#1"},
				"east": {"uv": [2, 2, 1.75, 2.25], "texture": "#1"},
				"south": {"uv": [2, 2, 1.75, 2.25], "texture": "#1"},
				"west": {"uv": [2, 2, 1.75, 2.25], "texture": "#1"},
				"up": {"uv": [1.75, 2.25, 2, 2], "texture": "#1"},
				"down": {"uv": [2, 2, 1.75, 2.25], "texture": "#1"}
			}
		},
		{
			"from": [14.03074, 22.54598, 12.81956],
			"to": [15.03074, 26.54598, 13.81956],
			"rotation": {"angle": -22.5, "axis": "x", "origin": [-16.86926, 20.74598, 12.81956]},
			"faces": {
				"north": {"uv": [1.75, 2, 2, 2.25], "texture": "#1"},
				"east": {"uv": [1.75, 2, 2, 2.25], "texture": "#1"},
				"south": {"uv": [1.75, 2, 2, 2.25], "texture": "#1"},
				"west": {"uv": [1.75, 2, 2, 2.25], "texture": "#1"},
				"up": {"uv": [2, 2.25, 1.75, 2], "texture": "#1"},
				"down": {"uv": [1.75, 2, 2, 2.25], "texture": "#1"}
			}
		},
		{
			"from": [0.96926, 22.54598, 12.81956],
			"to": [1.96926, 26.54598, 13.81956],
			"rotation": {"angle": -22.5, "axis": "x", "origin": [32.86926, 20.74598, 12.81956]},
			"faces": {
				"north": {"uv": [2, 2, 1.75, 2.25], "texture": "#1"},
				"east": {"uv": [2, 2, 1.75, 2.25], "texture": "#1"},
				"south": {"uv": [2, 2, 1.75, 2.25], "texture": "#1"},
				"west": {"uv": [2, 2, 1.75, 2.25], "texture": "#1"},
				"up": {"uv": [1.75, 2.25, 2, 2], "texture": "#1"},
				"down": {"uv": [2, 2, 1.75, 2.25], "texture": "#1"}
			}
		},
		{
			"from": [14.13074, 19.10968, 10.01983],
			"to": [14.93074, 23.10968, 10.81983],
			"rotation": {"angle": 22.5, "axis": "x", "origin": [-16.66926, 17.50968, 11.01983]},
			"faces": {
				"north": {"uv": [1.75, 2, 2, 2.25], "texture": "#1"},
				"east": {"uv": [1.75, 2, 2, 2.25], "texture": "#1"},
				"south": {"uv": [1.75, 2, 2, 2.25], "texture": "#1"},
				"west": {"uv": [1.75, 2, 2, 2.25], "texture": "#1"},
				"up": {"uv": [2, 2.25, 1.75, 2], "texture": "#1"},
				"down": {"uv": [1.75, 2, 2, 2.25], "texture": "#1"}
			}
		},
		{
			"from": [1.06926, 19.10968, 10.01983],
			"to": [1.86926, 23.10968, 10.81983],
			"rotation": {"angle": 22.5, "axis": "x", "origin": [32.66926, 17.50968, 11.01983]},
			"faces": {
				"north": {"uv": [2, 2, 1.75, 2.25], "texture": "#1"},
				"east": {"uv": [2, 2, 1.75, 2.25], "texture": "#1"},
				"south": {"uv": [2, 2, 1.75, 2.25], "texture": "#1"},
				"west": {"uv": [2, 2, 1.75, 2.25], "texture": "#1"},
				"up": {"uv": [1.75, 2.25, 2, 2], "texture": "#1"},
				"down": {"uv": [2, 2, 1.75, 2.25], "texture": "#1"}
			}
		},
		{
			"from": [12, 21, 7.5],
			"to": [13, 24, 13.5],
			"faces": {
				"north": {"uv": [4.5, 0, 5, 1.5], "texture": "#2"},
				"east": {"uv": [2, 0, 5, 1.5], "texture": "#2"},
				"south": {"uv": [2, 0, 2.5, 1.5], "texture": "#2"},
				"west": {"uv": [5, 0, 2, 1.5], "texture": "#2"},
				"up": {"uv": [5, 0.5, 2, 0], "rotation": 90, "texture": "#2"},
				"down": {"uv": [2, 1.5, 5, 1], "rotation": 90, "texture": "#2"}
			}
		},
		{
			"from": [3, 21, 7.5],
			"to": [4, 24, 13.5],
			"faces": {
				"north": {"uv": [4.5, 0, 5, 1.5], "texture": "#2"},
				"east": {"uv": [2, 0, 5, 1.5], "texture": "#2"},
				"south": {"uv": [2, 0, 2.5, 1.5], "texture": "#2"},
				"west": {"uv": [5, 0, 2, 1.5], "texture": "#2"},
				"up": {"uv": [5, 0.5, 2, 0], "rotation": 90, "texture": "#2"},
				"down": {"uv": [2, 1.5, 5, 1], "rotation": 90, "texture": "#2"}
			}
		},
		{
			"from": [2.995, 21, 12.6],
			"to": [13.005, 24.005, 13.6],
			"faces": {
				"north": {"uv": [0, 1.5, 5, 3], "texture": "#2"},
				"east": {"uv": [2, 0, 2.5, 1.5], "texture": "#2"},
				"south": {"uv": [0, 1.5, 5, 3], "texture": "#2"},
				"west": {"uv": [2, 0, 2.5, 1.5], "texture": "#2"},
				"up": {"uv": [0, 2, 5, 1.5], "texture": "#2"},
				"down": {"uv": [5, 2.5, 0, 3], "texture": "#2"}
			}
		},
		{
			"from": [3.005, 20.995, 7.595],
			"to": [12.995, 21.995, 13.595],
			"faces": {
				"north": {"uv": [0, 0, 0, 0], "texture": "#2"},
				"east": {"uv": [0, 0, 0, 0], "texture": "#2"},
				"south": {"uv": [0, 0, 0, 0], "texture": "#2"},
				"west": {"uv": [0, 0, 0, 0], "texture": "#2"},
				"up": {"uv": [5, 6, 0, 3], "texture": "#2"},
				"down": {"uv": [5, 3, 0, 6], "texture": "#2"}
			}
		},
		{
			"from": [4, 19, 10],
			"to": [12, 21, 11],
			"faces": {
				"north": {"uv": [0, 6, 4, 7], "texture": "#2"},
				"east": {"uv": [3.5, 7, 4, 8], "texture": "#2"},
				"south": {"uv": [0, 7, 4, 8], "texture": "#2"},
				"west": {"uv": [0, 7, 0.5, 8], "texture": "#2"},
				"up": {"uv": [4, 8.5, 0, 8], "texture": "#2"},
				"down": {"uv": [4, 8, 0, 8.5], "texture": "#2"}
			}
		},
		{
			"from": [4, 1.75, 16.75],
			"to": [12, 13.75, 17.75],
			"rotation": {"angle": -22.5, "axis": "x", "origin": [0, 0, 0]},
			"faces": {
				"north": {"uv": [9, 0, 13, 6], "texture": "#2"},
				"east": {"uv": [8.5, 0, 9, 6], "texture": "#2"},
				"south": {"uv": [5, 0, 9, 6], "texture": "#2"},
				"west": {"uv": [5, 0, 5.5, 6], "texture": "#2"},
				"up": {"uv": [5, 0, 9, 0.5], "texture": "#2"},
				"down": {"uv": [5, 5.5, 9, 6], "texture": "#2"}
			}
		},
		{
			"from": [3.9, 2, 14],
			"to": [3.9, 8, 17],
			"rotation": {"angle": -22.5, "axis": "x", "origin": [0, 0, 0]},
			"faces": {
				"north": {"uv": [0, 0, 0, 0], "texture": "#2"},
				"east": {"uv": [14.5, 0, 13, 3], "texture": "#2"},
				"south": {"uv": [0, 0, 0, 0], "texture": "#2"},
				"west": {"uv": [13, 0, 14.5, 3], "texture": "#2"},
				"up": {"uv": [0, 0, 0, 0], "texture": "#2"},
				"down": {"uv": [0, 0, 0, 0], "texture": "#2"}
			}
		},
		{
			"from": [12.1, 2, 14],
			"to": [12.1, 8, 17],
			"rotation": {"angle": -22.5, "axis": "x", "origin": [0, 0, 0]},
			"faces": {
				"north": {"uv": [0, 0, 0, 0], "texture": "#2"},
				"east": {"uv": [14.5, 0, 13, 3], "texture": "#2"},
				"south": {"uv": [0, 0, 0, 0], "texture": "#2"},
				"west": {"uv": [13, 0, 14.5, 3], "texture": "#2"},
				"up": {"uv": [0, 0, 0, 0], "texture": "#2"},
				"down": {"uv": [0, 0, 0, 0], "texture": "#2"}
			}
		},
		{
			"name": "Cloak",
			"from": [3.9, 19, 5.9],
			"to": [12.1, 22.005, 10.1],
			"rotation": {"angle": 0, "axis": "y", "origin": [0, -2, 0]},
			"faces": {
				"north": {"uv": [4, 6, 8, 7.5], "texture": "#2"},
				"east": {"uv": [8, 6, 10, 7.5], "texture": "#2"},
				"south": {"uv": [4, 7.5, 8, 9], "texture": "#2"},
				"west": {"uv": [10, 6, 8, 7.5], "texture": "#2"},
				"up": {"uv": [14, 8, 10, 6], "texture": "#2"},
				"down": {"uv": [0, 0, 0, 0], "texture": "#2"}
			}
		},
		{
			"name": "Body",
			"from": [4, 10, 6],
			"to": [12, 22, 10],
			"rotation": {"angle": 0, "axis": "y", "origin": [0, -2, 0]},
			"faces": {
				"north": {"uv": [5, 5, 7, 8], "texture": "#1"},
				"east": {"uv": [5, 5, 4, 8], "texture": "#1"},
				"south": {"uv": [8, 5, 10, 8], "texture": "#1"},
				"west": {"uv": [7, 5, 8, 8], "texture": "#1"},
				"up": {"uv": [7, 5, 5, 4], "texture": "#1"},
				"down": {"uv": [9, 4, 7, 5], "texture": "#1"}
			}
		},
		{
			"name": "リボン",
			"from": [7, 13, 5.95],
			"to": [9, 19, 5.95],
			"rotation": {"angle": 0, "axis": "x", "origin": [0, -2, 0]},
			"faces": {
				"north": {"uv": [14.75, 6, 16, 9.75], "texture": "#1"},
				"east": {"uv": [0, 0, 0, 0], "rotation": 90, "texture": "#1"},
				"south": {"uv": [14.75, 6, 16, 9.75], "texture": "#1"},
				"west": {"uv": [0, 0, 0, 0], "rotation": 90, "texture": "#1"},
				"up": {"uv": [0, 0, 0, 0], "rotation": 90, "texture": "#1"},
				"down": {"uv": [0, 0, 0, 0], "rotation": 90, "texture": "#1"}
			}
		},
		{
			"name": "ボタン1",
			"from": [8.75, 18.85, 5.9],
			"to": [9.55, 19.65, 5.9],
			"rotation": {"angle": 0, "axis": "x", "origin": [0, -2, 0]},
			"faces": {
				"north": {"uv": [15.25, 9.5, 15.5, 9.75], "texture": "#1"},
				"east": {"uv": [0, 0, 0, 0], "rotation": 90, "texture": "#1"},
				"south": {"uv": [15.25, 9.5, 15.5, 9.75], "texture": "#1"},
				"west": {"uv": [0, 0, 0, 0], "rotation": 90, "texture": "#1"},
				"up": {"uv": [0, 0, 0, 0], "rotation": 90, "texture": "#1"},
				"down": {"uv": [0, 0, 0, 0], "rotation": 90, "texture": "#1"}
			}
		},
		{
			"name": "ボタン2",
			"from": [6.45, 18.85, 5.9],
			"to": [7.25, 19.65, 5.9],
			"rotation": {"angle": 0, "axis": "x", "origin": [0, -2, 0]},
			"faces": {
				"north": {"uv": [15.25, 9.5, 15.5, 9.75], "texture": "#1"},
				"east": {"uv": [0, 0, 0, 0], "rotation": 90, "texture": "#1"},
				"south": {"uv": [15.25, 9.5, 15.5, 9.75], "texture": "#1"},
				"west": {"uv": [0, 0, 0, 0], "rotation": 90, "texture": "#1"},
				"up": {"uv": [0, 0, 0, 0], "rotation": 90, "texture": "#1"},
				"down": {"uv": [0, 0, 0, 0], "rotation": 90, "texture": "#1"}
			}
		},
		{
			"name": "ボタン3",
			"from": [9.25, 9.75, 5.795],
			"to": [10.75, 11.25, 5.795],
			"rotation": {"angle": 0, "axis": "x", "origin": [0, -2, 0]},
			"faces": {
				"north": {"uv": [2.75, 4, 4, 5.25], "texture": "#1"},
				"east": {"uv": [0, 0, 0, 0], "rotation": 90, "texture": "#1"},
				"south": {"uv": [4, 5.25, 2.75, 4], "texture": "#1"},
				"west": {"uv": [0, 0, 0, 0], "rotation": 90, "texture": "#1"},
				"up": {"uv": [0, 0, 0, 0], "rotation": 90, "texture": "#1"},
				"down": {"uv": [0, 0, 0, 0], "rotation": 90, "texture": "#1"}
			}
		},
		{
			"name": "ボタン4",
			"from": [5.15, 9.75, 5.795],
			"to": [6.65, 11.25, 5.795],
			"rotation": {"angle": 0, "axis": "x", "origin": [0, -2, 0]},
			"faces": {
				"north": {"uv": [2.75, 4, 4, 5.25], "texture": "#1"},
				"east": {"uv": [0, 0, 0, 0], "rotation": 90, "texture": "#1"},
				"south": {"uv": [4, 5.25, 2.75, 4], "texture": "#1"},
				"west": {"uv": [0, 0, 0, 0], "rotation": 90, "texture": "#1"},
				"up": {"uv": [0, 0, 0, 0], "rotation": 90, "texture": "#1"},
				"down": {"uv": [0, 0, 0, 0], "rotation": 90, "texture": "#1"}
			}
		},
		{
			"name": "ボタン5",
			"from": [7, 21, 5.9],
			"to": [9, 22, 5.9],
			"rotation": {"angle": 0, "axis": "x", "origin": [0, -2, 0]},
			"faces": {
				"north": {"uv": [13.5, 7.75, 14, 8], "texture": "#1"},
				"east": {"uv": [0, 0, 0, 0], "rotation": 90, "texture": "#1"},
				"south": {"uv": [14, 7.75, 13.5, 8], "texture": "#1"},
				"west": {"uv": [0, 0, 0, 0], "rotation": 90, "texture": "#1"},
				"up": {"uv": [0, 0, 0, 0], "rotation": 90, "texture": "#1"},
				"down": {"uv": [0, 0, 0, 0], "rotation": 90, "texture": "#1"}
			}
		},
		{
			"name": "Body",
			"from": [3.95, 4, 6],
			"to": [3.95, 10, 10],
			"rotation": {"angle": 0, "axis": "z", "origin": [0, -2, 0]},
			"faces": {
				"north": {"uv": [0, 0, 0, 0], "rotation": 90, "texture": "#1"},
				"east": {"uv": [13.5, 4, 15, 5], "rotation": 90, "texture": "#1"},
				"south": {"uv": [0, 0, 0, 0], "rotation": 90, "texture": "#1"},
				"west": {"uv": [13.5, 5, 15, 4], "rotation": 90, "texture": "#1"},
				"up": {"uv": [0, 0, 0, 0], "rotation": 90, "texture": "#1"},
				"down": {"uv": [0, 0, 0, 0], "rotation": 90, "texture": "#1"}
			}
		},
		{
			"name": "Body",
			"from": [12.05, 4, 6],
			"to": [12.05, 10, 10],
			"rotation": {"angle": 0, "axis": "z", "origin": [0, -2, 0]},
			"faces": {
				"north": {"uv": [0, 0, 0, 0], "rotation": 90, "texture": "#1"},
				"east": {"uv": [13.5, 4, 15, 5], "rotation": 90, "texture": "#1"},
				"south": {"uv": [0, 0, 0, 0], "rotation": 90, "texture": "#1"},
				"west": {"uv": [13.5, 5, 15, 4], "rotation": 90, "texture": "#1"},
				"up": {"uv": [0, 0, 0, 0], "rotation": 90, "texture": "#1"},
				"down": {"uv": [0, 0, 0, 0], "rotation": 90, "texture": "#1"}
			}
		},
		{
			"name": "Body",
			"from": [4, 4, 9.95],
			"to": [12, 10, 10.35],
			"rotation": {"angle": 0, "axis": "z", "origin": [0, -2, 0]},
			"faces": {
				"north": {"uv": [14.5, 2, 16, 0], "rotation": 90, "texture": "#1"},
				"east": {"uv": [11, 6.5, 11, 6.5], "rotation": 90, "texture": "#1"},
				"south": {"uv": [14.5, 2, 16, 0], "rotation": 90, "texture": "#1"},
				"west": {"uv": [11, 6.5, 11, 6.5], "rotation": 90, "texture": "#1"},
				"up": {"uv": [11, 6.5, 11, 6.5], "rotation": 90, "texture": "#1"},
				"down": {"uv": [0, 0, 0, 0], "rotation": 90, "texture": "#1"}
			}
		},
		{
			"name": "Right Arm",
			"from": [12, 15, 6],
			"to": [15, 22, 10],
			"faces": {
				"north": {"uv": [11, 5, 11.75, 6.75], "texture": "#1"},
				"east": {"uv": [10, 5, 11, 6.75], "texture": "#1"},
				"south": {"uv": [12.75, 5, 13.5, 6.75], "texture": "#1"},
				"west": {"uv": [11.75, 5, 12.75, 6.75], "texture": "#1"},
				"up": {"uv": [11.75, 5, 11, 4], "texture": "#1"},
				"down": {"uv": [11, 4, 10.25, 5], "texture": "#1"}
			}
		},
		{
			"name": "Right Arm Layer",
			"from": [11.75, 14.75, 5.75],
			"to": [15.25, 22.25, 10.25],
			"faces": {
				"north": {"uv": [10.75, 9, 11.5, 10.75], "texture": "#1"},
				"east": {"uv": [9.75, 9, 10.75, 10.75], "texture": "#1"},
				"south": {"uv": [12.5, 9, 13.25, 10.75], "texture": "#1"},
				"west": {"uv": [11.5, 9, 12.5, 10.75], "texture": "#1"},
				"up": {"uv": [10.75, 9, 10, 8], "texture": "#1"},
				"down": {"uv": [13, 8, 12.25, 9], "texture": "#1"}
			}
		},
		{
			"name": "Right Arm",
			"from": [12.005, 10, 6.005],
			"to": [14.995, 17, 9.995],
			"faces": {
				"north": {"uv": [11.025, 6.25, 11.775, 8], "texture": "#1"},
				"east": {"uv": [10.025, 6.25, 11.025, 8], "texture": "#1"},
				"south": {"uv": [12.775, 6.25, 13.525, 8], "texture": "#1"},
				"west": {"uv": [11.775, 6.25, 12.775, 8], "texture": "#1"},
				"up": {"uv": [11, 5, 10.25, 4], "texture": "#1"},
				"down": {"uv": [12.5, 4, 11.75, 5], "texture": "#1"}
			}
		},
		{
			"name": "Right Arm Layer",
			"from": [11.75, 9.75, 5.75],
			"to": [15.25, 17.25, 10.25],
			"faces": {
				"north": {"uv": [10.75, 10.5, 11.5, 12.25], "texture": "#1"},
				"east": {"uv": [9.75, 10.5, 10.75, 12.25], "texture": "#1"},
				"south": {"uv": [12.5, 10.5, 13.25, 12.25], "texture": "#1"},
				"west": {"uv": [11.5, 10.5, 12.5, 12.25], "texture": "#1"},
				"up": {"uv": [11.5, 9, 10.75, 8], "texture": "#1"},
				"down": {"uv": [12.25, 8, 11.5, 9], "texture": "#1"}
			}
		},
		{
			"name": "Arm",
			"from": [1, 15, 6],
			"to": [4, 22, 10],
			"rotation": {"angle": 0, "axis": "y", "origin": [16, 0, 0]},
			"faces": {
				"north": {"uv": [11.75, 5, 11, 6.75], "texture": "#1"},
				"east": {"uv": [12.75, 5, 11.75, 6.75], "texture": "#1"},
				"south": {"uv": [13.5, 5, 12.75, 6.75], "texture": "#1"},
				"west": {"uv": [11, 5, 10, 6.75], "texture": "#1"},
				"up": {"uv": [11, 5, 11.75, 4], "texture": "#1"},
				"down": {"uv": [10.25, 4, 11, 5], "texture": "#1"}
			}
		},
		{
			"name": "Arm Layer",
			"from": [0.75, 14.75, 5.75],
			"to": [4.25, 22.25, 10.25],
			"rotation": {"angle": 0, "axis": "y", "origin": [16, 0, 0]},
			"faces": {
				"north": {"uv": [11.5, 9, 10.75, 10.75], "texture": "#1"},
				"east": {"uv": [12.5, 9, 11.5, 10.75], "texture": "#1"},
				"south": {"uv": [13.25, 9, 12.5, 10.75], "texture": "#1"},
				"west": {"uv": [10.75, 9, 9.75, 10.75], "texture": "#1"},
				"up": {"uv": [10, 9, 10.75, 8], "texture": "#1"},
				"down": {"uv": [12.25, 8, 13, 9], "texture": "#1"}
			}
		},
		{
			"name": "Arm",
			"from": [1.005, 10, 6.005],
			"to": [3.995, 17, 9.995],
			"rotation": {"angle": 0, "axis": "x", "origin": [16, 0, 0]},
			"faces": {
				"north": {"uv": [11.775, 6.25, 11.025, 8], "texture": "#1"},
				"east": {"uv": [12.775, 6.25, 11.775, 8], "texture": "#1"},
				"south": {"uv": [13.525, 6.25, 12.775, 8], "texture": "#1"},
				"west": {"uv": [11.025, 6.25, 10.025, 8], "texture": "#1"},
				"up": {"uv": [10.25, 5, 11, 4], "texture": "#1"},
				"down": {"uv": [11.75, 4, 12.5, 5], "texture": "#1"}
			}
		},
		{
			"name": "Arm Layer",
			"from": [0.75, 9.75, 5.75],
			"to": [4.25, 17.25, 10.25],
			"rotation": {"angle": 0, "axis": "x", "origin": [16, 0, 0]},
			"faces": {
				"north": {"uv": [11.5, 10.5, 10.75, 12.25], "texture": "#1"},
				"east": {"uv": [12.5, 10.5, 11.5, 12.25], "texture": "#1"},
				"south": {"uv": [13.25, 10.5, 12.5, 12.25], "texture": "#1"},
				"west": {"uv": [10.75, 10.5, 9.75, 12.25], "texture": "#1"},
				"up": {"uv": [10.75, 9, 11.5, 8], "texture": "#1"},
				"down": {"uv": [11.5, 8, 12.25, 9], "texture": "#1"}
			}
		},
		{
			"name": "Leg",
			"from": [8.005, 2.8, 6.005],
			"to": [11.995, 10.8, 9.995],
			"faces": {
				"north": {"uv": [0, 6.5, 2.5, 7.75], "rotation": 90, "texture": "#1"},
				"east": {"uv": [0, 5.25, 2.5, 6.5], "rotation": 90, "texture": "#1"},
				"south": {"uv": [0, 7.75, 2.5, 9], "rotation": 90, "texture": "#1"},
				"west": {"uv": [2.5, 5.25, 3.75, 7.75], "texture": "#1"},
				"up": {"uv": [0, 4, 1.25, 5.25], "texture": "#1"},
				"down": {"uv": [1.25, 4, 2.5, 5.25], "texture": "#1"}
			}
		},
		{
			"name": "Leg",
			"from": [7.8, 2.8, 5.8],
			"to": [12.2, 10.8, 10.2],
			"faces": {
				"north": {"uv": [0, 10.25, 2.5, 11.5], "rotation": 90, "texture": "#1"},
				"east": {"uv": [0, 9, 2.5, 10.25], "rotation": 90, "texture": "#1"},
				"south": {"uv": [0, 11.5, 2.5, 12.75], "rotation": 90, "texture": "#1"},
				"west": {"uv": [2.5, 8.75, 3.75, 11.25], "texture": "#1"},
				"up": {"uv": [0, 0, 0, 0], "texture": "#1"},
				"down": {"uv": [0, 0, 0, 0], "texture": "#1"}
			}
		},
		{
			"name": "Leg",
			"from": [8.01, -3.6, 6.01],
			"to": [11.99, 4.4, 9.99],
			"rotation": {"angle": 0, "axis": "y", "origin": [0, -2, 0]},
			"faces": {
				"north": {"uv": [4, 10.5, 6.5, 11.75], "rotation": 90, "texture": "#1"},
				"east": {"uv": [4, 9.25, 6.5, 10.5], "rotation": 90, "texture": "#1"},
				"south": {"uv": [4, 11.75, 6.5, 13], "rotation": 90, "texture": "#1"},
				"west": {"uv": [6.5, 9.25, 7.75, 11.75], "texture": "#1"},
				"up": {"uv": [4, 8, 5.25, 9.25], "texture": "#1"},
				"down": {"uv": [5.25, 8, 6.5, 9.25], "texture": "#1"}
			}
		},
		{
			"name": "Leg",
			"from": [7.795, -3.7, 5.795],
			"to": [12.185, 2.7, 10.185],
			"rotation": {"angle": 0, "axis": "y", "origin": [0, -2, 0]},
			"faces": {
				"north": {"uv": [0, 14, 2, 15.25], "rotation": 90, "texture": "#1"},
				"east": {"uv": [0, 12.75, 2, 14], "rotation": 90, "texture": "#1"},
				"south": {"uv": [2, 12.75, 4, 14], "rotation": 90, "texture": "#1"},
				"west": {"uv": [2, 14, 4, 15.25], "rotation": 90, "texture": "#1"},
				"up": {"uv": [0, 0, 0, 0], "texture": "#1"},
				"down": {"uv": [2.5, 11.5, 3.75, 12.75], "texture": "#1"}
			}
		},
		{
			"name": "Leg",
			"from": [4.005, 2.8, 6.005],
			"to": [7.995, 10.8, 9.995],
			"rotation": {"angle": 0, "axis": "y", "origin": [16, 0, 0]},
			"faces": {
				"north": {"uv": [0, 7.75, 2.5, 6.5], "rotation": 90, "texture": "#1"},
				"east": {"uv": [3.75, 5.25, 2.5, 7.75], "texture": "#1"},
				"south": {"uv": [0, 9, 2.5, 7.75], "rotation": 90, "texture": "#1"},
				"west": {"uv": [0, 6.5, 2.5, 5.25], "rotation": 90, "texture": "#1"},
				"up": {"uv": [1.25, 4, 0, 5.25], "texture": "#1"},
				"down": {"uv": [2.5, 4, 1.25, 5.25], "texture": "#1"}
			}
		},
		{
			"name": "Leg",
			"from": [3.8, 2.8, 5.8],
			"to": [8.2, 10.8, 10.2],
			"rotation": {"angle": 0, "axis": "y", "origin": [16, 0, 0]},
			"faces": {
				"north": {"uv": [0, 11.5, 2.5, 10.25], "rotation": 90, "texture": "#1"},
				"east": {"uv": [3.75, 8.75, 2.5, 11.25], "texture": "#1"},
				"south": {"uv": [0, 12.75, 2.5, 11.5], "rotation": 90, "texture": "#1"},
				"west": {"uv": [0, 10.25, 2.5, 9], "rotation": 90, "texture": "#1"},
				"up": {"uv": [0, 0, 0, 0], "texture": "#1"},
				"down": {"uv": [0, 0, 0, 0], "texture": "#1"}
			}
		},
		{
			"name": "Leg",
			"from": [4.01, -3.6, 6.01],
			"to": [7.99, 4.4, 9.99],
			"rotation": {"angle": 0, "axis": "y", "origin": [16, -2, 0]},
			"faces": {
				"north": {"uv": [4, 11.75, 6.5, 10.5], "rotation": 90, "texture": "#1"},
				"east": {"uv": [7.75, 9.25, 6.5, 11.75], "texture": "#1"},
				"south": {"uv": [4, 13, 6.5, 11.75], "rotation": 90, "texture": "#1"},
				"west": {"uv": [4, 10.5, 6.5, 9.25], "rotation": 90, "texture": "#1"},
				"up": {"uv": [5.25, 8, 4, 9.25], "texture": "#1"},
				"down": {"uv": [6.5, 8, 5.25, 9.25], "texture": "#1"}
			}
		},
		{
			"name": "Leg",
			"from": [3.815, -3.7, 5.795],
			"to": [8.205, 2.7, 10.185],
			"rotation": {"angle": 0, "axis": "y", "origin": [16, -2, 0]},
			"faces": {
				"north": {"uv": [0, 15.25, 2, 14], "rotation": 90, "texture": "#1"},
				"east": {"uv": [2, 15.25, 4, 14], "rotation": 90, "texture": "#1"},
				"south": {"uv": [2, 14, 4, 12.75], "rotation": 90, "texture": "#1"},
				"west": {"uv": [0, 14, 2, 12.75], "rotation": 90, "texture": "#1"},
				"up": {"uv": [0, 0, 0, 0], "texture": "#1"},
				"down": {"uv": [3.75, 11.5, 2.5, 12.75], "texture": "#1"}
			}
		}
	],
	"display": {
		"head": {
			"translation": [0, -27, 0],
			"scale": [1.6, 1.6, 1.6]
		}
	},
	"groups": [
		{
			"name": "Head",
			"origin": [0, 24, 0],
			"rotation": [6, -5, 0],
			"color": 0,
			"children": [
				0,
				1,
				2,
				3,
				{
					"name": "Gear",
					"origin": [8, 8, 8],
					"color": 0,
					"children": [4, 5, 6, 7, 8, 9, 10, 11, 12, 13, 14, 15, 16, 17, 18, 19]
				},
				{
					"name": "Gear",
					"origin": [8, 8, 8],
					"color": 0,
					"children": [20, 21, 22, 23, 24, 25, 26, 27, 28, 29, 30, 31, 32, 33, 34, 35]
				},
				{
					"name": "Option",
					"origin": [8, 8, 8],
					"color": 0,
					"children": [36, 37]
				}
			]
		},
		{
			"name": "Twin Talls 1",
			"origin": [8, 8, 8],
			"color": 0,
			"children": [38, 39, 40, 41]
		},
		{
			"name": "Twin Tails 2",
			"origin": [8, 8, 8],
			"color": 0,
			"children": [42, 43]
		},
		{
			"name": "Twin Tails 3",
			"origin": [8, 8, 8],
			"color": 0,
			"children": [44, 45]
		},
		{
			"name": "Cloak",
			"origin": [8, 8, 8],
			"color": 0,
			"children": [46, 47, 48, 49, 50]
		},
		{
			"name": "Cloak",
			"origin": [8, 8, 8],
			"color": 0,
			"children": [51, 52, 53]
		},
		{
			"name": "Body",
			"origin": [0, 24, 0],
			"color": 0,
			"children": [54, 55, 56, 57, 58, 59, 60, 61]
		},
		{
			"name": "Body Add",
			"origin": [8, 8, 8],
			"color": 0,
			"children": [62, 63, 64]
		},
		{
			"name": "RightArm Upper",
			"origin": [5, 22, 0],
			"rotation": [10, 0, 0],
			"color": 0,
			"children": [65, 66]
		},
		{
			"name": "RightArm Downer",
			"origin": [5, 22, 0],
			"rotation": [10, 0, 0],
			"color": 0,
			"children": [67, 68]
		},
		{
			"name": "LeftArm Upper",
			"origin": [5, 22, 0],
			"rotation": [10, 0, 0],
			"color": 0,
			"children": [69, 70]
		},
		{
			"name": "LeftArm Downer",
			"origin": [5, 22, 0],
			"rotation": [10, 0, 0],
			"color": 0,
			"children": [71, 72]
		},
		{
			"name": "RightLeg Upper",
			"origin": [1.9, 12, 0],
			"rotation": [-11, 0, 2],
			"color": 0,
			"children": [73, 74]
		},
		{
			"name": "RightLrg Downer",
			"origin": [8, 8, 8],
			"color": 0,
			"children": [75, 76]
		},
		{
			"name": "LeftLeg Upper",
			"origin": [1.9, 12, 0],
			"rotation": [-11, 0, 2],
			"color": 0,
			"children": [77, 78]
		},
		{
			"name": "LeftLrg Downer",
			"origin": [8, 8, 8],
			"color": 0,
			"children": [79, 80]
		}
	]
}