{
	"credit": "Made with Blockbench",
	"texture_size": [32, 32],
	"textures": {
		"2": "3d_item/stick/entity/zedra_cloak",
		"particle": "3d_item/stick/entity/zedra"
	},
	"elements": [
		{
			"from": [4, -4, 8],
			"to": [12, 8, 9],
			"faces": {
				"north": {"uv": [9, 0, 13, 6], "texture": "#2"},
				"east": {"uv": [8.5, 0, 9, 6], "texture": "#2"},
				"south": {"uv": [5, 0, 9, 6], "texture": "#2"},
				"west": {"uv": [5, 0, 5.5, 6], "texture": "#2"},
				"up": {"uv": [5, 0, 9, 0.5], "texture": "#2"},
				"down": {"uv": [5, 5.5, 9, 6], "texture": "#2"}
			}
		},
		{
			"from": [3.9, -4, 6],
			"to": [3.9, 2, 9],
			"faces": {
				"north": {"uv": [0, 0, 0, 0], "texture": "#2"},
				"east": {"uv": [14.5, 0, 13, 3], "texture": "#2"},
				"south": {"uv": [0, 0, 0, 0], "texture": "#2"},
				"west": {"uv": [13, 0, 14.5, 3], "texture": "#2"},
				"up": {"uv": [0, 0, 0, 0], "texture": "#2"},
				"down": {"uv": [0, 0, 0, 0], "texture": "#2"}
			}
		},
		{
			"from": [12.1, -4, 6],
			"to": [12.1, 2, 9],
			"faces": {
				"north": {"uv": [0, 0, 0, 0], "texture": "#2"},
				"east": {"uv": [14.5, 0, 13, 3], "texture": "#2"},
				"south": {"uv": [0, 0, 0, 0], "texture": "#2"},
				"west": {"uv": [13, 0, 14.5, 3], "texture": "#2"},
				"up": {"uv": [0, 0, 0, 0], "texture": "#2"},
				"down": {"uv": [0, 0, 0, 0], "texture": "#2"}
			}
		}
	],
	"display": {
		"head": {
			"translation": [0, -27, 0],
			"scale": [1.6, 1.6, 1.6]
		}
	},
	"groups": [
		{
			"name": "Cloak",
			"origin": [8, 8, 8],
			"color": 0,
			"children": [0, 1, 2]
		}
	]
}