{
	"credit": "Made with Blockbench",
	"texture_size": [32, 32],
	"textures": {
		"1": "3d_item/stick/entity/zedra",
		"particle": "3d_item/stick/entity/zedra"
	},
	"elements": [
		{
			"name": "Leg",
			"from": [6.01, 1, 6.01],
			"to": [9.99, 9, 9.99],
			"rotation": {"angle": 0, "axis": "y", "origin": [0, -2, 0]},
			"faces": {
				"north": {"uv": [4, 10.5, 6.5, 11.75], "rotation": 90, "texture": "#1"},
				"east": {"uv": [4, 9.25, 6.5, 10.5], "rotation": 90, "texture": "#1"},
				"south": {"uv": [4, 11.75, 6.5, 13], "rotation": 90, "texture": "#1"},
				"west": {"uv": [6.5, 9.25, 7.75, 11.75], "texture": "#1"},
				"up": {"uv": [4, 8, 5.25, 9.25], "texture": "#1"},
				"down": {"uv": [5.25, 8, 6.5, 9.25], "texture": "#1"}
			}
		},
		{
			"name": "Leg",
			"from": [5.795, 0.9, 5.795],
			"to": [10.185, 7.3, 10.185],
			"rotation": {"angle": 0, "axis": "y", "origin": [0, -2, 0]},
			"faces": {
				"north": {"uv": [0, 14, 2, 15.25], "rotation": 90, "texture": "#1"},
				"east": {"uv": [0, 12.75, 2, 14], "rotation": 90, "texture": "#1"},
				"south": {"uv": [2, 12.75, 4, 14], "rotation": 90, "texture": "#1"},
				"west": {"uv": [2, 14, 4, 15.25], "rotation": 90, "texture": "#1"},
				"up": {"uv": [0, 0, 0.25, 0.25], "texture": "#1"},
				"down": {"uv": [2.5, 11.5, 3.75, 12.75], "texture": "#1"}
			}
		}
	],
	"display": {
		"head": {
			"translation": [0, -27, 0],
			"scale": [1.6, 1.6, 1.6]
		}
	},
	"groups": [
		{
			"name": "RightLrg Downer",
			"origin": [8, 8, 8],
			"color": 0,
			"children": [0, 1]
		}
	]
}