{
	"credit": "Made with Blockbench",
	"texture_size": [32, 32],
	"textures": {
		"0": "3d_item/stick/entity/zedra_scythe",
		"1": "block/redstone_block",
		"2": "block/polished_deepslate",
		"particle": "block/polished_deepslate"
	},
	"elements": [
		{
			"name": "柄",
			"from": [7.5, -5, 7.5],
			"to": [8.5, 1, 8.5],
			"rotation": {"angle": 0, "axis": "y", "origin": [0, 3, -1]},
			"faces": {
				"north": {"uv": [0, 4, 2, 16], "texture": "#0"},
				"east": {"uv": [0, 4, 2, 16], "texture": "#0"},
				"south": {"uv": [0, 4, 2, 16], "texture": "#0"},
				"west": {"uv": [0, 4, 2, 16], "texture": "#0"},
				"up": {"uv": [0, 0, 0, 0], "texture": "#0"},
				"down": {"uv": [0, 0, 0, 0], "texture": "#0"}
			}
		},
		{
			"name": "柄",
			"from": [7.5, 1, 7.5],
			"to": [8.5, 7, 8.5],
			"rotation": {"angle": 0, "axis": "y", "origin": [0, 3, -1]},
			"faces": {
				"north": {"uv": [0, 4, 2, 16], "texture": "#0"},
				"east": {"uv": [0, 4, 2, 16], "texture": "#0"},
				"south": {"uv": [0, 4, 2, 16], "texture": "#0"},
				"west": {"uv": [0, 4, 2, 16], "texture": "#0"},
				"up": {"uv": [0, 0, 0, 0], "texture": "#0"},
				"down": {"uv": [0, 0, 0, 0], "texture": "#0"}
			}
		},
		{
			"name": "柄",
			"from": [7.5, 7, 7.5],
			"to": [8.5, 13, 8.5],
			"rotation": {"angle": 0, "axis": "y", "origin": [0, 3, -1]},
			"faces": {
				"north": {"uv": [0, 4, 2, 16], "texture": "#0"},
				"east": {"uv": [0, 4, 2, 16], "texture": "#0"},
				"south": {"uv": [0, 4, 2, 16], "texture": "#0"},
				"west": {"uv": [0, 4, 2, 16], "texture": "#0"},
				"up": {"uv": [0, 0, 0, 0], "texture": "#0"},
				"down": {"uv": [0, 0, 0, 0], "texture": "#0"}
			}
		},
		{
			"name": "柄の先1",
			"from": [8.45671, -7.7097, 7.495],
			"to": [9.45671, -4.9597, 8.505],
			"rotation": {"angle": 22.5, "axis": "z", "origin": [8.45671, -7.3097, 7.5]},
			"faces": {
				"north": {"uv": [0, 10, 2, 16], "texture": "#0"},
				"east": {"uv": [0, 10, 2, 16], "texture": "#0"},
				"south": {"uv": [0, 10, 2, 16], "texture": "#0"},
				"west": {"uv": [0, 10, 2, 16], "texture": "#0"},
				"up": {"uv": [0, 0, 0, 0], "texture": "#0"},
				"down": {"uv": [2, 14, 4, 16], "texture": "#0"}
			}
		},
		{
			"name": "柄の先2",
			"from": [8.85671, -3.2097, 7.6],
			"to": [9.65671, -0.2097, 8.4],
			"rotation": {"angle": 22.5, "axis": "z", "origin": [8.45671, -7.3097, 7.5]},
			"faces": {
				"north": {"uv": [9, 2, 12, 14], "texture": "#1"},
				"east": {"uv": [7, 2, 10, 14], "texture": "#1"},
				"south": {"uv": [5, 2, 8, 14], "texture": "#1"},
				"west": {"uv": [3, 2, 6, 14], "texture": "#1"},
				"up": {"uv": [4, 5, 7, 8], "texture": "#1"},
				"down": {"uv": [9, 6, 12, 9], "texture": "#1"}
			}
		},
		{
			"name": "柄の先3",
			"from": [4.75671, -2.9, 7.4],
			"to": [5.15671, -2.5, 8.6],
			"rotation": {"angle": -22.5, "axis": "z", "origin": [8.45671, -7.3097, 7.5]},
			"faces": {
				"north": {"uv": [1, 9, 5, 13], "texture": "#2"},
				"east": {"uv": [1, 9, 5, 13], "texture": "#2"},
				"south": {"uv": [1, 9, 5, 13], "texture": "#2"},
				"west": {"uv": [1, 9, 5, 13], "texture": "#2"},
				"up": {"uv": [1, 9, 5, 13], "texture": "#2"},
				"down": {"uv": [1, 9, 5, 13], "texture": "#2"}
			}
		},
		{
			"name": "柄の先4",
			"from": [-5.94329, 7.75, 7.1],
			"to": [-5.64329, 8.05, 8.9],
			"rotation": {"angle": -45, "axis": "z", "origin": [8.45671, -7.3097, 7.5]},
			"faces": {
				"north": {"uv": [1, 9, 5, 13], "texture": "#2"},
				"east": {"uv": [1, 9, 5, 13], "texture": "#2"},
				"south": {"uv": [1, 9, 5, 13], "texture": "#2"},
				"west": {"uv": [1, 9, 5, 13], "texture": "#2"},
				"up": {"uv": [1, 9, 5, 13], "texture": "#2"},
				"down": {"uv": [1, 9, 5, 13], "texture": "#2"}
			}
		},
		{
			"name": "柄の先5",
			"from": [-6.74329, 9.75, 7.1],
			"to": [-6.44329, 10.05, 8.9],
			"rotation": {"angle": -45, "axis": "z", "origin": [8.45671, -7.3097, 7.5]},
			"faces": {
				"north": {"uv": [1, 9, 5, 13], "texture": "#2"},
				"east": {"uv": [1, 9, 5, 13], "texture": "#2"},
				"south": {"uv": [1, 9, 5, 13], "texture": "#2"},
				"west": {"uv": [1, 9, 5, 13], "texture": "#2"},
				"up": {"uv": [1, 9, 5, 13], "texture": "#2"},
				"down": {"uv": [1, 9, 5, 13], "texture": "#2"}
			}
		},
		{
			"name": "柄の先5",
			"from": [-3.14, 5.15, 7.3],
			"to": [-2.94, 5.35, 8.7],
			"rotation": {"angle": -45, "axis": "z", "origin": [8.45671, -7.3097, 7.5]},
			"faces": {
				"north": {"uv": [1, 9, 5, 13], "texture": "#2"},
				"east": {"uv": [1, 9, 5, 13], "texture": "#2"},
				"south": {"uv": [1, 9, 5, 13], "texture": "#2"},
				"west": {"uv": [1, 9, 5, 13], "texture": "#2"},
				"up": {"uv": [1, 9, 5, 13], "texture": "#2"},
				"down": {"uv": [1, 9, 5, 13], "texture": "#2"}
			}
		},
		{
			"name": "柄の先6",
			"from": [-6.04, 7.25, 7.15],
			"to": [-5.84, 7.45, 8.85],
			"rotation": {"angle": -45, "axis": "z", "origin": [8.45671, -7.3097, 7.5]},
			"faces": {
				"north": {"uv": [1, 9, 5, 13], "texture": "#2"},
				"east": {"uv": [1, 9, 5, 13], "texture": "#2"},
				"south": {"uv": [1, 9, 5, 13], "texture": "#2"},
				"west": {"uv": [1, 9, 5, 13], "texture": "#2"},
				"up": {"uv": [1, 9, 5, 13], "texture": "#2"},
				"down": {"uv": [1, 9, 5, 13], "texture": "#2"}
			}
		},
		{
			"name": "柄の先7",
			"from": [-6.04, 8.35, 7.15],
			"to": [-5.84, 8.55, 8.85],
			"rotation": {"angle": -45, "axis": "z", "origin": [8.45671, -7.3097, 7.5]},
			"faces": {
				"north": {"uv": [1, 9, 5, 13], "texture": "#2"},
				"east": {"uv": [1, 9, 5, 13], "texture": "#2"},
				"south": {"uv": [1, 9, 5, 13], "texture": "#2"},
				"west": {"uv": [1, 9, 5, 13], "texture": "#2"},
				"up": {"uv": [1, 9, 5, 13], "texture": "#2"},
				"down": {"uv": [1, 9, 5, 13], "texture": "#2"}
			}
		},
		{
			"name": "柄の先3",
			"from": [8.15671, -7.2097, 7.4],
			"to": [9.25671, -6.2097, 8.6],
			"rotation": {"angle": 45, "axis": "z", "origin": [8.45671, -7.3097, 7.5]},
			"faces": {
				"north": {"uv": [2, 10, 4, 12], "texture": "#0"},
				"east": {"uv": [2, 10, 4, 12], "texture": "#0"},
				"south": {"uv": [2, 10, 4, 12], "texture": "#0"},
				"west": {"uv": [2, 10, 4, 12], "texture": "#0"},
				"up": {"uv": [2, 10, 4, 12], "texture": "#0"},
				"down": {"uv": [2, 10, 4, 12], "texture": "#0"}
			}
		},
		{
			"name": "柄の先4",
			"from": [8.63024, -6.39324, 7.395],
			"to": [9.83024, -5.39324, 8.605],
			"rotation": {"angle": 22.5, "axis": "z", "origin": [8.93024, -9.49323, 7.5]},
			"faces": {
				"north": {"uv": [2, 10, 4, 12], "texture": "#0"},
				"east": {"uv": [2, 10, 4, 12], "texture": "#0"},
				"south": {"uv": [2, 10, 4, 12], "texture": "#0"},
				"west": {"uv": [2, 10, 4, 12], "texture": "#0"},
				"up": {"uv": [2, 10, 4, 12], "texture": "#0"},
				"down": {"uv": [2, 10, 4, 12], "texture": "#0"}
			}
		},
		{
			"name": "柄の先5",
			"from": [7.08408, -5.82013, 7.4],
			"to": [8.28408, -2.22013, 8.6],
			"rotation": {"angle": 0, "axis": "z", "origin": [7.38408, -8.92013, 7.5]},
			"faces": {
				"north": {"uv": [2, 10, 4, 12], "texture": "#0"},
				"east": {"uv": [2, 10, 4, 12], "texture": "#0"},
				"south": {"uv": [2, 10, 4, 12], "texture": "#0"},
				"west": {"uv": [2, 10, 4, 12], "texture": "#0"},
				"up": {"uv": [2, 10, 4, 12], "texture": "#0"},
				"down": {"uv": [2, 10, 4, 12], "texture": "#0"}
			}
		},
		{
			"name": "輪",
			"from": [5, -5, 7.75],
			"to": [5.5, -3.5, 8.25],
			"rotation": {"angle": 45, "axis": "z", "origin": [0, 3, -1]},
			"faces": {
				"north": {"uv": [0, 10, 2, 16], "texture": "#0"},
				"east": {"uv": [0, 10, 2, 16], "texture": "#0"},
				"south": {"uv": [0, 10, 2, 16], "texture": "#0"},
				"west": {"uv": [0, 10, 2, 16], "texture": "#0"},
				"up": {"uv": [0, 0, 0, 0], "texture": "#0"},
				"down": {"uv": [0, 0, 0, 0], "texture": "#0"}
			}
		},
		{
			"name": "輪",
			"from": [8.7, 5.99706, 7.75],
			"to": [9.2, 7.49706, 8.25],
			"rotation": {"angle": -45, "axis": "z", "origin": [0, 3.19706, -1]},
			"faces": {
				"north": {"uv": [0, 10, 2, 16], "texture": "#0"},
				"east": {"uv": [0, 10, 2, 16], "texture": "#0"},
				"south": {"uv": [0, 10, 2, 16], "texture": "#0"},
				"west": {"uv": [0, 10, 2, 16], "texture": "#0"},
				"up": {"uv": [0, 0, 0, 0], "texture": "#0"},
				"down": {"uv": [0, 0, 0, 0], "texture": "#0"}
			}
		},
		{
			"name": "輪",
			"from": [9.04594, -0.26777, 7.745],
			"to": [9.54594, 1.23223, 8.255],
			"rotation": {"angle": 0, "axis": "z", "origin": [-0.05406, 3.03223, -0.99]},
			"faces": {
				"north": {"uv": [0, 10, 2, 16], "texture": "#0"},
				"east": {"uv": [0, 10, 2, 16], "texture": "#0"},
				"south": {"uv": [0, 10, 2, 16], "texture": "#0"},
				"west": {"uv": [0, 10, 2, 16], "texture": "#0"},
				"up": {"uv": [0, 0, 0, 0], "texture": "#0"},
				"down": {"uv": [0, 0, 0, 0], "texture": "#0"}
			}
		},
		{
			"name": "柄の中央",
			"from": [15.75671, 4.2903, 7.505],
			"to": [16.75671, 5.2903, 8.495],
			"rotation": {"angle": 22.5, "axis": "z", "origin": [8.45671, -14.7097, 7.5]},
			"faces": {
				"north": {"uv": [2.5, 14.5, 3.5, 15.5], "texture": "#0"},
				"east": {"uv": [2.5, 14.5, 3.5, 15.5], "texture": "#0"},
				"south": {"uv": [2.5, 14.5, 3.5, 15.5], "texture": "#0"},
				"west": {"uv": [2.5, 14.5, 3.5, 15.5], "texture": "#0"},
				"up": {"uv": [2.5, 14.5, 3.5, 15.5], "texture": "#0"},
				"down": {"uv": [2.5, 14.5, 3.5, 15.5], "texture": "#0"}
			}
		},
		{
			"name": "柄の中央",
			"from": [1.98011, 9.49061, 7.505],
			"to": [2.98011, 10.49061, 8.495],
			"rotation": {"angle": -22.5, "axis": "z", "origin": [-5.31989, -6.50939, 7.5]},
			"faces": {
				"north": {"uv": [2.5, 14.5, 3.5, 15.5], "texture": "#0"},
				"east": {"uv": [2.5, 14.5, 3.5, 15.5], "texture": "#0"},
				"south": {"uv": [2.5, 14.5, 3.5, 15.5], "texture": "#0"},
				"west": {"uv": [2.5, 14.5, 3.5, 15.5], "texture": "#0"},
				"up": {"uv": [2.5, 14.5, 3.5, 15.5], "texture": "#0"},
				"down": {"uv": [2.5, 14.5, 3.5, 15.5], "texture": "#0"}
			}
		},
		{
			"name": "輪",
			"from": [-6.3, 13.99706, 7.2505],
			"to": [-5.55, 15.49706, 8.7495],
			"rotation": {"angle": -45, "axis": "z", "origin": [0, -3.80294, -1]},
			"faces": {
				"north": {"uv": [2, 10, 4, 12], "texture": "#0"},
				"east": {"uv": [2, 10, 4, 12], "texture": "#0"},
				"south": {"uv": [2, 10, 4, 12], "texture": "#0"},
				"west": {"uv": [2, 10, 4, 12], "texture": "#0"},
				"up": {"uv": [2, 10, 4, 12], "texture": "#0"},
				"down": {"uv": [2, 10, 4, 12], "texture": "#0"}
			}
		},
		{
			"name": "輪",
			"from": [1.1994, 16.28954, 7.25],
			"to": [1.9494, 18.28954, 8.75],
			"rotation": {"angle": -22.5, "axis": "z", "origin": [-0.5006, -4.51046, -1]},
			"faces": {
				"north": {"uv": [2, 10, 4, 12], "texture": "#0"},
				"east": {"uv": [2, 10, 4, 12], "texture": "#0"},
				"south": {"uv": [2, 10, 4, 12], "texture": "#0"},
				"west": {"uv": [2, 10, 4, 12], "texture": "#0"},
				"up": {"uv": [2, 10, 4, 12], "texture": "#0"},
				"down": {"uv": [2, 10, 4, 12], "texture": "#0"}
			}
		},
		{
			"name": "輪",
			"from": [1.9994, 15.88954, 7.25],
			"to": [1.9994, 18.28954, 8.75],
			"rotation": {"angle": -22.5, "axis": "z", "origin": [-0.5006, -4.51046, -1]},
			"faces": {
				"north": {"uv": [0, 0, 0, 0], "texture": "#0"},
				"east": {"uv": [2, 0, 6, 2.5], "rotation": 270, "texture": "#0"},
				"south": {"uv": [0, 0, 0, 0], "texture": "#0"},
				"west": {"uv": [2, 0, 6, 2.5], "rotation": 270, "texture": "#0"},
				"up": {"uv": [0, 0, 0, 0], "texture": "#0"},
				"down": {"uv": [0, 0, 0, 0], "texture": "#0"}
			}
		},
		{
			"name": "輪",
			"from": [25.16349, 19.97619, 7.25],
			"to": [25.91349, 22.72619, 8.75],
			"rotation": {"angle": 45, "axis": "z", "origin": [23.46349, -0.82381, -1]},
			"faces": {
				"north": {"uv": [2, 10, 4, 12], "texture": "#0"},
				"east": {"uv": [2, 10, 4, 12], "texture": "#0"},
				"south": {"uv": [2, 10, 4, 12], "texture": "#0"},
				"west": {"uv": [2, 10, 4, 12], "texture": "#0"},
				"up": {"uv": [2, 10, 4, 12], "texture": "#0"},
				"down": {"uv": [2, 10, 4, 12], "texture": "#0"}
			}
		},
		{
			"name": "輪",
			"from": [25.96349, 19.97619, 7.25],
			"to": [25.96349, 22.37619, 8.75],
			"rotation": {"angle": 45, "axis": "z", "origin": [23.46349, -0.82381, -1]},
			"faces": {
				"north": {"uv": [0, 0, 0, 0], "texture": "#0"},
				"east": {"uv": [2.5, 0, 6.5, 2.5], "rotation": 90, "texture": "#0"},
				"south": {"uv": [0, 0, 0, 0], "texture": "#0"},
				"west": {"uv": [2.5, 0, 6.5, 2.5], "rotation": 90, "texture": "#0"},
				"up": {"uv": [0, 0, 0, 0], "texture": "#0"},
				"down": {"uv": [0, 0, 0, 0], "texture": "#0"}
			}
		},
		{
			"name": "輪",
			"from": [7.31206, 12.708, 7.25],
			"to": [8.66206, 13.708, 8.75],
			"rotation": {"angle": 0, "axis": "z", "origin": [23.61206, -0.092, -1]},
			"faces": {
				"north": {"uv": [2, 10, 4, 12], "texture": "#0"},
				"east": {"uv": [2, 10, 4, 12], "texture": "#0"},
				"south": {"uv": [2, 10, 4, 12], "texture": "#0"},
				"west": {"uv": [2, 10, 4, 12], "texture": "#0"},
				"up": {"uv": [2, 10, 4, 12], "texture": "#0"},
				"down": {"uv": [2, 10, 4, 12], "texture": "#0"}
			}
		},
		{
			"name": "輪",
			"from": [7.61206, 12.808, 7.15],
			"to": [8.41206, 13.608, 7.15],
			"rotation": {"angle": 0, "axis": "z", "origin": [23.61206, -0.092, -1]},
			"faces": {
				"north": {"uv": [0, 0, 2.5, 2.5], "texture": "#0"},
				"east": {"uv": [0, 0, 0, 0], "texture": "#0"},
				"south": {"uv": [0, 0, 2.5, 2.5], "texture": "#0"},
				"west": {"uv": [0, 0, 0, 0], "texture": "#0"},
				"up": {"uv": [0, 0, 0, 0], "texture": "#0"},
				"down": {"uv": [0, 0, 0, 0], "texture": "#0"}
			}
		},
		{
			"name": "輪",
			"from": [7.61206, 12.808, 8.85],
			"to": [8.41206, 13.608, 8.85],
			"rotation": {"angle": 0, "axis": "z", "origin": [23.61206, -0.092, -1]},
			"faces": {
				"north": {"uv": [0, 0, 2.5, 2.5], "texture": "#0"},
				"east": {"uv": [0, 0, 0, 0], "texture": "#0"},
				"south": {"uv": [0, 0, 2.5, 2.5], "texture": "#0"},
				"west": {"uv": [0, 0, 0, 0], "texture": "#0"},
				"up": {"uv": [0, 0, 0, 0], "texture": "#0"},
				"down": {"uv": [0, 0, 0, 0], "texture": "#0"}
			}
		},
		{
			"name": "輪",
			"from": [7.2, 16.108, 7.2],
			"to": [8.8, 17.708, 8.8],
			"rotation": {"angle": 0, "axis": "z", "origin": [23.61206, -0.092, -1]},
			"faces": {
				"north": {"uv": [2, 12, 4, 14], "texture": "#0"},
				"east": {"uv": [2, 12, 4, 14], "texture": "#0"},
				"south": {"uv": [2, 12, 4, 14], "texture": "#0"},
				"west": {"uv": [2, 12, 4, 14], "texture": "#0"},
				"up": {"uv": [2, 12, 4, 14], "texture": "#0"},
				"down": {"uv": [2, 12, 4, 14], "texture": "#0"}
			}
		},
		{
			"name": "輪",
			"from": [8.91206, 12.708, 7.4],
			"to": [9.51206, 13.608, 8.6],
			"rotation": {"angle": 0, "axis": "z", "origin": [23.61206, -0.092, -1]},
			"faces": {
				"north": {"uv": [2, 10, 4, 12], "texture": "#0"},
				"east": {"uv": [2, 10, 4, 12], "texture": "#0"},
				"south": {"uv": [2, 10, 4, 12], "texture": "#0"},
				"west": {"uv": [2, 10, 4, 12], "texture": "#0"},
				"up": {"uv": [2, 10, 4, 12], "texture": "#0"},
				"down": {"uv": [2, 10, 4, 12], "texture": "#0"}
			}
		},
		{
			"name": "輪",
			"from": [9, 9.708, 7.6],
			"to": [9.4, 12.908, 8.4],
			"rotation": {"angle": 0, "axis": "z", "origin": [23.61206, -0.092, -1]},
			"faces": {
				"north": {"uv": [2, 3.5, 3, 11.5], "texture": "#0"},
				"east": {"uv": [2, 3.5, 4, 11.5], "texture": "#0"},
				"south": {"uv": [2, 3.5, 3, 11.5], "texture": "#0"},
				"west": {"uv": [2, 3.5, 4, 11.5], "texture": "#0"},
				"up": {"uv": [0, 0, 0, 0], "texture": "#0"},
				"down": {"uv": [0, 0, 0, 0], "texture": "#0"}
			}
		},
		{
			"name": "輪",
			"from": [9, 8.408, 7.6],
			"to": [9.4, 9.608, 8.4],
			"rotation": {"angle": 0, "axis": "z", "origin": [23.61206, -0.092, -1]},
			"faces": {
				"north": {"uv": [2, 8, 3, 11], "rotation": 180, "texture": "#0"},
				"east": {"uv": [2, 8, 4, 11], "rotation": 180, "texture": "#0"},
				"south": {"uv": [2, 8, 3, 11], "rotation": 180, "texture": "#0"},
				"west": {"uv": [2, 8, 4, 11], "rotation": 180, "texture": "#0"},
				"up": {"uv": [0, 0, 0, 0], "texture": "#0"},
				"down": {"uv": [2.5, 12.5, 3.5, 13.5], "texture": "#0"}
			}
		},
		{
			"name": "柄の先5",
			"from": [26.63024, 1.60676, 7.395],
			"to": [27.88024, 2.60676, 8.605],
			"rotation": {"angle": 45, "axis": "z", "origin": [8.93024, -16.49323, 7.5]},
			"faces": {
				"north": {"uv": [2, 10, 4, 12], "texture": "#0"},
				"east": {"uv": [2, 10, 4, 12], "texture": "#0"},
				"south": {"uv": [2, 10, 4, 12], "texture": "#0"},
				"west": {"uv": [2, 10, 4, 12], "texture": "#0"},
				"up": {"uv": [2, 10, 4, 12], "texture": "#0"},
				"down": {"uv": [2, 10, 4, 12], "texture": "#0"}
			}
		},
		{
			"name": "柄の先6",
			"from": [7.3974, 8.82119, 7.395],
			"to": [8.6474, 9.82119, 8.605],
			"rotation": {"angle": 0, "axis": "z", "origin": [10.8974, -9.27881, 7.5]},
			"faces": {
				"north": {"uv": [2, 10, 4, 12], "texture": "#0"},
				"east": {"uv": [2, 10, 4, 12], "texture": "#0"},
				"south": {"uv": [2, 10, 4, 12], "texture": "#0"},
				"west": {"uv": [2, 10, 4, 12], "texture": "#0"},
				"up": {"uv": [2, 10, 4, 12], "texture": "#0"},
				"down": {"uv": [2, 10, 4, 12], "texture": "#0"}
			}
		},
		{
			"name": "柄の先7",
			"from": [7.0974, 9.02119, 7.25],
			"to": [8.5974, 9.62119, 8.75],
			"rotation": {"angle": 0, "axis": "z", "origin": [10.8974, -9.27881, 7.5]},
			"faces": {
				"north": {"uv": [2, 13, 4, 14], "texture": "#0"},
				"east": {"uv": [2, 13, 4, 14], "texture": "#0"},
				"south": {"uv": [2, 13, 4, 14], "texture": "#0"},
				"west": {"uv": [2, 13, 4, 14], "texture": "#0"},
				"up": {"uv": [2, 12, 4, 14], "texture": "#0"},
				"down": {"uv": [2, 12, 4, 14], "texture": "#0"}
			}
		},
		{
			"from": [7.625, 13.3, 7.625],
			"to": [8.375, 17.3, 8.375],
			"rotation": {"angle": 0, "axis": "y", "origin": [0, -1, -1]},
			"faces": {
				"north": {"uv": [2, 4, 3.5, 10], "texture": "#0"},
				"east": {"uv": [2, 4, 3.5, 10], "texture": "#0"},
				"south": {"uv": [2, 4, 3.5, 10], "texture": "#0"},
				"west": {"uv": [2, 4, 3.5, 10], "texture": "#0"},
				"up": {"uv": [0, 0, 0, 0], "texture": "#0"},
				"down": {"uv": [0, 0, 0, 0], "texture": "#0"}
			}
		},
		{
			"from": [7.5, 13.3, 7.5],
			"to": [8.5, 16.3, 8.5],
			"rotation": {"angle": 0, "axis": "y", "origin": [0, -1, -1]},
			"faces": {
				"north": {"uv": [4, 10, 6, 16], "texture": "#0"},
				"east": {"uv": [4, 10, 6, 16], "texture": "#0"},
				"south": {"uv": [4, 10, 6, 16], "texture": "#0"},
				"west": {"uv": [4, 10, 6, 16], "texture": "#0"},
				"up": {"uv": [0, 0, 0, 0], "texture": "#0"},
				"down": {"uv": [0, 0, 0, 0], "texture": "#0"}
			}
		},
		{
			"from": [15.3, 16.1, 7.251],
			"to": [17.3, 17.1, 8.749],
			"rotation": {"angle": 22.5, "axis": "z", "origin": [0, -1, -1]},
			"faces": {
				"north": {"uv": [4, 8, 6, 10], "texture": "#0"},
				"east": {"uv": [4, 8, 6, 10], "texture": "#0"},
				"south": {"uv": [4, 8, 6, 10], "texture": "#0"},
				"west": {"uv": [4, 8, 6, 10], "texture": "#0"},
				"up": {"uv": [4, 8, 6, 10], "texture": "#0"},
				"down": {"uv": [4, 8, 6, 10], "texture": "#0"}
			}
		},
		{
			"from": [7.4, 16.3, 7.251],
			"to": [8.6, 20.65, 8.749],
			"rotation": {"angle": 0, "axis": "y", "origin": [0, -1, -1]},
			"faces": {
				"north": {"uv": [4, 8, 6, 10], "texture": "#0"},
				"east": {"uv": [4, 8, 6, 10], "texture": "#0"},
				"south": {"uv": [4, 8, 6, 10], "texture": "#0"},
				"west": {"uv": [4, 8, 6, 10], "texture": "#0"},
				"up": {"uv": [4, 8, 6, 10], "texture": "#0"},
				"down": {"uv": [4, 8, 6, 10], "texture": "#0"}
			}
		},
		{
			"from": [16, 15.25, 7.251],
			"to": [20.1, 16.65, 8.749],
			"rotation": {"angle": 22.5, "axis": "z", "origin": [0, -1, -1]},
			"faces": {
				"north": {"uv": [4, 8, 6, 10], "texture": "#0"},
				"east": {"uv": [4, 8, 6, 10], "texture": "#0"},
				"south": {"uv": [4, 8, 6, 10], "texture": "#0"},
				"west": {"uv": [4, 8, 6, 10], "texture": "#0"},
				"up": {"uv": [4, 8, 6, 10], "texture": "#0"},
				"down": {"uv": [4, 8, 6, 10], "texture": "#0"}
			}
		},
		{
			"from": [15.6, 14.25, 8],
			"to": [19.7, 15.7, 8],
			"rotation": {"angle": 22.5, "axis": "z", "origin": [0, -1, -1]},
			"faces": {
				"north": {"uv": [15, 10, 16, 11], "rotation": 270, "texture": "#0"},
				"east": {"uv": [0, 0, 0, 0], "rotation": 90, "texture": "#0"},
				"south": {"uv": [15, 11, 16, 10], "rotation": 270, "texture": "#0"},
				"west": {"uv": [0, 0, 0, 0], "rotation": 90, "texture": "#0"},
				"up": {"uv": [0, 0, 0, 0], "rotation": 90, "texture": "#0"},
				"down": {"uv": [0, 0, 0, 0], "rotation": 90, "texture": "#0"}
			}
		},
		{
			"from": [19.5, 6.35, 8],
			"to": [22.25, 7.35, 8],
			"rotation": {"angle": 45, "axis": "z", "origin": [0, -1, -1]},
			"faces": {
				"north": {"uv": [14, 10.5, 16, 16], "rotation": 270, "texture": "#0"},
				"east": {"uv": [0, 0, 0, 0], "rotation": 90, "texture": "#0"},
				"south": {"uv": [14, 16, 16, 10.5], "rotation": 270, "texture": "#0"},
				"west": {"uv": [0, 0, 0, 0], "rotation": 90, "texture": "#0"},
				"up": {"uv": [0, 0, 0, 0], "rotation": 90, "texture": "#0"},
				"down": {"uv": [0, 0, 0, 0], "rotation": 90, "texture": "#0"}
			}
		},
		{
			"from": [19.3, 6.15, 8],
			"to": [19.55, 6.4, 8],
			"rotation": {"angle": 45, "axis": "z", "origin": [0, -1, -1]},
			"faces": {
				"north": {"uv": [14, 15.5, 14.5, 16], "rotation": 270, "texture": "#0"},
				"east": {"uv": [0, 0, 0, 0], "rotation": 90, "texture": "#0"},
				"south": {"uv": [14, 15.5, 14.5, 16], "rotation": 270, "texture": "#0"},
				"west": {"uv": [0, 0, 0, 0], "rotation": 90, "texture": "#0"},
				"up": {"uv": [0, 0, 0, 0], "rotation": 90, "texture": "#0"},
				"down": {"uv": [0, 0, 0, 0], "rotation": 90, "texture": "#0"}
			}
		},
		{
			"from": [12.35137, 21.70498, 7.4005],
			"to": [16.35137, 22.95498, 8.5995],
			"rotation": {"angle": 0, "axis": "z", "origin": [-7.59725, 5.45496, 3.5]},
			"faces": {
				"north": {"uv": [4, 8, 6, 10], "texture": "#0"},
				"east": {"uv": [4, 8, 6, 10], "texture": "#0"},
				"south": {"uv": [4, 8, 6, 10], "texture": "#0"},
				"west": {"uv": [4, 8, 6, 10], "texture": "#0"},
				"up": {"uv": [4, 8, 6, 10], "texture": "#0"},
				"down": {"uv": [4, 8, 6, 10], "texture": "#0"}
			}
		},
		{
			"from": [10.18806, 30.6283, 7.4],
			"to": [16.18806, 31.8783, 8.6],
			"rotation": {"angle": -22.5, "axis": "z", "origin": [-7.66056, 18.21512, 3.4]},
			"faces": {
				"north": {"uv": [4, 8, 6, 10], "texture": "#0"},
				"east": {"uv": [4, 8, 6, 10], "texture": "#0"},
				"south": {"uv": [4, 8, 6, 10], "texture": "#0"},
				"west": {"uv": [4, 8, 6, 10], "texture": "#0"},
				"up": {"uv": [4, 8, 6, 10], "texture": "#0"},
				"down": {"uv": [4, 8, 6, 10], "texture": "#0"}
			}
		},
		{
			"from": [27.01041, 25.98959, 7.55],
			"to": [29.51041, 26.98959, 8.45],
			"rotation": {"angle": -45, "axis": "z", "origin": [16.66011, 33.6883, 3.4]},
			"faces": {
				"north": {"uv": [4, 8, 6, 10], "texture": "#0"},
				"east": {"uv": [4, 8, 6, 10], "texture": "#0"},
				"south": {"uv": [4, 8, 6, 10], "texture": "#0"},
				"west": {"uv": [4, 8, 6, 10], "texture": "#0"},
				"up": {"uv": [4, 8, 6, 10], "texture": "#0"},
				"down": {"uv": [4, 8, 6, 10], "texture": "#0"}
			}
		},
		{
			"from": [27.01041, 24.98959, 8],
			"to": [29.51041, 25.98959, 8],
			"rotation": {"angle": -45, "axis": "z", "origin": [16.66011, 33.6883, 3.4]},
			"faces": {
				"north": {"uv": [6.5, 0, 11.5, 2], "texture": "#0"},
				"east": {"uv": [0, 0, 0, 0], "rotation": 90, "texture": "#0"},
				"south": {"uv": [11.5, 0, 6.5, 2], "texture": "#0"},
				"west": {"uv": [0, 0, 0, 0], "rotation": 90, "texture": "#0"},
				"up": {"uv": [0, 0, 0, 0], "rotation": 90, "texture": "#0"},
				"down": {"uv": [0, 0, 0, 0], "rotation": 90, "texture": "#0"}
			}
		},
		{
			"from": [20.91041, 21.58959, 8],
			"to": [23.41041, 22.58959, 8],
			"rotation": {"angle": -22.5, "axis": "z", "origin": [16.66011, 33.6883, 3.4]},
			"faces": {
				"north": {"uv": [6.5, 2, 11.5, 4], "texture": "#0"},
				"east": {"uv": [0, 0, 0, 0], "rotation": 90, "texture": "#0"},
				"south": {"uv": [11.5, 2, 6.5, 4], "texture": "#0"},
				"west": {"uv": [0, 0, 0, 0], "rotation": 90, "texture": "#0"},
				"up": {"uv": [0, 0, 0, 0], "rotation": 90, "texture": "#0"},
				"down": {"uv": [0, 0, 0, 0], "rotation": 90, "texture": "#0"}
			}
		},
		{
			"from": [11.91041, 20.48959, 8],
			"to": [16.91041, 21.98959, 8],
			"rotation": {"angle": 0, "axis": "z", "origin": [16.66011, 33.6883, 3.4]},
			"faces": {
				"north": {"uv": [13, 0, 16, 10], "rotation": 270, "texture": "#0"},
				"east": {"uv": [0, 0, 0, 0], "rotation": 90, "texture": "#0"},
				"south": {"uv": [13, 10, 16, 0], "rotation": 270, "texture": "#0"},
				"west": {"uv": [0, 0, 0, 0], "rotation": 90, "texture": "#0"},
				"up": {"uv": [0, 0, 0, 0], "rotation": 90, "texture": "#0"},
				"down": {"uv": [0, 0, 0, 0], "rotation": 90, "texture": "#0"}
			}
		},
		{
			"from": [20.30283, 19.15796, 7.555],
			"to": [21.00983, 19.86496, 8.445],
			"rotation": {"angle": 0, "axis": "z", "origin": [28.00154, 38.34998, 3.4]},
			"faces": {
				"north": {"uv": [4, 8, 6, 10], "texture": "#0"},
				"east": {"uv": [4, 8, 6, 10], "texture": "#0"},
				"south": {"uv": [4, 8, 6, 10], "texture": "#0"},
				"west": {"uv": [4, 8, 6, 10], "texture": "#0"},
				"up": {"uv": [4, 8, 6, 10], "texture": "#0"},
				"down": {"uv": [4, 8, 6, 10], "texture": "#0"}
			}
		},
		{
			"from": [18.89437, 21.00478, 7.4005],
			"to": [19.60137, 21.71178, 8.5995],
			"rotation": {"angle": 0, "axis": "z", "origin": [27.89308, 38.3968, 3.4]},
			"faces": {
				"north": {"uv": [4, 8, 6, 10], "texture": "#0"},
				"east": {"uv": [4, 8, 6, 10], "texture": "#0"},
				"south": {"uv": [4, 8, 6, 10], "texture": "#0"},
				"west": {"uv": [4, 8, 6, 10], "texture": "#0"},
				"up": {"uv": [4, 8, 6, 10], "texture": "#0"},
				"down": {"uv": [4, 8, 6, 10], "texture": "#0"}
			}
		},
		{
			"from": [10.59437, 21.70478, 7.25],
			"to": [14.59437, 24.00478, 8.75],
			"rotation": {"angle": 0, "axis": "z", "origin": [27.89308, 38.3968, 3.4]},
			"faces": {
				"north": {"uv": [4, 4.5, 10.5, 8], "texture": "#0"},
				"east": {"uv": [4, 8, 6, 10], "texture": "#0"},
				"south": {"uv": [10.5, 4.5, 4, 8], "texture": "#0"},
				"west": {"uv": [4, 8, 6, 10], "texture": "#0"},
				"up": {"uv": [10.5, 4.5, 4, 5], "texture": "#0"},
				"down": {"uv": [4, 8, 6, 10], "texture": "#0"}
			}
		},
		{
			"from": [11.09437, 22.90478, 7.4],
			"to": [13.09437, 23.90478, 8.6],
			"rotation": {"angle": 0, "axis": "z", "origin": [27.89308, 38.3968, 3.4]},
			"faces": {
				"north": {"uv": [6, 11, 15, 15.5], "texture": "#1"},
				"east": {"uv": [0, 0, 0, 0], "texture": "#1"},
				"south": {"uv": [15, 2, 6, 6.5], "texture": "#1"},
				"west": {"uv": [0, 0, 0, 0], "texture": "#1"},
				"up": {"uv": [15, 6.5, 6, 11], "texture": "#1"},
				"down": {"uv": [0, 0, 0, 0], "texture": "#1"}
			}
		},
		{
			"from": [20.39383, 8.02927, 7.2505],
			"to": [25.14383, 9.27927, 8.7495],
			"rotation": {"angle": 45, "axis": "z", "origin": [0.09383, -0.92073, -1]},
			"faces": {
				"north": {"uv": [4, 8, 6, 10], "texture": "#0"},
				"east": {"uv": [4, 8, 6, 10], "texture": "#0"},
				"south": {"uv": [4, 8, 6, 10], "texture": "#0"},
				"west": {"uv": [4, 8, 6, 10], "texture": "#0"},
				"up": {"uv": [4, 8, 6, 10], "texture": "#0"},
				"down": {"uv": [4, 8, 6, 10], "texture": "#0"}
			}
		},
		{
			"from": [20.19383, 8.72927, 7.25],
			"to": [21.19383, 11.72927, 8.75],
			"rotation": {"angle": 45, "axis": "z", "origin": [0.09383, -0.92073, -1]},
			"faces": {
				"north": {"uv": [4, 8, 6, 10], "texture": "#0"},
				"east": {"uv": [4, 8, 6, 10], "texture": "#0"},
				"south": {"uv": [4, 8, 6, 10], "texture": "#0"},
				"west": {"uv": [4, 8, 6, 10], "texture": "#0"},
				"up": {"uv": [4, 8, 6, 10], "texture": "#0"},
				"down": {"uv": [4, 8, 6, 10], "texture": "#0"}
			}
		},
		{
			"from": [18.19383, 11.22927, 7.25],
			"to": [20.19383, 11.72927, 8.75],
			"rotation": {"angle": 45, "axis": "z", "origin": [0.09383, -0.92073, -1]},
			"faces": {
				"north": {"uv": [4, 8, 6, 10], "texture": "#0"},
				"east": {"uv": [4, 8, 6, 10], "texture": "#0"},
				"south": {"uv": [4, 8, 6, 10], "texture": "#0"},
				"west": {"uv": [4, 8, 6, 10], "texture": "#0"},
				"up": {"uv": [4, 8, 6, 10], "texture": "#0"},
				"down": {"uv": [4, 8, 6, 10], "texture": "#0"}
			}
		},
		{
			"from": [8.4938, 21.72927, 7.4],
			"to": [10.4938, 23.72927, 8.6],
			"rotation": {"angle": 0, "axis": "z", "origin": [0.09383, -0.92073, -1]},
			"faces": {
				"north": {"uv": [13, 12, 9, 16], "texture": "#0"},
				"east": {"uv": [4, 8, 6, 10], "texture": "#0"},
				"south": {"uv": [9, 12, 13, 16], "texture": "#0"},
				"west": {"uv": [4, 8, 6, 10], "texture": "#0"},
				"up": {"uv": [8.5, 8.5, 12.5, 11], "texture": "#0"},
				"down": {"uv": [4, 8, 6, 10], "texture": "#0"}
			}
		},
		{
			"from": [14.9913, 16.29575, 7.35],
			"to": [17.4913, 18.79575, 8.65],
			"rotation": {"angle": 22.5, "axis": "z", "origin": [0.59133, -1.35425, -1]},
			"faces": {
				"north": {"uv": [8.5, 11, 13.5, 16], "texture": "#0"},
				"east": {"uv": [12, 11, 13.5, 16], "texture": "#0"},
				"south": {"uv": [13.5, 11, 8.5, 16], "texture": "#0"},
				"west": {"uv": [4, 8, 6, 10], "texture": "#0"},
				"up": {"uv": [7.5, 12.5, 8.5, 16], "texture": "#0"},
				"down": {"uv": [4, 8, 6, 10], "texture": "#0"}
			}
		},
		{
			"from": [19.1913, 7.59575, 7.4],
			"to": [20.6913, 11.49575, 8.6],
			"rotation": {"angle": 45, "axis": "z", "origin": [0.59133, -1.35425, -1]},
			"faces": {
				"north": {"uv": [6, 9.5, 8.5, 16], "texture": "#0"},
				"east": {"uv": [7.5, 9.5, 8.5, 16], "texture": "#0"},
				"south": {"uv": [8.5, 9.5, 6, 16], "texture": "#0"},
				"west": {"uv": [7.5, 9.5, 8.5, 16], "texture": "#0"},
				"up": {"uv": [0, 0, -2, -1], "texture": "#0"},
				"down": {"uv": [0, 0, -2, -1], "texture": "#0"}
			}
		},
		{
			"from": [19.3913, 9.09575, 7.5],
			"to": [20.5913, 11.49575, 8.5],
			"rotation": {"angle": 45, "axis": "z", "origin": [0.59133, -1.35425, -1]},
			"faces": {
				"north": {"uv": [13, 0, 16, 6], "texture": "#1"},
				"east": {"uv": [0, 0, 0, 0], "texture": "#1"},
				"south": {"uv": [16, 0, 13, 6], "texture": "#1"},
				"west": {"uv": [15, 0, 16, 1], "texture": "#1"},
				"up": {"uv": [0, 0, -2, -1], "texture": "#1"},
				"down": {"uv": [0, 0, -2, -1], "texture": "#1"}
			}
		}
	],
	"display": {
		"thirdperson_righthand": {
			"rotation": [0, 90, 0],
			"translation": [0, 2.5, 1.25]
		},
		"thirdperson_lefthand": {
			"rotation": [0, -90, 0],
			"translation": [0, 2.5, 1.25]
		},
		"firstperson_righthand": {
			"rotation": [0, 90, 0],
			"translation": [1, -0.5, 0]
		},
		"firstperson_lefthand": {
			"rotation": [0, -90, 0],
			"translation": [1, -0.5, 0]
		},
		"ground": {
			"rotation": [0, 0, 45],
			"scale": [0.33, 0.33, 0.33]
		},
		"gui": {
			"rotation": [0, 180, 45],
			"translation": [0, -2, 0],
			"scale": [0.5, 0.5, 0.5]
		},
		"head": {
			"rotation": [0, 90, 0]
		},
		"fixed": {
			"rotation": [0, 0, 45],
			"translation": [-1, -2, 0],
			"scale": [0.6, 0.6, 0.6]
		}
	},
	"groups": [
		0,
		1,
		2,
		{
			"name": "柄の先",
			"origin": [8, 8, 8],
			"color": 0,
			"children": [3, 4, 5, 6, 7, 8, 9, 10, 11, 12, 13]
		},
		{
			"name": "輪",
			"origin": [8, 8, 8],
			"color": 0,
			"children": [14, 15, 16]
		},
		{
			"name": "柄の中央",
			"origin": [8, 8, 8],
			"color": 0,
			"children": [17, 18]
		},
		{
			"name": "輪2",
			"origin": [8, 8, 8],
			"color": 0,
			"children": [19, 20, 21, 22, 23, 24, 25, 26, 27, 28, 29, 30, 31, 32, 33, 34, 35]
		},
		{
			"name": "鎌",
			"origin": [8, 8, 8],
			"color": 0,
			"children": [36, 37, 38, 39, 40, 41, 42, 43, 44, 45, 46, 47, 48, 49, 50, 51, 52, 53, 54, 55, 56, 57, 58]
		}
	]
}