{
	"credit": "Made with Blockbench",
	"texture_size": [32, 32],
	"textures": {
		"1": "3d_item/stick/entity/zedra",
		"2": "3d_item/stick/entity/zedra_cloak",
		"particle": "3d_item/stick/entity/zedra"
	},
	"elements": [
		{
			"name": "Cloak",
			"from": [3.9, 11, 5.9],
			"to": [12.1, 14.005, 10.1],
			"rotation": {"angle": 0, "axis": "y", "origin": [0, -2, 0]},
			"faces": {
				"north": {"uv": [4, 6, 8, 7.5], "texture": "#2"},
				"east": {"uv": [8, 6, 10, 7.5], "texture": "#2"},
				"south": {"uv": [4, 7.5, 8, 9], "texture": "#2"},
				"west": {"uv": [10, 6, 8, 7.5], "texture": "#2"},
				"up": {"uv": [14, 8, 10, 6], "texture": "#2"},
				"down": {"uv": [0, 0, 0.5, 0.5], "texture": "#2"}
			}
		},
		{
			"name": "Body",
			"from": [4, 2, 6],
			"to": [12, 14, 10],
			"rotation": {"angle": 0, "axis": "y", "origin": [0, -2, 0]},
			"faces": {
				"north": {"uv": [5, 5, 7, 8], "texture": "#1"},
				"east": {"uv": [5, 5, 4, 8], "texture": "#1"},
				"south": {"uv": [8, 5, 10, 8], "texture": "#1"},
				"west": {"uv": [7, 5, 8, 8], "texture": "#1"},
				"up": {"uv": [7, 5, 5, 4], "texture": "#1"},
				"down": {"uv": [9, 4, 7, 5], "texture": "#1"}
			}
		},
		{
			"name": "リボン",
			"from": [7, 5, 5.95],
			"to": [9, 11, 5.95],
			"rotation": {"angle": 0, "axis": "x", "origin": [0, -2, 0]},
			"faces": {
				"north": {"uv": [14.75, 6, 16, 9.75], "texture": "#1"},
				"east": {"uv": [0, 0, 0, 0], "rotation": 90, "texture": "#1"},
				"south": {"uv": [14.75, 6, 16, 9.75], "texture": "#1"},
				"west": {"uv": [0, 0, 0, 0], "rotation": 90, "texture": "#1"},
				"up": {"uv": [0, 0, 0, 0], "rotation": 90, "texture": "#1"},
				"down": {"uv": [0, 0, 0, 0], "rotation": 90, "texture": "#1"}
			}
		},
		{
			"name": "ボタン1",
			"from": [8.75, 10.85, 5.9],
			"to": [9.55, 11.65, 5.9],
			"rotation": {"angle": 0, "axis": "x", "origin": [0, -2, 0]},
			"faces": {
				"north": {"uv": [15.25, 9.5, 15.5, 9.75], "texture": "#1"},
				"east": {"uv": [0, 0, 0, 0], "rotation": 90, "texture": "#1"},
				"south": {"uv": [15.25, 9.5, 15.5, 9.75], "texture": "#1"},
				"west": {"uv": [0, 0, 0, 0], "rotation": 90, "texture": "#1"},
				"up": {"uv": [0, 0, 0, 0], "rotation": 90, "texture": "#1"},
				"down": {"uv": [0, 0, 0, 0], "rotation": 90, "texture": "#1"}
			}
		},
		{
			"name": "ボタン2",
			"from": [6.45, 10.85, 5.9],
			"to": [7.25, 11.65, 5.9],
			"rotation": {"angle": 0, "axis": "x", "origin": [0, -2, 0]},
			"faces": {
				"north": {"uv": [15.25, 9.5, 15.5, 9.75], "texture": "#1"},
				"east": {"uv": [0, 0, 0, 0], "rotation": 90, "texture": "#1"},
				"south": {"uv": [15.25, 9.5, 15.5, 9.75], "texture": "#1"},
				"west": {"uv": [0, 0, 0, 0], "rotation": 90, "texture": "#1"},
				"up": {"uv": [0, 0, 0, 0], "rotation": 90, "texture": "#1"},
				"down": {"uv": [0, 0, 0, 0], "rotation": 90, "texture": "#1"}
			}
		},
		{
			"name": "ボタン3",
			"from": [9.25, 1.75, 5.795],
			"to": [10.75, 3.25, 5.795],
			"rotation": {"angle": 0, "axis": "x", "origin": [0, -2, 0]},
			"faces": {
				"north": {"uv": [2.75, 4, 4, 5.25], "texture": "#1"},
				"east": {"uv": [0, 0, 0, 0], "rotation": 90, "texture": "#1"},
				"south": {"uv": [4, 5.25, 2.75, 4], "texture": "#1"},
				"west": {"uv": [0, 0, 0, 0], "rotation": 90, "texture": "#1"},
				"up": {"uv": [0, 0, 0, 0], "rotation": 90, "texture": "#1"},
				"down": {"uv": [0, 0, 0, 0], "rotation": 90, "texture": "#1"}
			}
		},
		{
			"name": "ボタン4",
			"from": [5.15, 1.75, 5.795],
			"to": [6.65, 3.25, 5.795],
			"rotation": {"angle": 0, "axis": "x", "origin": [0, -2, 0]},
			"faces": {
				"north": {"uv": [2.75, 4, 4, 5.25], "texture": "#1"},
				"east": {"uv": [0, 0, 0, 0], "rotation": 90, "texture": "#1"},
				"south": {"uv": [4, 5.25, 2.75, 4], "texture": "#1"},
				"west": {"uv": [0, 0, 0, 0], "rotation": 90, "texture": "#1"},
				"up": {"uv": [0, 0, 0, 0], "rotation": 90, "texture": "#1"},
				"down": {"uv": [0, 0, 0, 0], "rotation": 90, "texture": "#1"}
			}
		},
		{
			"name": "ボタン5",
			"from": [7, 13, 5.9],
			"to": [9, 14, 5.9],
			"rotation": {"angle": 0, "axis": "x", "origin": [0, -2, 0]},
			"faces": {
				"north": {"uv": [13.5, 7.75, 14, 8], "texture": "#1"},
				"east": {"uv": [0, 0, 0, 0], "rotation": 90, "texture": "#1"},
				"south": {"uv": [14, 7.75, 13.5, 8], "texture": "#1"},
				"west": {"uv": [0, 0, 0, 0], "rotation": 90, "texture": "#1"},
				"up": {"uv": [0, 0, 0, 0], "rotation": 90, "texture": "#1"},
				"down": {"uv": [0, 0, 0, 0], "rotation": 90, "texture": "#1"}
			}
		}
	],
	"display": {
		"head": {
			"translation": [0, -27, 0],
			"scale": [1.6, 1.6, 1.6]
		}
	},
	"groups": [
		{
			"name": "Body",
			"origin": [0, 24, 0],
			"color": 0,
			"children": [0, 1, 2, 3, 4, 5, 6, 7]
		}
	]
}