{
	"credit": "Made with Blockbench",
	"texture_size": [32, 32],
	"textures": {
		"2": "3d_item/stick/entity/zedra_cloak",
		"particle": "3d_item/stick/entity/zedra"
	},
	"elements": [
		{
			"from": [12, 8, 8],
			"to": [13, 11, 14],
			"faces": {
				"north": {"uv": [4.5, 0, 5, 1.5], "texture": "#2"},
				"east": {"uv": [2, 0, 5, 1.5], "texture": "#2"},
				"south": {"uv": [2, 0, 2.5, 1.5], "texture": "#2"},
				"west": {"uv": [5, 0, 2, 1.5], "texture": "#2"},
				"up": {"uv": [5, 0.5, 2, 0], "rotation": 90, "texture": "#2"},
				"down": {"uv": [2, 1.5, 5, 1], "rotation": 90, "texture": "#2"}
			}
		},
		{
			"from": [3, 8, 8],
			"to": [4, 11, 14],
			"faces": {
				"north": {"uv": [4.5, 0, 5, 1.5], "texture": "#2"},
				"east": {"uv": [2, 0, 5, 1.5], "texture": "#2"},
				"south": {"uv": [2, 0, 2.5, 1.5], "texture": "#2"},
				"west": {"uv": [5, 0, 2, 1.5], "texture": "#2"},
				"up": {"uv": [5, 0.5, 2, 0], "rotation": 90, "texture": "#2"},
				"down": {"uv": [2, 1.5, 5, 1], "rotation": 90, "texture": "#2"}
			}
		},
		{
			"from": [2.995, 8, 13.1],
			"to": [13.005, 11.005, 14.1],
			"faces": {
				"north": {"uv": [0, 1.5, 5, 3], "texture": "#2"},
				"east": {"uv": [2, 0, 2.5, 1.5], "texture": "#2"},
				"south": {"uv": [0, 1.5, 5, 3], "texture": "#2"},
				"west": {"uv": [2, 0, 2.5, 1.5], "texture": "#2"},
				"up": {"uv": [0, 2, 5, 1.5], "texture": "#2"},
				"down": {"uv": [5, 2.5, 0, 3], "texture": "#2"}
			}
		},
		{
			"from": [3.005, 7.995, 8.095],
			"to": [12.995, 8.995, 14.095],
			"faces": {
				"north": {"uv": [0, 0, 0.5, 0.5], "texture": "#2"},
				"east": {"uv": [0, 0, 0.5, 0.5], "texture": "#2"},
				"south": {"uv": [0, 0, 0, 0], "texture": "#2"},
				"west": {"uv": [0, 0, 0.5, 0.5], "texture": "#2"},
				"up": {"uv": [5, 6, 0, 3], "texture": "#2"},
				"down": {"uv": [5, 3, 0, 6], "texture": "#2"}
			}
		},
		{
			"from": [4, 6, 10.5],
			"to": [12, 8, 11.5],
			"faces": {
				"north": {"uv": [0, 6, 4, 7], "texture": "#2"},
				"east": {"uv": [3.5, 7, 4, 8], "texture": "#2"},
				"south": {"uv": [0, 7, 4, 8], "texture": "#2"},
				"west": {"uv": [0, 7, 0.5, 8], "texture": "#2"},
				"up": {"uv": [4, 8.5, 0, 8], "texture": "#2"},
				"down": {"uv": [4, 8, 0, 8.5], "texture": "#2"}
			}
		}
	],
	"display": {
		"head": {
			"translation": [0, -27, 0],
			"scale": [1.6, 1.6, 1.6]
		}
	},
	"groups": [
		{
			"name": "Cloak",
			"origin": [8, 8, 8],
			"color": 0,
			"children": [0, 1, 2, 3, 4]
		}
	]
}