{
	"credit": "Made with Blockbench",
	"texture_size": [32, 32],
	"textures": {
		"1": "3d_item/stick/entity/zedra",
		"particle": "3d_item/stick/entity/zedra"
	},
	"elements": [
		{
			"name": "Head",
			"from": [4, 8, 4],
			"to": [12, 16, 12],
			"faces": {
				"north": {"uv": [14, 14, 16, 16], "texture": "#1"},
				"east": {"uv": [0, 2, 2, 4], "texture": "#1"},
				"south": {"uv": [6, 2, 8, 4], "texture": "#1"},
				"west": {"uv": [4, 2, 6, 4], "texture": "#1"},
				"up": {"uv": [4, 2, 2, 0], "texture": "#1"},
				"down": {"uv": [6, 0, 4, 2], "texture": "#1"}
			}
		},
		{
			"name": "Hat Layer",
			"from": [3.5, 7.1, 3.5],
			"to": [12.5, 16.1, 12.5],
			"faces": {
				"north": {"uv": [10, 2, 12, 4], "texture": "#1"},
				"east": {"uv": [8, 2, 10, 4], "texture": "#1"},
				"south": {"uv": [14, 2, 16, 4], "texture": "#1"},
				"west": {"uv": [12, 2, 14, 4], "texture": "#1"},
				"up": {"uv": [12, 2, 10, 0], "texture": "#1"},
				"down": {"uv": [14, 0, 12, 2], "texture": "#1"}
			}
		},
		{
			"name": "Back Head1",
			"from": [10, 14, 10],
			"to": [12.4, 16.4, 12.4],
			"rotation": {"angle": 0, "axis": "y", "origin": [-6.55, 3.7, -0.55]},
			"faces": {
				"north": {"uv": [6, 0, 6.75, 0.75], "texture": "#1"},
				"east": {"uv": [6, 0, 6.75, 0.75], "texture": "#1"},
				"south": {"uv": [6, 0, 6.75, 0.75], "texture": "#1"},
				"west": {"uv": [6, 0, 6.75, 0.75], "texture": "#1"},
				"up": {"uv": [6, 0, 6.75, 0.75], "texture": "#1"},
				"down": {"uv": [6, 0, 6.75, 0.75], "texture": "#1"}
			}
		},
		{
			"name": "Back Head2",
			"from": [3.6, 14, 10],
			"to": [6, 16.4, 12.4],
			"rotation": {"angle": 0, "axis": "y", "origin": [-6.55, 3.7, -0.55]},
			"faces": {
				"north": {"uv": [6, 0, 6.75, 0.75], "texture": "#1"},
				"east": {"uv": [6, 0, 6.75, 0.75], "texture": "#1"},
				"south": {"uv": [6, 0, 6.75, 0.75], "texture": "#1"},
				"west": {"uv": [6, 0, 6.75, 0.75], "texture": "#1"},
				"up": {"uv": [6, 0, 6.75, 0.75], "texture": "#1"},
				"down": {"uv": [6, 0, 6.75, 0.75], "texture": "#1"}
			}
		},
		{
			"from": [12.23928, 14.05067, 10.71494],
			"to": [12.71448, 14.52587, 11.66534],
			"rotation": {"angle": 0, "axis": "y", "origin": [13.18968, 28.05067, 10.71494]},
			"faces": {
				"north": {"uv": [5, 14, 6, 15], "texture": "#1"},
				"east": {"uv": [5, 13, 7, 14], "texture": "#1"},
				"south": {"uv": [6, 15, 5, 14], "texture": "#1"},
				"west": {"uv": [5, 13, 7, 14], "texture": "#1"},
				"up": {"uv": [5, 13, 7, 14], "rotation": 90, "texture": "#1"},
				"down": {"uv": [5, 14, 7, 13], "rotation": 90, "texture": "#1"}
			}
		},
		{
			"from": [12.2868, 13.76555, 10.95254],
			"to": [12.66696, 14.05067, 11.42774],
			"rotation": {"angle": 0, "axis": "y", "origin": [13.18968, 28.05067, 10.71494]},
			"faces": {
				"north": {"uv": [5, 15, 6, 15.75], "texture": "#1"},
				"east": {"uv": [4.25, 13, 5, 14.25], "rotation": 90, "texture": "#1"},
				"south": {"uv": [5, 15, 6, 15.75], "texture": "#1"},
				"west": {"uv": [4.25, 13, 5, 14.25], "rotation": 90, "texture": "#1"},
				"up": {"uv": [4, 14.25, 5, 15.5], "texture": "#1"},
				"down": {"uv": [4, 14.25, 5, 15.5], "texture": "#1"}
			}
		},
		{
			"from": [12.24165, 17.47913, 19.38567],
			"to": [12.7121, 17.95433, 20.33607],
			"rotation": {"angle": 45, "axis": "x", "origin": [13.18968, 27.37863, 11.38697]},
			"faces": {
				"north": {"uv": [5, 14, 6, 15], "texture": "#1"},
				"east": {"uv": [5, 13, 7, 14], "texture": "#1"},
				"south": {"uv": [6, 15, 5, 14], "texture": "#1"},
				"west": {"uv": [5, 13, 7, 14], "texture": "#1"},
				"up": {"uv": [5, 13, 7, 14], "rotation": 90, "texture": "#1"},
				"down": {"uv": [5, 14, 7, 13], "rotation": 90, "texture": "#1"}
			}
		},
		{
			"from": [12.2868, 17.19401, 19.62327],
			"to": [12.66696, 17.47913, 20.09847],
			"rotation": {"angle": 45, "axis": "x", "origin": [13.18968, 27.37863, 11.38697]},
			"faces": {
				"north": {"uv": [5, 15, 6, 15.75], "texture": "#1"},
				"east": {"uv": [4.25, 13, 5, 14.25], "rotation": 90, "texture": "#1"},
				"south": {"uv": [5, 15, 6, 15.75], "texture": "#1"},
				"west": {"uv": [4.25, 13, 5, 14.25], "rotation": 90, "texture": "#1"},
				"up": {"uv": [4, 14.25, 5, 15.5], "texture": "#1"},
				"down": {"uv": [4, 14.25, 5, 15.5], "texture": "#1"}
			}
		},
		{
			"from": [12.23928, 14.7227, 10.0429],
			"to": [12.71448, 15.6731, 10.5181],
			"rotation": {"angle": 0, "axis": "x", "origin": [13.18968, 28.7227, 10.5181]},
			"faces": {
				"north": {"uv": [5, 13, 7, 14], "rotation": 90, "texture": "#1"},
				"east": {"uv": [5, 13, 7, 14], "rotation": 90, "texture": "#1"},
				"south": {"uv": [7, 14, 5, 13], "rotation": 90, "texture": "#1"},
				"west": {"uv": [5, 13, 7, 14], "rotation": 90, "texture": "#1"},
				"up": {"uv": [5, 14, 6, 15], "rotation": 90, "texture": "#1"},
				"down": {"uv": [5, 15, 6, 14], "rotation": 90, "texture": "#1"}
			}
		},
		{
			"from": [12.2868, 14.9603, 9.75778],
			"to": [12.66696, 15.4355, 10.0429],
			"rotation": {"angle": 0, "axis": "x", "origin": [13.18968, 28.7227, 10.5181]},
			"faces": {
				"north": {"uv": [5, 15.5, 4, 14.25], "texture": "#1"},
				"east": {"uv": [4.25, 14.25, 5, 13], "texture": "#1"},
				"south": {"uv": [4, 15.5, 5, 14.25], "texture": "#1"},
				"west": {"uv": [5, 14.25, 4.25, 13], "texture": "#1"},
				"up": {"uv": [5, 15.75, 6, 15], "texture": "#1"},
				"down": {"uv": [5, 15, 6, 15.75], "texture": "#1"}
			}
		},
		{
			"from": [12.24165, 19.43758, 0.47942],
			"to": [12.7121, 19.91278, 1.42982],
			"rotation": {"angle": -45, "axis": "x", "origin": [13.18968, 29.33708, 10.37892]},
			"faces": {
				"north": {"uv": [5, 14, 6, 15], "texture": "#1"},
				"east": {"uv": [5, 13, 7, 14], "texture": "#1"},
				"south": {"uv": [6, 15, 5, 14], "texture": "#1"},
				"west": {"uv": [5, 13, 7, 14], "texture": "#1"},
				"up": {"uv": [5, 13, 7, 14], "rotation": 90, "texture": "#1"},
				"down": {"uv": [5, 14, 7, 13], "rotation": 90, "texture": "#1"}
			}
		},
		{
			"from": [12.2868, 19.91278, 0.71702],
			"to": [12.66696, 20.1979, 1.19222],
			"rotation": {"angle": -45, "axis": "x", "origin": [13.18968, 29.33708, 10.37892]},
			"faces": {
				"north": {"uv": [6, 15.75, 5, 15], "texture": "#1"},
				"east": {"uv": [5, 13, 4.25, 14.25], "rotation": 90, "texture": "#1"},
				"south": {"uv": [5, 15.75, 6, 15], "texture": "#1"},
				"west": {"uv": [5, 14.25, 4.25, 13], "rotation": 90, "texture": "#1"},
				"up": {"uv": [4, 14.25, 5, 15.5], "texture": "#1"},
				"down": {"uv": [4, 14.25, 5, 15.5], "texture": "#1"}
			}
		},
		{
			"from": [12.23928, 15.86994, 10.71494],
			"to": [12.71448, 16.34514, 11.66534],
			"rotation": {"angle": 0, "axis": "y", "origin": [13.18968, 29.86994, 10.71494]},
			"faces": {
				"north": {"uv": [5, 14, 6, 15], "texture": "#1"},
				"east": {"uv": [5, 13, 7, 14], "texture": "#1"},
				"south": {"uv": [6, 15, 5, 14], "texture": "#1"},
				"west": {"uv": [5, 13, 7, 14], "texture": "#1"},
				"up": {"uv": [5, 13, 7, 14], "rotation": 90, "texture": "#1"},
				"down": {"uv": [5, 14, 7, 13], "rotation": 90, "texture": "#1"}
			}
		},
		{
			"from": [12.2868, 16.34514, 10.95254],
			"to": [12.66696, 16.63026, 11.42774],
			"rotation": {"angle": 0, "axis": "y", "origin": [13.18968, 29.86994, 10.71494]},
			"faces": {
				"north": {"uv": [6, 15.75, 5, 15], "texture": "#1"},
				"east": {"uv": [5, 13, 4.25, 14.25], "rotation": 90, "texture": "#1"},
				"south": {"uv": [5, 15.75, 6, 15], "texture": "#1"},
				"west": {"uv": [5, 14.25, 4.25, 13], "rotation": 90, "texture": "#1"},
				"up": {"uv": [4, 14.25, 5, 15.5], "texture": "#1"},
				"down": {"uv": [4, 14.25, 5, 15.5], "texture": "#1"}
			}
		},
		{
			"from": [12.23928, 14.7227, 11.86217],
			"to": [12.71448, 15.6731, 12.33737],
			"rotation": {"angle": 0, "axis": "x", "origin": [13.18968, 29.6731, 11.86217]},
			"faces": {
				"north": {"uv": [5, 13, 7, 14], "rotation": 90, "texture": "#1"},
				"east": {"uv": [5, 13, 7, 14], "rotation": 90, "texture": "#1"},
				"south": {"uv": [7, 14, 5, 13], "rotation": 90, "texture": "#1"},
				"west": {"uv": [5, 13, 7, 14], "rotation": 90, "texture": "#1"},
				"up": {"uv": [5, 14, 6, 15], "rotation": 90, "texture": "#1"},
				"down": {"uv": [5, 15, 6, 14], "rotation": 90, "texture": "#1"}
			}
		},
		{
			"from": [12.2868, 14.9603, 12.33737],
			"to": [12.66696, 15.4355, 12.62249],
			"rotation": {"angle": 0, "axis": "x", "origin": [13.18968, 29.6731, 11.86217]},
			"faces": {
				"north": {"uv": [5, 15.5, 4, 14.25], "texture": "#1"},
				"east": {"uv": [5, 14.25, 4.25, 13], "texture": "#1"},
				"south": {"uv": [4, 15.5, 5, 14.25], "texture": "#1"},
				"west": {"uv": [4.25, 13, 5, 14.25], "texture": "#1"},
				"up": {"uv": [5, 15, 6, 15.75], "texture": "#1"},
				"down": {"uv": [5, 15.75, 6, 15], "texture": "#1"}
			}
		},
		{
			"from": [12.24165, 20.10962, 21.22882],
			"to": [12.7121, 20.58482, 22.17922],
			"rotation": {"angle": 45, "axis": "x", "origin": [13.18968, 30.00912, 11.32932]},
			"faces": {
				"north": {"uv": [5, 14, 6, 15], "texture": "#1"},
				"east": {"uv": [5, 13, 7, 14], "texture": "#1"},
				"south": {"uv": [6, 15, 5, 14], "texture": "#1"},
				"west": {"uv": [5, 13, 7, 14], "texture": "#1"},
				"up": {"uv": [5, 13, 7, 14], "rotation": 90, "texture": "#1"},
				"down": {"uv": [5, 14, 7, 13], "rotation": 90, "texture": "#1"}
			}
		},
		{
			"from": [12.2868, 20.58482, 21.46642],
			"to": [12.66696, 20.86994, 21.94162],
			"rotation": {"angle": 45, "axis": "x", "origin": [13.18968, 30.00912, 11.32932]},
			"faces": {
				"north": {"uv": [6, 15.75, 5, 15], "texture": "#1"},
				"east": {"uv": [5, 13, 4.25, 14.25], "rotation": 90, "texture": "#1"},
				"south": {"uv": [5, 15.75, 6, 15], "texture": "#1"},
				"west": {"uv": [5, 14.25, 4.25, 13], "rotation": 90, "texture": "#1"},
				"up": {"uv": [4, 14.25, 5, 15.5], "texture": "#1"},
				"down": {"uv": [4, 14.25, 5, 15.5], "texture": "#1"}
			}
		},
		{
			"from": [12.24165, 18.15117, 1.76584],
			"to": [12.7121, 18.62637, 2.71624],
			"rotation": {"angle": -45, "axis": "x", "origin": [13.18968, 28.05067, 11.66534]},
			"faces": {
				"north": {"uv": [5, 14, 6, 15], "texture": "#1"},
				"east": {"uv": [5, 13, 7, 14], "texture": "#1"},
				"south": {"uv": [6, 15, 5, 14], "texture": "#1"},
				"west": {"uv": [5, 13, 7, 14], "texture": "#1"},
				"up": {"uv": [5, 13, 7, 14], "rotation": 90, "texture": "#1"},
				"down": {"uv": [5, 14, 7, 13], "rotation": 90, "texture": "#1"}
			}
		},
		{
			"from": [12.2868, 17.86605, 2.00344],
			"to": [12.66696, 18.15117, 2.47864],
			"rotation": {"angle": -45, "axis": "x", "origin": [13.18968, 28.05067, 11.66534]},
			"faces": {
				"north": {"uv": [5, 15, 6, 15.75], "texture": "#1"},
				"east": {"uv": [4.25, 13, 5, 14.25], "rotation": 90, "texture": "#1"},
				"south": {"uv": [5, 15, 6, 15.75], "texture": "#1"},
				"west": {"uv": [4.25, 13, 5, 14.25], "rotation": 90, "texture": "#1"},
				"up": {"uv": [4, 14.25, 5, 15.5], "texture": "#1"},
				"down": {"uv": [4, 14.25, 5, 15.5], "texture": "#1"}
			}
		},
		{
			"from": [3.23928, 14.05067, 10.71494],
			"to": [3.71448, 14.52587, 11.66534],
			"rotation": {"angle": 0, "axis": "y", "origin": [4.18968, 28.05067, 10.71494]},
			"faces": {
				"north": {"uv": [5, 14, 6, 15], "texture": "#1"},
				"east": {"uv": [5, 13, 7, 14], "texture": "#1"},
				"south": {"uv": [6, 15, 5, 14], "texture": "#1"},
				"west": {"uv": [5, 13, 7, 14], "texture": "#1"},
				"up": {"uv": [5, 13, 7, 14], "rotation": 90, "texture": "#1"},
				"down": {"uv": [5, 14, 7, 13], "rotation": 90, "texture": "#1"}
			}
		},
		{
			"from": [3.2868, 13.76555, 10.95254],
			"to": [3.66696, 14.05067, 11.42774],
			"rotation": {"angle": 0, "axis": "y", "origin": [4.18968, 28.05067, 10.71494]},
			"faces": {
				"north": {"uv": [5, 15, 6, 15.75], "texture": "#1"},
				"east": {"uv": [4.25, 13, 5, 14.25], "rotation": 90, "texture": "#1"},
				"south": {"uv": [5, 15, 6, 15.75], "texture": "#1"},
				"west": {"uv": [4.25, 13, 5, 14.25], "rotation": 90, "texture": "#1"},
				"up": {"uv": [4, 14.25, 5, 15.5], "texture": "#1"},
				"down": {"uv": [4, 14.25, 5, 15.5], "texture": "#1"}
			}
		},
		{
			"from": [3.24165, 17.47913, 19.38567],
			"to": [3.7121, 17.95433, 20.33607],
			"rotation": {"angle": 45, "axis": "x", "origin": [4.18968, 27.37863, 11.38697]},
			"faces": {
				"north": {"uv": [5, 14, 6, 15], "texture": "#1"},
				"east": {"uv": [5, 13, 7, 14], "texture": "#1"},
				"south": {"uv": [6, 15, 5, 14], "texture": "#1"},
				"west": {"uv": [5, 13, 7, 14], "texture": "#1"},
				"up": {"uv": [5, 13, 7, 14], "rotation": 90, "texture": "#1"},
				"down": {"uv": [5, 14, 7, 13], "rotation": 90, "texture": "#1"}
			}
		},
		{
			"from": [3.2868, 17.19401, 19.62327],
			"to": [3.66696, 17.47913, 20.09847],
			"rotation": {"angle": 45, "axis": "x", "origin": [4.18968, 27.37863, 11.38697]},
			"faces": {
				"north": {"uv": [5, 15, 6, 15.75], "texture": "#1"},
				"east": {"uv": [4.25, 13, 5, 14.25], "rotation": 90, "texture": "#1"},
				"south": {"uv": [5, 15, 6, 15.75], "texture": "#1"},
				"west": {"uv": [4.25, 13, 5, 14.25], "rotation": 90, "texture": "#1"},
				"up": {"uv": [4, 14.25, 5, 15.5], "texture": "#1"},
				"down": {"uv": [4, 14.25, 5, 15.5], "texture": "#1"}
			}
		},
		{
			"from": [3.23928, 14.7227, 10.0429],
			"to": [3.71448, 15.6731, 10.5181],
			"rotation": {"angle": 0, "axis": "x", "origin": [4.18968, 28.7227, 10.5181]},
			"faces": {
				"north": {"uv": [5, 13, 7, 14], "rotation": 90, "texture": "#1"},
				"east": {"uv": [5, 13, 7, 14], "rotation": 90, "texture": "#1"},
				"south": {"uv": [7, 14, 5, 13], "rotation": 90, "texture": "#1"},
				"west": {"uv": [5, 13, 7, 14], "rotation": 90, "texture": "#1"},
				"up": {"uv": [5, 14, 6, 15], "rotation": 90, "texture": "#1"},
				"down": {"uv": [5, 15, 6, 14], "rotation": 90, "texture": "#1"}
			}
		},
		{
			"from": [3.2868, 14.9603, 9.75778],
			"to": [3.66696, 15.4355, 10.0429],
			"rotation": {"angle": 0, "axis": "x", "origin": [4.18968, 28.7227, 10.5181]},
			"faces": {
				"north": {"uv": [5, 15.5, 4, 14.25], "texture": "#1"},
				"east": {"uv": [4.25, 14.25, 5, 13], "texture": "#1"},
				"south": {"uv": [4, 15.5, 5, 14.25], "texture": "#1"},
				"west": {"uv": [5, 14.25, 4.25, 13], "texture": "#1"},
				"up": {"uv": [5, 15.75, 6, 15], "texture": "#1"},
				"down": {"uv": [5, 15, 6, 15.75], "texture": "#1"}
			}
		},
		{
			"from": [3.24165, 19.43758, 0.47942],
			"to": [3.7121, 19.91278, 1.42982],
			"rotation": {"angle": -45, "axis": "x", "origin": [4.18968, 29.33708, 10.37892]},
			"faces": {
				"north": {"uv": [5, 14, 6, 15], "texture": "#1"},
				"east": {"uv": [5, 13, 7, 14], "texture": "#1"},
				"south": {"uv": [6, 15, 5, 14], "texture": "#1"},
				"west": {"uv": [5, 13, 7, 14], "texture": "#1"},
				"up": {"uv": [5, 13, 7, 14], "rotation": 90, "texture": "#1"},
				"down": {"uv": [5, 14, 7, 13], "rotation": 90, "texture": "#1"}
			}
		},
		{
			"from": [3.2868, 19.91278, 0.71702],
			"to": [3.66696, 20.1979, 1.19222],
			"rotation": {"angle": -45, "axis": "x", "origin": [4.18968, 29.33708, 10.37892]},
			"faces": {
				"north": {"uv": [6, 15.75, 5, 15], "texture": "#1"},
				"east": {"uv": [5, 13, 4.25, 14.25], "rotation": 90, "texture": "#1"},
				"south": {"uv": [5, 15.75, 6, 15], "texture": "#1"},
				"west": {"uv": [5, 14.25, 4.25, 13], "rotation": 90, "texture": "#1"},
				"up": {"uv": [4, 14.25, 5, 15.5], "texture": "#1"},
				"down": {"uv": [4, 14.25, 5, 15.5], "texture": "#1"}
			}
		},
		{
			"from": [3.23928, 15.86994, 10.71494],
			"to": [3.71448, 16.34514, 11.66534],
			"rotation": {"angle": 0, "axis": "y", "origin": [4.18968, 29.86994, 10.71494]},
			"faces": {
				"north": {"uv": [5, 14, 6, 15], "texture": "#1"},
				"east": {"uv": [5, 13, 7, 14], "texture": "#1"},
				"south": {"uv": [6, 15, 5, 14], "texture": "#1"},
				"west": {"uv": [5, 13, 7, 14], "texture": "#1"},
				"up": {"uv": [5, 13, 7, 14], "rotation": 90, "texture": "#1"},
				"down": {"uv": [5, 14, 7, 13], "rotation": 90, "texture": "#1"}
			}
		},
		{
			"from": [3.2868, 16.34514, 10.95254],
			"to": [3.66696, 16.63026, 11.42774],
			"rotation": {"angle": 0, "axis": "y", "origin": [4.18968, 29.86994, 10.71494]},
			"faces": {
				"north": {"uv": [6, 15.75, 5, 15], "texture": "#1"},
				"east": {"uv": [5, 13, 4.25, 14.25], "rotation": 90, "texture": "#1"},
				"south": {"uv": [5, 15.75, 6, 15], "texture": "#1"},
				"west": {"uv": [5, 14.25, 4.25, 13], "rotation": 90, "texture": "#1"},
				"up": {"uv": [4, 14.25, 5, 15.5], "texture": "#1"},
				"down": {"uv": [4, 14.25, 5, 15.5], "texture": "#1"}
			}
		},
		{
			"from": [3.23928, 14.7227, 11.86217],
			"to": [3.71448, 15.6731, 12.33737],
			"rotation": {"angle": 0, "axis": "x", "origin": [4.18968, 29.6731, 11.86217]},
			"faces": {
				"north": {"uv": [5, 13, 7, 14], "rotation": 90, "texture": "#1"},
				"east": {"uv": [5, 13, 7, 14], "rotation": 90, "texture": "#1"},
				"south": {"uv": [7, 14, 5, 13], "rotation": 90, "texture": "#1"},
				"west": {"uv": [5, 13, 7, 14], "rotation": 90, "texture": "#1"},
				"up": {"uv": [5, 14, 6, 15], "rotation": 90, "texture": "#1"},
				"down": {"uv": [5, 15, 6, 14], "rotation": 90, "texture": "#1"}
			}
		},
		{
			"from": [3.2868, 14.9603, 12.33737],
			"to": [3.66696, 15.4355, 12.62249],
			"rotation": {"angle": 0, "axis": "x", "origin": [4.18968, 29.6731, 11.86217]},
			"faces": {
				"north": {"uv": [5, 15.5, 4, 14.25], "texture": "#1"},
				"east": {"uv": [5, 14.25, 4.25, 13], "texture": "#1"},
				"south": {"uv": [4, 15.5, 5, 14.25], "texture": "#1"},
				"west": {"uv": [4.25, 13, 5, 14.25], "texture": "#1"},
				"up": {"uv": [5, 15, 6, 15.75], "texture": "#1"},
				"down": {"uv": [5, 15.75, 6, 15], "texture": "#1"}
			}
		},
		{
			"from": [3.24165, 20.10962, 21.22882],
			"to": [3.7121, 20.58482, 22.17922],
			"rotation": {"angle": 45, "axis": "x", "origin": [4.18968, 30.00912, 11.32932]},
			"faces": {
				"north": {"uv": [5, 14, 6, 15], "texture": "#1"},
				"east": {"uv": [5, 13, 7, 14], "texture": "#1"},
				"south": {"uv": [6, 15, 5, 14], "texture": "#1"},
				"west": {"uv": [5, 13, 7, 14], "texture": "#1"},
				"up": {"uv": [5, 13, 7, 14], "rotation": 90, "texture": "#1"},
				"down": {"uv": [5, 14, 7, 13], "rotation": 90, "texture": "#1"}
			}
		},
		{
			"from": [3.2868, 20.58482, 21.46642],
			"to": [3.66696, 20.86994, 21.94162],
			"rotation": {"angle": 45, "axis": "x", "origin": [4.18968, 30.00912, 11.32932]},
			"faces": {
				"north": {"uv": [6, 15.75, 5, 15], "texture": "#1"},
				"east": {"uv": [5, 13, 4.25, 14.25], "rotation": 90, "texture": "#1"},
				"south": {"uv": [5, 15.75, 6, 15], "texture": "#1"},
				"west": {"uv": [5, 14.25, 4.25, 13], "rotation": 90, "texture": "#1"},
				"up": {"uv": [4, 14.25, 5, 15.5], "texture": "#1"},
				"down": {"uv": [4, 14.25, 5, 15.5], "texture": "#1"}
			}
		},
		{
			"from": [3.24165, 18.15117, 1.76584],
			"to": [3.7121, 18.62637, 2.71624],
			"rotation": {"angle": -45, "axis": "x", "origin": [4.18968, 28.05067, 11.66534]},
			"faces": {
				"north": {"uv": [5, 14, 6, 15], "texture": "#1"},
				"east": {"uv": [5, 13, 7, 14], "texture": "#1"},
				"south": {"uv": [6, 15, 5, 14], "texture": "#1"},
				"west": {"uv": [5, 13, 7, 14], "texture": "#1"},
				"up": {"uv": [5, 13, 7, 14], "rotation": 90, "texture": "#1"},
				"down": {"uv": [5, 14, 7, 13], "rotation": 90, "texture": "#1"}
			}
		},
		{
			"from": [3.2868, 17.86605, 2.00344],
			"to": [3.66696, 18.15117, 2.47864],
			"rotation": {"angle": -45, "axis": "x", "origin": [4.18968, 28.05067, 11.66534]},
			"faces": {
				"north": {"uv": [5, 15, 6, 15.75], "texture": "#1"},
				"east": {"uv": [4.25, 13, 5, 14.25], "rotation": 90, "texture": "#1"},
				"south": {"uv": [5, 15, 6, 15.75], "texture": "#1"},
				"west": {"uv": [4.25, 13, 5, 14.25], "rotation": 90, "texture": "#1"},
				"up": {"uv": [4, 14.25, 5, 15.5], "texture": "#1"},
				"down": {"uv": [4, 14.25, 5, 15.5], "texture": "#1"}
			}
		},
		{
			"from": [3.5, 8.81569, 16.14243],
			"to": [3.5, 11.81569, 22.14243],
			"rotation": {"angle": -22.5, "axis": "x", "origin": [0, 0, 0]},
			"faces": {
				"north": {"uv": [0, 0, 0, 0], "texture": "#1"},
				"east": {"uv": [8.5, 0.75, 6, 2], "texture": "#1"},
				"south": {"uv": [0, 0, 0, 0], "texture": "#1"},
				"west": {"uv": [6, 0.75, 8.5, 2], "texture": "#1"},
				"up": {"uv": [0, 0, 0, 0], "texture": "#1"},
				"down": {"uv": [0, 0, 0, 0], "texture": "#1"}
			}
		},
		{
			"from": [12.4, 8.81569, 16.14243],
			"to": [12.4, 11.81569, 22.14243],
			"rotation": {"angle": -22.5, "axis": "x", "origin": [0, 0, 0]},
			"faces": {
				"north": {"uv": [0, 0, 0, 0], "texture": "#1"},
				"east": {"uv": [8.5, 0.75, 6, 2], "texture": "#1"},
				"south": {"uv": [0, 0, 0, 0], "texture": "#1"},
				"west": {"uv": [6, 0.75, 8.5, 2], "texture": "#1"},
				"up": {"uv": [0, 0, 0, 0], "texture": "#1"},
				"down": {"uv": [0, 0, 0, 0], "texture": "#1"}
			}
		}
	],
	"display": {
		"head": {
			"translation": [0, -27, 0],
			"scale": [1.6, 1.6, 1.6]
		}
	},
	"groups": [
		{
			"name": "Head",
			"origin": [0, 24, 0],
			"rotation": [6, -5, 0],
			"color": 0,
			"children": [
				0,
				1,
				2,
				3,
				{
					"name": "Gear",
					"origin": [8, 8, 8],
					"color": 0,
					"children": [4, 5, 6, 7, 8, 9, 10, 11, 12, 13, 14, 15, 16, 17, 18, 19]
				},
				{
					"name": "Gear",
					"origin": [8, 8, 8],
					"color": 0,
					"children": [20, 21, 22, 23, 24, 25, 26, 27, 28, 29, 30, 31, 32, 33, 34, 35]
				},
				{
					"name": "Option",
					"origin": [8, 8, 8],
					"color": 0,
					"children": [36, 37]
				}
			]
		}
	]
}