{
	"credit": "Made with Blockbench",
	"textures": {
		"0": "3d_item/stick/entity/blue_pixely",
		"particle": "3d_item/stick/entity/blue_pixely"
	},
	"elements": [
		{
			"from": [4, 4, 4],
			"to": [12, 12, 12],
			"rotation": {"angle": 0, "axis": "y", "origin": [8, 8, 8]},
			"faces": {
				"north": {"uv": [0, 0, 8, 8], "texture": "#0"},
				"east": {"uv": [0, 8, 8, 16], "texture": "#0"},
				"south": {"uv": [8, 0, 16, 8], "texture": "#0"},
				"west": {"uv": [8, 8, 0, 16], "texture": "#0"},
				"up": {"uv": [16, 16, 8, 8], "texture": "#0"},
				"down": {"uv": [16, 8, 8, 16], "texture": "#0"}
			}
		}
	]
}