{
	"credit": "Made by AnminMakura",
	"textures": {
		"layer1": "3d_item/carrot_on_a_stick/entity/oil_drum_move",
		"particle": "3d_item/carrot_on_a_stick/entity/oil_drum_side"
	},
	"elements": [
		{
			"name": "center",
			"from": [0, 2, 2],
			"to": [16, 14, 14],
			"rotation": {"angle": 0, "axis": "y", "origin": [8, 8, 8]},
			"faces": {
				"north": {"uv": [4.5, 0, 7.5, 4], "rotation": 90, "texture": "#layer1"},
				"east": {"uv": [3.5, 0.5, 0.5, 3.5], "texture": "#layer1"},
				"south": {"uv": [4.5, 0, 7.5, 4], "rotation": 270, "texture": "#layer1"},
				"west": {"uv": [0.5, 0.5, 3.5, 3.5], "texture": "#layer1"},
				"up": {"uv": [4.5, 0, 7.5, 4], "rotation": 270, "texture": "#layer1"},
				"down": {"uv": [4.5, 0, 7.5, 4], "rotation": 270, "texture": "#layer1"}
			}
		},
		{
			"name": "thick1",
			"from": [0, 1, 4],
			"to": [16, 15, 12],
			"rotation": {"angle": 0, "axis": "x", "origin": [8, 8, 8]},
			"faces": {
				"north": {"uv": [4.25, 0, 7.75, 4], "rotation": 90, "texture": "#layer1"},
				"east": {"uv": [3, 0.25, 1, 3.75], "texture": "#layer1"},
				"south": {"uv": [4.25, 0, 7.75, 4], "rotation": 270, "texture": "#layer1"},
				"west": {"uv": [1, 0.25, 3, 3.75], "texture": "#layer1"},
				"up": {"uv": [5, 0, 7, 4], "rotation": 270, "texture": "#layer1"},
				"down": {"uv": [5, 0, 7, 4], "rotation": 270, "texture": "#layer1"}
			}
		},
		{
			"name": "thin1",
			"from": [0, 0, 6],
			"to": [16, 16, 10],
			"rotation": {"angle": 0, "axis": "x", "origin": [8, 8, 8]},
			"faces": {
				"north": {"uv": [4, 0, 8, 4], "rotation": 90, "texture": "#layer1"},
				"east": {"uv": [2.5, 0, 1.5, 4], "texture": "#layer1"},
				"south": {"uv": [4, 0, 8, 4], "rotation": 270, "texture": "#layer1"},
				"west": {"uv": [1.5, 0, 2.5, 4], "texture": "#layer1"},
				"up": {"uv": [5.5, 0, 6.5, 4], "rotation": 270, "texture": "#layer1"},
				"down": {"uv": [5.5, 0, 6.5, 4], "rotation": 270, "texture": "#layer1"}
			}
		},
		{
			"name": "thick2",
			"from": [0, 4, 1],
			"to": [16, 12, 15],
			"rotation": {"angle": 0, "axis": "x", "origin": [8, 8, 8]},
			"faces": {
				"north": {"uv": [5, 0, 7, 4], "rotation": 90, "texture": "#layer1"},
				"east": {"uv": [3.75, 1, 0.25, 3], "texture": "#layer1"},
				"south": {"uv": [5, 0, 7, 4], "rotation": 270, "texture": "#layer1"},
				"west": {"uv": [0.25, 1, 3.75, 3], "texture": "#layer1"},
				"up": {"uv": [4.25, 0, 7.75, 4], "rotation": 270, "texture": "#layer1"},
				"down": {"uv": [4.25, 0, 7.75, 4], "rotation": 270, "texture": "#layer1"}
			}
		},
		{
			"name": "thin2",
			"from": [0, 6, 0],
			"to": [16, 10, 16],
			"rotation": {"angle": 0, "axis": "x", "origin": [8, 8, 8]},
			"faces": {
				"north": {"uv": [5.5, 0, 6.5, 4], "rotation": 90, "texture": "#layer1"},
				"east": {"uv": [4, 1.5, 0, 2.5], "texture": "#layer1"},
				"south": {"uv": [5.5, 0, 6.5, 4], "rotation": 270, "texture": "#layer1"},
				"west": {"uv": [0, 1.5, 4, 2.5], "texture": "#layer1"},
				"up": {"uv": [4, 0, 8, 4], "rotation": 270, "texture": "#layer1"},
				"down": {"uv": [4, 0, 8, 4], "rotation": 270, "texture": "#layer1"}
			}
		},
		{
			"name": "center",
			"from": [0, 2, 2],
			"to": [16, 14, 14],
			"rotation": {"angle": -22.5, "axis": "x", "origin": [8, 8, 8]},
			"faces": {
				"north": {"uv": [12.5, 0, 15.5, 4], "rotation": 90, "texture": "#layer1"},
				"east": {"uv": [11.5, 0.5, 8.5, 3.5], "texture": "#layer1"},
				"south": {"uv": [12.5, 0, 15.5, 4], "rotation": 270, "texture": "#layer1"},
				"west": {"uv": [8.5, 0.5, 11.5, 3.5], "texture": "#layer1"},
				"up": {"uv": [12.5, 0, 15.5, 4], "rotation": 270, "texture": "#layer1"},
				"down": {"uv": [12.5, 0, 15.5, 4], "rotation": 270, "texture": "#layer1"}
			}
		},
		{
			"name": "thick1",
			"from": [0, 1, 4],
			"to": [16, 15, 12],
			"rotation": {"angle": -22.5, "axis": "x", "origin": [8, 8, 8]},
			"faces": {
				"north": {"uv": [12.25, 0, 15.75, 4], "rotation": 90, "texture": "#layer1"},
				"east": {"uv": [11, 0.25, 9, 3.75], "texture": "#layer1"},
				"south": {"uv": [12.25, 0, 15.75, 4], "rotation": 270, "texture": "#layer1"},
				"west": {"uv": [9, 0.25, 11, 3.75], "texture": "#layer1"},
				"up": {"uv": [13, 0, 15, 4], "rotation": 270, "texture": "#layer1"},
				"down": {"uv": [13, 0, 15, 4], "rotation": 270, "texture": "#layer1"}
			}
		},
		{
			"name": "thin1",
			"from": [0, 0, 6],
			"to": [16, 16, 10],
			"rotation": {"angle": -22.5, "axis": "x", "origin": [8, 8, 8]},
			"faces": {
				"north": {"uv": [12, 0, 16, 4], "rotation": 90, "texture": "#layer1"},
				"east": {"uv": [10.5, 0, 9.5, 4], "texture": "#layer1"},
				"south": {"uv": [12, 0, 16, 4], "rotation": 270, "texture": "#layer1"},
				"west": {"uv": [9.5, 0, 10.5, 4], "texture": "#layer1"},
				"up": {"uv": [13.5, 0, 14.5, 4], "rotation": 270, "texture": "#layer1"},
				"down": {"uv": [13.5, 0, 14.5, 4], "rotation": 270, "texture": "#layer1"}
			}
		},
		{
			"name": "thick2",
			"from": [0, 4, 1],
			"to": [16, 12, 15],
			"rotation": {"angle": -22.5, "axis": "x", "origin": [8, 8, 8]},
			"faces": {
				"north": {"uv": [13, 0, 15, 4], "rotation": 90, "texture": "#layer1"},
				"east": {"uv": [11.75, 1, 8.25, 3], "texture": "#layer1"},
				"south": {"uv": [13, 0, 15, 4], "rotation": 270, "texture": "#layer1"},
				"west": {"uv": [8.25, 1, 11.75, 3], "texture": "#layer1"},
				"up": {"uv": [12.25, 0, 15.75, 4], "rotation": 270, "texture": "#layer1"},
				"down": {"uv": [12.25, 0, 15.75, 4], "rotation": 270, "texture": "#layer1"}
			}
		},
		{
			"name": "thin2",
			"from": [0, 6, 0],
			"to": [16, 10, 16],
			"rotation": {"angle": -22.5, "axis": "x", "origin": [8, 8, 8]},
			"faces": {
				"north": {"uv": [13.5, 0, 14.5, 4], "rotation": 90, "texture": "#layer1"},
				"east": {"uv": [12, 1.5, 8, 2.5], "texture": "#layer1"},
				"south": {"uv": [13.5, 0, 14.5, 4], "rotation": 270, "texture": "#layer1"},
				"west": {"uv": [8, 1.5, 12, 2.5], "texture": "#layer1"},
				"up": {"uv": [12, 0, 16, 4], "rotation": 270, "texture": "#layer1"},
				"down": {"uv": [12, 0, 16, 4], "rotation": 270, "texture": "#layer1"}
			}
		},
		{
			"name": "center",
			"from": [0, 2, 2],
			"to": [16, 14, 14],
			"rotation": {"angle": -45, "axis": "x", "origin": [8, 8, 8]},
			"faces": {
				"north": {"uv": [4.5, 8, 7.5, 12], "rotation": 90, "texture": "#layer1"},
				"east": {"uv": [3.5, 8.5, 0.5, 11.5], "texture": "#layer1"},
				"south": {"uv": [4.5, 8, 7.5, 12], "rotation": 270, "texture": "#layer1"},
				"west": {"uv": [0.5, 8.5, 3.5, 11.5], "texture": "#layer1"},
				"up": {"uv": [4.5, 8, 7.5, 12], "rotation": 270, "texture": "#layer1"},
				"down": {"uv": [4.5, 8, 7.5, 12], "rotation": 270, "texture": "#layer1"}
			}
		},
		{
			"name": "thick1",
			"from": [0, 1, 4],
			"to": [16, 15, 12],
			"rotation": {"angle": -45, "axis": "x", "origin": [8, 8, 8]},
			"faces": {
				"north": {"uv": [4.25, 8, 7.75, 12], "rotation": 90, "texture": "#layer1"},
				"east": {"uv": [3, 8.25, 1, 11.75], "texture": "#layer1"},
				"south": {"uv": [4.25, 8, 7.75, 12], "rotation": 270, "texture": "#layer1"},
				"west": {"uv": [1, 8.25, 3, 11.75], "texture": "#layer1"},
				"up": {"uv": [5, 8, 7, 12], "rotation": 270, "texture": "#layer1"},
				"down": {"uv": [5, 8, 7, 12], "rotation": 270, "texture": "#layer1"}
			}
		},
		{
			"name": "thin1",
			"from": [0, 0, 6],
			"to": [16, 16, 10],
			"rotation": {"angle": -45, "axis": "x", "origin": [8, 8, 8]},
			"faces": {
				"north": {"uv": [4, 8, 8, 12], "rotation": 90, "texture": "#layer1"},
				"east": {"uv": [2.5, 8, 1.5, 12], "texture": "#layer1"},
				"south": {"uv": [4, 8, 8, 12], "rotation": 270, "texture": "#layer1"},
				"west": {"uv": [1.5, 8, 2.5, 12], "texture": "#layer1"},
				"up": {"uv": [5.5, 8, 6.5, 12], "rotation": 270, "texture": "#layer1"},
				"down": {"uv": [5.5, 8, 6.5, 12], "rotation": 270, "texture": "#layer1"}
			}
		},
		{
			"name": "thick2",
			"from": [0, 4, 1],
			"to": [16, 12, 15],
			"rotation": {"angle": -45, "axis": "x", "origin": [8, 8, 8]},
			"faces": {
				"north": {"uv": [5, 8, 7, 12], "rotation": 90, "texture": "#layer1"},
				"east": {"uv": [3.75, 9, 0.25, 11], "texture": "#layer1"},
				"south": {"uv": [5, 8, 7, 12], "rotation": 270, "texture": "#layer1"},
				"west": {"uv": [0.25, 9, 3.75, 11], "texture": "#layer1"},
				"up": {"uv": [4.25, 8, 7.75, 12], "rotation": 270, "texture": "#layer1"},
				"down": {"uv": [4.25, 8, 7.75, 12], "rotation": 270, "texture": "#layer1"}
			}
		},
		{
			"name": "thin2",
			"from": [0, 6, 0],
			"to": [16, 10, 16],
			"rotation": {"angle": -45, "axis": "x", "origin": [8, 8, 8]},
			"faces": {
				"north": {"uv": [5.5, 8, 6.5, 12], "rotation": 90, "texture": "#layer1"},
				"east": {"uv": [4, 9.5, 0, 10.5], "texture": "#layer1"},
				"south": {"uv": [5.5, 8, 6.5, 12], "rotation": 270, "texture": "#layer1"},
				"west": {"uv": [0, 9.5, 4, 10.5], "texture": "#layer1"},
				"up": {"uv": [4, 8, 8, 12], "rotation": 270, "texture": "#layer1"},
				"down": {"uv": [4, 8, 8, 12], "rotation": 270, "texture": "#layer1"}
			}
		},
		{
			"name": "center",
			"from": [0, 2, 2],
			"to": [16, 14, 14],
			"rotation": {"angle": 22.5, "axis": "x", "origin": [8, 8, 8]},
			"faces": {
				"north": {"uv": [12.5, 8, 15.5, 12], "rotation": 90, "texture": "#layer1"},
				"east": {"uv": [11.5, 8.5, 8.5, 11.5], "rotation": 90, "texture": "#layer1"},
				"south": {"uv": [12.5, 8, 15.5, 12], "rotation": 270, "texture": "#layer1"},
				"west": {"uv": [8.5, 8.5, 11.5, 11.5], "rotation": 270, "texture": "#layer1"},
				"up": {"uv": [12.5, 8, 15.5, 12], "rotation": 270, "texture": "#layer1"},
				"down": {"uv": [12.5, 8, 15.5, 12], "rotation": 270, "texture": "#layer1"}
			}
		},
		{
			"name": "thick1",
			"from": [0, 4, 1],
			"to": [16, 12, 15],
			"rotation": {"angle": 22.5, "axis": "x", "origin": [8, 8, 8]},
			"faces": {
				"north": {"uv": [13, 8, 15, 12], "rotation": 90, "texture": "#layer1"},
				"east": {"uv": [11, 8.25, 9, 11.75], "rotation": 90, "texture": "#layer1"},
				"south": {"uv": [13, 8, 15, 12], "rotation": 270, "texture": "#layer1"},
				"west": {"uv": [9, 8.25, 11, 11.75], "rotation": 270, "texture": "#layer1"},
				"up": {"uv": [12.25, 8, 15.75, 12], "rotation": 270, "texture": "#layer1"},
				"down": {"uv": [12.25, 8, 15.75, 12], "rotation": 270, "texture": "#layer1"}
			}
		},
		{
			"name": "thin1",
			"from": [0, 6, 0],
			"to": [16, 10, 16],
			"rotation": {"angle": 22.5, "axis": "x", "origin": [8, 8, 8]},
			"faces": {
				"north": {"uv": [13.5, 8, 14.5, 12], "rotation": 90, "texture": "#layer1"},
				"east": {"uv": [10.5, 8, 9.5, 12], "rotation": 90, "texture": "#layer1"},
				"south": {"uv": [13.5, 8, 14.5, 12], "rotation": 270, "texture": "#layer1"},
				"west": {"uv": [9.5, 8, 10.5, 12], "rotation": 270, "texture": "#layer1"},
				"up": {"uv": [12, 8, 16, 12], "rotation": 270, "texture": "#layer1"},
				"down": {"uv": [12, 8, 16, 12], "rotation": 270, "texture": "#layer1"}
			}
		},
		{
			"name": "thick2",
			"from": [0, 1, 4],
			"to": [16, 15, 12],
			"rotation": {"angle": 22.5, "axis": "x", "origin": [8, 8, 8]},
			"faces": {
				"north": {"uv": [12.25, 8, 15.75, 12], "rotation": 90, "texture": "#layer1"},
				"east": {"uv": [11.75, 9, 8.25, 11], "rotation": 90, "texture": "#layer1"},
				"south": {"uv": [12.25, 8, 15.75, 12], "rotation": 270, "texture": "#layer1"},
				"west": {"uv": [8.25, 9, 11.75, 11], "rotation": 270, "texture": "#layer1"},
				"up": {"uv": [13, 8, 15, 12], "rotation": 270, "texture": "#layer1"},
				"down": {"uv": [13, 8, 15, 12], "rotation": 270, "texture": "#layer1"}
			}
		},
		{
			"name": "thin2",
			"from": [0, 0, 6],
			"to": [16, 16, 10],
			"rotation": {"angle": 22.5, "axis": "x", "origin": [8, 8, 8]},
			"faces": {
				"north": {"uv": [12, 8, 16, 12], "rotation": 90, "texture": "#layer1"},
				"east": {"uv": [12, 9.5, 8, 10.5], "rotation": 90, "texture": "#layer1"},
				"south": {"uv": [12, 8, 16, 12], "rotation": 270, "texture": "#layer1"},
				"west": {"uv": [8, 9.5, 12, 10.5], "rotation": 270, "texture": "#layer1"},
				"up": {"uv": [13.5, 8, 14.5, 12], "rotation": 270, "texture": "#layer1"},
				"down": {"uv": [13.5, 8, 14.5, 12], "rotation": 270, "texture": "#layer1"}
			}
		}
	],
	"gui_light": "front",
	"display": {
		"thirdperson_righthand": {
			"rotation": [-17, 0, 0],
			"translation": [-6, 7.25, 4.75]
		},
		"thirdperson_lefthand": {
			"rotation": [-17, 0, 0],
			"translation": [-6, 7.25, 4.75]
		},
		"firstperson_righthand": {
			"rotation": [7, 0, 0],
			"translation": [-9, -1, 4.75]
		},
		"firstperson_lefthand": {
			"rotation": [7, 0, 0],
			"translation": [-9, -1, 4.75]
		},
		"ground": {
			"translation": [0, 3, 0],
			"scale": [0.45, 0.45, 0.45]
		},
		"gui": {
			"rotation": [30, 225, 0],
			"scale": [0.625, 0.625, 0.625]
		},
		"head": {
			"translation": [0, -16.5, 0],
			"scale": [2.3, 2.3, 2.3]
		},
		"fixed": {
			"rotation": [-90, 0, 0],
			"translation": [0, 0, -15],
			"scale": [2, 2, 2]
		}
	},
	"groups": [
		{
			"name": "1_frame",
			"origin": [0, 0, 0],
			"color": 0,
			"nbt": "{}",
			"armAnimationEnabled": false,
			"children": [0, 1, 2, 3, 4]
		},
		{
			"name": "2_frame",
			"origin": [8, 8, 8],
			"color": 0,
			"nbt": "{}",
			"armAnimationEnabled": false,
			"children": [5, 6, 7, 8, 9]
		},
		{
			"name": "3_frame",
			"origin": [8, 8, 8],
			"color": 0,
			"nbt": "{}",
			"armAnimationEnabled": false,
			"children": [10, 11, 12, 13, 14]
		},
		{
			"name": "4_frame",
			"origin": [8, 8, 8],
			"color": 0,
			"nbt": "{}",
			"armAnimationEnabled": false,
			"children": [15, 16, 17, 18, 19]
		}
	]
}