{
	"credit": "Made by AnminMakura",
	"textures": {
		"layer1": "3d_item/carrot_on_a_stick/entity/chemical_drum_stop_side",
		"particle": "3d_item/carrot_on_a_stick/entity/chemical_drum_side",
		"layer2": "3d_item/carrot_on_a_stick/entity/chemical_drum_side"
	},
	"elements": [
		{
			"name": "center",
			"from": [0, 2, 2],
			"to": [16, 14, 14],
			"rotation": {"angle": 0, "axis": "y", "origin": [8, 8, 8]},
			"faces": {
				"north": {"uv": [2, 0, 14, 16], "rotation": 90, "texture": "#layer2"},
				"east": {"uv": [14, 2, 2, 14], "texture": "#layer1"},
				"south": {"uv": [2, 0, 14, 16], "rotation": 270, "texture": "#layer2"},
				"west": {"uv": [2, 2, 14, 14], "texture": "#layer1"},
				"up": {"uv": [2, 0, 14, 16], "rotation": 270, "texture": "#layer2"},
				"down": {"uv": [2, 0, 14, 16], "rotation": 270, "texture": "#layer2"}
			}
		},
		{
			"name": "thick1",
			"from": [0, 1, 4],
			"to": [16, 15, 12],
			"rotation": {"angle": 0, "axis": "y", "origin": [8, 8, 8]},
			"faces": {
				"north": {"uv": [1, 0, 15, 16], "rotation": 90, "texture": "#layer2"},
				"east": {"uv": [12, 1, 4, 15], "texture": "#layer1"},
				"south": {"uv": [1, 0, 15, 16], "rotation": 270, "texture": "#layer2"},
				"west": {"uv": [4, 1, 12, 15], "texture": "#layer1"},
				"up": {"uv": [4, 0, 12, 16], "rotation": 270, "texture": "#layer2"},
				"down": {"uv": [4, 0, 12, 16], "rotation": 270, "texture": "#layer2"}
			}
		},
		{
			"name": "thin1",
			"from": [0, 0, 6],
			"to": [16, 16, 10],
			"rotation": {"angle": 0, "axis": "y", "origin": [8, 8, 8]},
			"faces": {
				"north": {"uv": [0, 0, 16, 16], "rotation": 90, "texture": "#layer2"},
				"east": {"uv": [10, 0, 6, 16], "texture": "#layer1"},
				"south": {"uv": [0, 0, 16, 16], "rotation": 270, "texture": "#layer2"},
				"west": {"uv": [6, 0, 10, 16], "texture": "#layer1"},
				"up": {"uv": [6, 0, 10, 16], "rotation": 270, "texture": "#layer2"},
				"down": {"uv": [6, 0, 10, 16], "rotation": 270, "texture": "#layer2"}
			}
		},
		{
			"name": "thick2",
			"from": [0, 4, 1],
			"to": [16, 12, 15],
			"rotation": {"angle": 0, "axis": "y", "origin": [8, 8, 8]},
			"faces": {
				"north": {"uv": [4, 0, 12, 16], "rotation": 90, "texture": "#layer2"},
				"east": {"uv": [15, 4, 1, 12], "texture": "#layer1"},
				"south": {"uv": [4, 0, 12, 16], "rotation": 270, "texture": "#layer2"},
				"west": {"uv": [1, 4, 15, 12], "texture": "#layer1"},
				"up": {"uv": [1, 0, 15, 16], "rotation": 270, "texture": "#layer2"},
				"down": {"uv": [1, 0, 15, 16], "rotation": 270, "texture": "#layer2"}
			}
		},
		{
			"name": "thin2",
			"from": [0, 6, 0],
			"to": [16, 10, 16],
			"rotation": {"angle": 0, "axis": "y", "origin": [8, 8, 8]},
			"faces": {
				"north": {"uv": [6, 0, 10, 16], "rotation": 90, "texture": "#layer2"},
				"east": {"uv": [16, 6, 0, 10], "texture": "#layer1"},
				"south": {"uv": [6, 0, 10, 16], "rotation": 270, "texture": "#layer2"},
				"west": {"uv": [0, 6, 16, 10], "texture": "#layer1"},
				"up": {"uv": [0, 0, 16, 16], "rotation": 270, "texture": "#layer2"},
				"down": {"uv": [0, 0, 16, 16], "rotation": 270, "texture": "#layer2"}
			}
		}
	],
	"gui_light": "front",
	"display": {
		"thirdperson_righthand": {
			"rotation": [-17, 0, 0],
			"translation": [-6, 7.25, 4.75]
		},
		"thirdperson_lefthand": {
			"rotation": [-17, 0, 0],
			"translation": [-6, 7.25, 4.75]
		},
		"firstperson_righthand": {
			"rotation": [7, 0, 0],
			"translation": [-9, -1, 4.75]
		},
		"firstperson_lefthand": {
			"rotation": [7, 0, 0],
			"translation": [-9, -1, 4.75]
		},
		"ground": {
			"translation": [0, 3, 0],
			"scale": [0.45, 0.45, 0.45]
		},
		"gui": {
			"rotation": [30, 225, 0],
			"scale": [0.625, 0.625, 0.625]
		},
		"head": {
			"rotation": [0, 0, 90],
			"translation": [0, -13, 0],
			"scale": [2.3, 2.3, 2.3]
		},
		"fixed": {
			"rotation": [-90, 0, 0],
			"translation": [0, 0, -15],
			"scale": [2, 2, 2]
		}
	},
	"groups": [
		{
			"name": "all",
			"origin": [0, 0, 0],
			"color": 0,
			"nbt": "{}",
			"armAnimationEnabled": false,
			"children": [0, 1, 2, 3, 4]
		}
	]
}