{
	"credit": "Made with Blockbench",
	"texture_size": [32, 32],
	"textures": {
		"0": "3d_item/carrot_on_a_stick/entity/stormy_jumping_board",
		"particle": "3d_item/carrot_on_a_stick/entity/stormy_jumping_board"
	},
	"elements": [
		{
			"from": [3.76, 2.98, 3.76],
			"to": [12.24, 12.02, 3.76],
			"rotation": {"angle": 45, "axis": "y", "origin": [8, 8.03, 8]},
			"faces": {
				"north": {"uv": [0, 8, 8, 16], "texture": "#0"},
				"east": {"uv": [0, 0, 0.5, 0.5], "texture": "#0"},
				"south": {"uv": [8, 8, 0, 16], "texture": "#0"},
				"west": {"uv": [0, 0, 0.5, 0.5], "texture": "#0"},
				"up": {"uv": [0, 0, 0.5, 0.5], "texture": "#0"},
				"down": {"uv": [0, 0, 0.5, 0.5], "texture": "#0"}
			}
		},
		{
			"from": [3.76, 2.98, 3.76],
			"to": [3.76, 12.02, 12.24],
			"rotation": {"angle": 45, "axis": "y", "origin": [8, 8.03, 8]},
			"faces": {
				"north": {"uv": [0, 0, 0.5, 0.5], "texture": "#0"},
				"east": {"uv": [8, 8, 0, 16], "texture": "#0"},
				"south": {"uv": [0, 0, 0.5, 0.5], "texture": "#0"},
				"west": {"uv": [0, 8, 8, 16], "texture": "#0"},
				"up": {"uv": [0, 0, 0.5, 0.5], "rotation": 270, "texture": "#0"},
				"down": {"uv": [0, 0, 0.5, 0.5], "rotation": 90, "texture": "#0"}
			}
		},
		{
			"from": [3.76, 2.98, 12.24],
			"to": [12.24, 12.02, 12.24],
			"rotation": {"angle": 45, "axis": "y", "origin": [8, 8.03, 8]},
			"faces": {
				"north": {"uv": [8, 8, 0, 16], "texture": "#0"},
				"east": {"uv": [0, 0, 0.5, 0.5], "texture": "#0"},
				"south": {"uv": [0, 8, 8, 16], "texture": "#0"},
				"west": {"uv": [0, 0, 0.5, 0.5], "texture": "#0"},
				"up": {"uv": [0, 0, 0.5, 0.5], "rotation": 180, "texture": "#0"},
				"down": {"uv": [0, 0, 0.5, 0.5], "rotation": 180, "texture": "#0"}
			}
		},
		{
			"from": [12.24, 2.98, 3.76],
			"to": [12.24, 12.02, 12.24],
			"rotation": {"angle": 45, "axis": "y", "origin": [8, 8.03, 8]},
			"faces": {
				"north": {"uv": [0, 0, 0.5, 0.5], "texture": "#0"},
				"east": {"uv": [0, 8, 8, 16], "texture": "#0"},
				"south": {"uv": [0, 0, 0.5, 0.5], "texture": "#0"},
				"west": {"uv": [8, 8, 0, 16], "texture": "#0"},
				"up": {"uv": [0, 0, 0.5, 0.5], "rotation": 90, "texture": "#0"},
				"down": {"uv": [0, 0, 0.5, 0.5], "rotation": 270, "texture": "#0"}
			}
		},
		{
			"from": [2, 13, 2],
			"to": [14, 16.0001, 14],
			"rotation": {"angle": 0, "axis": "y", "origin": [8, 14.5, 8]},
			"faces": {
				"north": {"uv": [9, 8, 15, 9.5], "texture": "#0"},
				"east": {"uv": [9, 8, 15, 9.5], "texture": "#0"},
				"south": {"uv": [9, 8, 15, 9.5], "texture": "#0"},
				"west": {"uv": [9, 8, 15, 9.5], "texture": "#0"},
				"up": {"uv": [1, 1, 7, 7], "texture": "#0"},
				"down": {"uv": [9, 1, 15, 7], "texture": "#0"}
			}
		},
		{
			"from": [3, 13, 1],
			"to": [13, 16, 15],
			"rotation": {"angle": 0, "axis": "y", "origin": [8, 1, 8]},
			"faces": {
				"north": {"uv": [9.5, 8, 14.5, 9.5], "texture": "#0"},
				"east": {"uv": [8.5, 8, 15.5, 9.5], "texture": "#0"},
				"south": {"uv": [9.5, 8, 14.5, 9.5], "texture": "#0"},
				"west": {"uv": [8.5, 8, 15.5, 9.5], "texture": "#0"},
				"up": {"uv": [1.5, 0.5, 6.5, 7.5], "texture": "#0"},
				"down": {"uv": [9.5, 0.5, 14.5, 7.5], "texture": "#0"}
			}
		},
		{
			"from": [1, 13, 3],
			"to": [15, 16, 13],
			"rotation": {"angle": 0, "axis": "y", "origin": [8, 1, 8]},
			"faces": {
				"north": {"uv": [8.5, 8, 15.5, 9.5], "texture": "#0"},
				"east": {"uv": [9.5, 8, 14.5, 9.5], "texture": "#0"},
				"south": {"uv": [8.5, 8, 15.5, 9.5], "texture": "#0"},
				"west": {"uv": [9.5, 8, 14.5, 9.5], "texture": "#0"},
				"up": {"uv": [0.5, 1.5, 7.5, 6.5], "texture": "#0"},
				"down": {"uv": [8.5, 1.5, 15.5, 6.5], "texture": "#0"}
			}
		},
		{
			"from": [5, 13.0001, 0],
			"to": [11, 15.9991, 16],
			"rotation": {"angle": 0, "axis": "y", "origin": [8, 14.49995, 8]},
			"faces": {
				"north": {"uv": [10.5, 8, 13.5, 9.5], "texture": "#0"},
				"east": {"uv": [8, 8, 16, 9.5], "texture": "#0"},
				"south": {"uv": [10.5, 8, 13.5, 9.5], "texture": "#0"},
				"west": {"uv": [8, 8, 16, 9.5], "texture": "#0"},
				"up": {"uv": [2.5, 0, 5.5, 8], "texture": "#0"},
				"down": {"uv": [10.5, 0, 13.5, 8], "texture": "#0"}
			}
		},
		{
			"from": [0, 13.0001, 5],
			"to": [16, 16, 11],
			"rotation": {"angle": 0, "axis": "y", "origin": [8, 14.5, 8]},
			"faces": {
				"north": {"uv": [8, 8, 16, 9.5], "texture": "#0"},
				"east": {"uv": [10.5, 8, 13.5, 9.5], "texture": "#0"},
				"south": {"uv": [8, 8, 16, 9.5], "texture": "#0"},
				"west": {"uv": [10.5, 8, 13.5, 9.5], "texture": "#0"},
				"up": {"uv": [0, 2.5, 8, 5.5], "texture": "#0"},
				"down": {"uv": [8, 2.5, 16, 5.5], "texture": "#0"}
			}
		},
		{
			"from": [3, 12, 3],
			"to": [13, 13.0001, 13],
			"rotation": {"angle": 0, "axis": "y", "origin": [8, 12.5, 8]},
			"faces": {
				"north": {"uv": [9.5, 9.5, 14.5, 10], "texture": "#0"},
				"east": {"uv": [9.5, 9.5, 14.5, 10], "texture": "#0"},
				"south": {"uv": [9.5, 9.5, 14.5, 10], "texture": "#0"},
				"west": {"uv": [9.5, 9.5, 14.5, 10], "texture": "#0"},
				"up": {"uv": [0, 0, 0.5, 0.5], "texture": "#0"},
				"down": {"uv": [9.5, 1.5, 14.5, 6.5], "texture": "#0"}
			}
		},
		{
			"from": [5, 12, 2],
			"to": [11, 13, 14],
			"rotation": {"angle": 0, "axis": "y", "origin": [8, 1, 8]},
			"faces": {
				"north": {"uv": [10.5, 9.5, 13.5, 10], "texture": "#0"},
				"east": {"uv": [9, 9.5, 15, 10], "texture": "#0"},
				"south": {"uv": [10.5, 9.5, 13.5, 10], "texture": "#0"},
				"west": {"uv": [9, 9.5, 15, 10], "texture": "#0"},
				"up": {"uv": [0, 0, 0.5, 0.5], "texture": "#0"},
				"down": {"uv": [10.5, 1, 13.5, 7], "texture": "#0"}
			}
		},
		{
			"from": [2, 12, 5],
			"to": [14, 13, 11],
			"rotation": {"angle": 0, "axis": "y", "origin": [8, 1, 8]},
			"faces": {
				"north": {"uv": [9, 9.5, 15, 10], "texture": "#0"},
				"east": {"uv": [10.5, 9.5, 13.5, 10], "texture": "#0"},
				"south": {"uv": [9, 9.5, 15, 10], "texture": "#0"},
				"west": {"uv": [10.5, 9.5, 13.5, 10], "texture": "#0"},
				"up": {"uv": [0, 0, 0.5, 0.5], "texture": "#0"},
				"down": {"uv": [9, 2.5, 15, 5.5], "texture": "#0"}
			}
		},
		{
			"from": [2, -0.002, 2],
			"to": [14, 1.9981, 14],
			"rotation": {"angle": 0, "axis": "y", "origin": [8, 1, 8]},
			"faces": {
				"north": {"uv": [9, 15, 15, 16], "texture": "#0"},
				"east": {"uv": [9, 15, 15, 16], "texture": "#0"},
				"south": {"uv": [9, 15, 15, 16], "texture": "#0"},
				"west": {"uv": [9, 15, 15, 16], "texture": "#0"},
				"up": {"uv": [9, 1, 15, 7], "texture": "#0"},
				"down": {"uv": [1, 1, 7, 7], "texture": "#0"}
			}
		},
		{
			"from": [1, 0.0001, 4],
			"to": [15, 2, 12],
			"rotation": {"angle": 0, "axis": "y", "origin": [8, 1, 8]},
			"faces": {
				"north": {"uv": [8.5, 15, 15.5, 16], "texture": "#0"},
				"east": {"uv": [10, 15, 14, 16], "texture": "#0"},
				"south": {"uv": [8.5, 15, 15.5, 16], "texture": "#0"},
				"west": {"uv": [10, 15, 14, 16], "texture": "#0"},
				"up": {"uv": [8.5, 1.5, 15.5, 6.5], "texture": "#0"},
				"down": {"uv": [0.5, 1.5, 7.5, 6.5], "texture": "#0"}
			}
		},
		{
			"from": [4, 0.0001, 1],
			"to": [12, 2, 15],
			"rotation": {"angle": 0, "axis": "y", "origin": [8, 1, 8]},
			"faces": {
				"north": {"uv": [10, 15, 14, 16], "texture": "#0"},
				"east": {"uv": [9, 15, 15, 16], "texture": "#0"},
				"south": {"uv": [10, 15, 14, 16], "texture": "#0"},
				"west": {"uv": [9, 15, 15, 16], "texture": "#0"},
				"up": {"uv": [9.5, 0.5, 14.5, 7.5], "texture": "#0"},
				"down": {"uv": [1.5, 0.5, 6.5, 7.5], "texture": "#0"}
			}
		},
		{
			"from": [3, 2, 3],
			"to": [13, 3, 13],
			"rotation": {"angle": 0, "axis": "y", "origin": [8, 1, 8]},
			"faces": {
				"north": {"uv": [9.5, 14.5, 14.5, 15], "texture": "#0"},
				"east": {"uv": [9.5, 14.5, 14.5, 15], "texture": "#0"},
				"south": {"uv": [9.5, 14.5, 14.5, 15], "texture": "#0"},
				"west": {"uv": [9.5, 14.5, 14.5, 15], "texture": "#0"},
				"up": {"uv": [9.5, 1.5, 14.5, 6.5], "texture": "#0"},
				"down": {"uv": [0, 0, 0.5, 0.5], "texture": "#0"}
			}
		},
		{
			"from": [2, 2.0001, 5],
			"to": [14, 3.0002, 11],
			"rotation": {"angle": 0, "axis": "y", "origin": [8, 2.5, 8]},
			"faces": {
				"north": {"uv": [9, 14.5, 15, 15], "texture": "#0"},
				"east": {"uv": [10.5, 14.5, 13.5, 15], "texture": "#0"},
				"south": {"uv": [9, 14.5, 15, 15], "texture": "#0"},
				"west": {"uv": [10.5, 14.5, 13.5, 15], "texture": "#0"},
				"up": {"uv": [9, 2.5, 15, 5.5], "texture": "#0"},
				"down": {"uv": [0, 0, 0.5, 0.5], "texture": "#0"}
			}
		},
		{
			"from": [5, 2.0001, 2],
			"to": [11, 3.0002, 14],
			"rotation": {"angle": 0, "axis": "y", "origin": [8, 2.5, 8]},
			"faces": {
				"north": {"uv": [10.5, 14.5, 13.5, 15], "texture": "#0"},
				"east": {"uv": [9, 14.5, 15, 15], "texture": "#0"},
				"south": {"uv": [10.5, 14.5, 13.5, 15], "texture": "#0"},
				"west": {"uv": [9, 14.5, 15, 15], "texture": "#0"},
				"up": {"uv": [10.5, 1, 13.5, 7], "texture": "#0"},
				"down": {"uv": [0, 0, 0.5, 0.5], "texture": "#0"}
			}
		},
		{
			"from": [5, 3.0001, 5],
			"to": [11, 4.0002, 11],
			"rotation": {"angle": 0, "axis": "y", "origin": [8, 1, 8]},
			"faces": {
				"north": {"uv": [10.5, 14, 13.5, 14.5], "texture": "#0"},
				"east": {"uv": [10.5, 14, 13.5, 14.5], "texture": "#0"},
				"south": {"uv": [10.5, 14, 13.5, 14.5], "texture": "#0"},
				"west": {"uv": [10.5, 14, 13.5, 14.5], "texture": "#0"},
				"up": {"uv": [10.5, 2.5, 13.5, 5.5], "texture": "#0"},
				"down": {"uv": [0, 0, 0.5, 0.5], "texture": "#0"}
			}
		},
		{
			"from": [4, 2.9999, 6],
			"to": [12, 3.9998, 10],
			"rotation": {"angle": 0, "axis": "y", "origin": [8, 3.5, 8]},
			"faces": {
				"north": {"uv": [10.5, 14, 13.5, 14.5], "texture": "#0"},
				"east": {"uv": [11, 14, 13, 14.5], "texture": "#0"},
				"south": {"uv": [10.5, 14, 13.5, 14.5], "texture": "#0"},
				"west": {"uv": [11, 14, 13, 14.5], "texture": "#0"},
				"up": {"uv": [10, 3, 14, 5], "texture": "#0"},
				"down": {"uv": [0, 0, 0.5, 0.5], "texture": "#0"}
			}
		},
		{
			"from": [6, 2.9999, 4],
			"to": [10, 3.9998, 12],
			"rotation": {"angle": 0, "axis": "y", "origin": [8, 3.5, 8]},
			"faces": {
				"north": {"uv": [11, 14, 13, 14.5], "texture": "#0"},
				"east": {"uv": [10, 14, 14, 14.5], "texture": "#0"},
				"south": {"uv": [11, 14, 13, 14.5], "texture": "#0"},
				"west": {"uv": [10.5, 14, 13.5, 14.5], "texture": "#0"},
				"up": {"uv": [11, 2, 13, 6], "texture": "#0"},
				"down": {"uv": [0, 0, 0.5, 0.5], "texture": "#0"}
			}
		}
	],
	"gui_light": "front",
	"display": {
		"thirdperson_righthand": {
			"rotation": [75, 25, 0],
			"translation": [0, 2.5, 0],
			"scale": [0.375, 0.375, 0.375]
		},
		"thirdperson_lefthand": {
			"rotation": [75, 25, 0],
			"translation": [0, 2.5, 0],
			"scale": [0.375, 0.375, 0.375]
		},
		"firstperson_righthand": {
			"rotation": [0, 45, 0],
			"scale": [0.4, 0.4, 0.4]
		},
		"firstperson_lefthand": {
			"rotation": [0, 225, 0],
			"scale": [0.4, 0.4, 0.4]
		},
		"ground": {
			"translation": [0, 3, 0],
			"scale": [0.4, 0.4, 0.4]
		},
		"gui": {
			"rotation": [30, 145, 0],
			"scale": [0.625, 0.625, 0.625]
		},
		"head": {
			"rotation": [-90, 0, 0],
			"translation": [0, -10, 0],
			"scale": [2, 2, 2]
		},
		"fixed": {
			"rotation": [-90, 0, 0],
			"translation": [0, 0, -15],
			"scale": [2.01, 2.01, 2.01]
		}
	},
	"groups": [
		{
			"name": "group",
			"origin": [0, 0, 0],
			"color": 0,
			"nbt": "{}",
			"armAnimationEnabled": false,
			"children": [0, 1, 2, 3]
		},
		{
			"name": "group",
			"origin": [0, 0, 0],
			"color": 0,
			"nbt": "{}",
			"armAnimationEnabled": false,
			"children": [4, 5, 6, 7, 8]
		},
		{
			"name": "group",
			"origin": [0, 0, 0],
			"color": 0,
			"nbt": "{}",
			"armAnimationEnabled": false,
			"children": [9, 10, 11]
		},
		{
			"name": "group",
			"origin": [0, 0, 0],
			"color": 0,
			"nbt": "{}",
			"armAnimationEnabled": false,
			"children": [12, 13, 14]
		},
		{
			"name": "group",
			"origin": [0, 0, 0],
			"color": 0,
			"nbt": "{}",
			"armAnimationEnabled": false,
			"children": [15, 16, 17]
		},
		{
			"name": "group",
			"origin": [0, 0, 0],
			"color": 0,
			"nbt": "{}",
			"armAnimationEnabled": false,
			"children": [18, 19, 20]
		}
	]
}