{
	"credit": "Made with Blockbench",
	"textures": {
		"particle": "block/oak_planks",
		"layer1": "block/oak_planks"
	},
	"elements": [
		{
			"name": "main",
			"from": [2, 2, 2],
			"to": [14, 14, 14],
			"rotation": {"angle": 0, "axis": "y", "origin": [8, 8, 8]},
			"faces": {
				"north": {"uv": [2, 2, 14, 14], "texture": "#layer1"},
				"east": {"uv": [2, 2, 14, 14], "texture": "#layer1"},
				"south": {"uv": [2, 2, 14, 14], "texture": "#layer1"},
				"west": {"uv": [2, 2, 14, 14], "texture": "#layer1"},
				"up": {"uv": [2, 2, 14, 14], "texture": "#layer1"},
				"down": {"uv": [2, 2, 14, 14], "texture": "#layer1"}
			}
		},
		{
			"name": "r01",
			"from": [0, 0, 0],
			"to": [2, 16, 2],
			"rotation": {"angle": 0, "axis": "y", "origin": [8, 8, 8]},
			"faces": {
				"north": {"uv": [16, 14, 0, 16], "rotation": 90, "texture": "#layer1"},
				"east": {"uv": [0, 14, 16, 16], "rotation": 90, "texture": "#layer1"},
				"south": {"uv": [0, 14, 16, 16], "rotation": 90, "texture": "#layer1"},
				"west": {"uv": [0, 14, 16, 16], "rotation": 90, "texture": "#layer1"},
				"up": {"uv": [14, 16, 16, 14], "rotation": 90, "texture": "#layer1"},
				"down": {"uv": [0, 14, 2, 16], "rotation": 270, "texture": "#layer1"}
			}
		},
		{
			"name": "r02",
			"from": [2, 14, 0],
			"to": [14, 16, 2],
			"rotation": {"angle": 0, "axis": "y", "origin": [8, 8, 8]},
			"faces": {
				"north": {"uv": [2, 14, 14, 16], "rotation": 180, "texture": "#layer1"},
				"east": {"uv": [0, 14, 2, 16], "texture": "#layer1"},
				"south": {"uv": [2, 14, 14, 16], "texture": "#layer1"},
				"west": {"uv": [14, 14, 16, 16], "rotation": 180, "texture": "#layer1"},
				"up": {"uv": [2, 14, 14, 16], "texture": "#layer1"},
				"down": {"uv": [2, 14, 14, 16], "rotation": 180, "texture": "#layer1"}
			}
		},
		{
			"name": "r03",
			"from": [2, 0, 0],
			"to": [14, 2, 2],
			"rotation": {"angle": 0, "axis": "z", "origin": [8, 8, 8]},
			"faces": {
				"north": {"uv": [2, 14, 14, 16], "texture": "#layer1"},
				"east": {"uv": [14, 14, 16, 16], "texture": "#layer1"},
				"south": {"uv": [2, 14, 14, 16], "rotation": 180, "texture": "#layer1"},
				"west": {"uv": [0, 14, 2, 16], "rotation": 180, "texture": "#layer1"},
				"up": {"uv": [2, 14, 14, 16], "texture": "#layer1"},
				"down": {"uv": [2, 14, 14, 16], "rotation": 180, "texture": "#layer1"}
			}
		},
		{
			"name": "r04",
			"from": [14, 0, 0],
			"to": [16, 16, 2],
			"rotation": {"angle": 0, "axis": "y", "origin": [8, 8, 8]},
			"faces": {
				"north": {"uv": [16, 14, 0, 16], "rotation": 270, "texture": "#layer1"},
				"east": {"uv": [0, 14, 16, 16], "rotation": 270, "texture": "#layer1"},
				"south": {"uv": [0, 14, 16, 16], "rotation": 270, "texture": "#layer1"},
				"west": {"uv": [0, 14, 16, 16], "rotation": 270, "texture": "#layer1"},
				"up": {"uv": [0, 14, 2, 16], "rotation": 90, "texture": "#layer1"},
				"down": {"uv": [14, 16, 16, 14], "rotation": 270, "texture": "#layer1"}
			}
		},
		{
			"name": "r05",
			"from": [14, 14, 2],
			"to": [16, 16, 14],
			"rotation": {"angle": 0, "axis": "y", "origin": [8, 8, 8]},
			"faces": {
				"north": {"uv": [14, 14, 16, 16], "rotation": 180, "texture": "#layer1"},
				"east": {"uv": [2, 14, 14, 16], "rotation": 180, "texture": "#layer1"},
				"south": {"uv": [0, 14, 2, 16], "texture": "#layer1"},
				"west": {"uv": [2, 14, 14, 16], "texture": "#layer1"},
				"up": {"uv": [2, 14, 14, 16], "rotation": 90, "texture": "#layer1"},
				"down": {"uv": [2, 14, 14, 16], "rotation": 90, "texture": "#layer1"}
			}
		},
		{
			"name": "r06",
			"from": [14, 0, 2],
			"to": [16, 2, 14],
			"rotation": {"angle": 0, "axis": "y", "origin": [8, 8, 8]},
			"faces": {
				"north": {"uv": [0, 14, 2, 16], "rotation": 180, "texture": "#layer1"},
				"east": {"uv": [2, 14, 14, 16], "texture": "#layer1"},
				"south": {"uv": [14, 14, 16, 16], "texture": "#layer1"},
				"west": {"uv": [2, 14, 14, 16], "rotation": 180, "texture": "#layer1"},
				"up": {"uv": [2, 14, 14, 16], "rotation": 90, "texture": "#layer1"},
				"down": {"uv": [2, 14, 14, 16], "rotation": 90, "texture": "#layer1"}
			}
		},
		{
			"name": "r07",
			"from": [14, 0, 14],
			"to": [16, 16, 16],
			"rotation": {"angle": 0, "axis": "y", "origin": [8, 8, 8]},
			"faces": {
				"north": {"uv": [0, 14, 16, 16], "rotation": 270, "texture": "#layer1"},
				"east": {"uv": [16, 14, 0, 16], "rotation": 270, "texture": "#layer1"},
				"south": {"uv": [0, 14, 16, 16], "rotation": 270, "texture": "#layer1"},
				"west": {"uv": [0, 14, 16, 16], "rotation": 270, "texture": "#layer1"},
				"up": {"uv": [0, 14, 2, 16], "rotation": 180, "texture": "#layer1"},
				"down": {"uv": [14, 16, 16, 14], "rotation": 180, "texture": "#layer1"}
			}
		},
		{
			"name": "r08",
			"from": [2, 14, 14],
			"to": [14, 16, 16],
			"rotation": {"angle": 0, "axis": "y", "origin": [8, 8, 8]},
			"faces": {
				"north": {"uv": [2, 14, 14, 16], "texture": "#layer1"},
				"east": {"uv": [14, 14, 16, 16], "rotation": 180, "texture": "#layer1"},
				"south": {"uv": [2, 14, 14, 16], "rotation": 180, "texture": "#layer1"},
				"west": {"uv": [0, 14, 2, 16], "texture": "#layer1"},
				"up": {"uv": [2, 14, 14, 16], "rotation": 180, "texture": "#layer1"},
				"down": {"uv": [2, 14, 14, 16], "texture": "#layer1"}
			}
		},
		{
			"name": "r09",
			"from": [2, 0, 14],
			"to": [14, 2, 16],
			"rotation": {"angle": 0, "axis": "y", "origin": [8, 8, 8]},
			"faces": {
				"north": {"uv": [2, 14, 14, 16], "rotation": 180, "texture": "#layer1"},
				"east": {"uv": [0, 14, 2, 16], "rotation": 180, "texture": "#layer1"},
				"south": {"uv": [2, 14, 14, 16], "texture": "#layer1"},
				"west": {"uv": [14, 14, 16, 16], "texture": "#layer1"},
				"up": {"uv": [2, 14, 14, 16], "rotation": 180, "texture": "#layer1"},
				"down": {"uv": [2, 14, 14, 16], "texture": "#layer1"}
			}
		},
		{
			"name": "r10",
			"from": [0, 0, 14],
			"to": [2, 16, 16],
			"rotation": {"angle": 0, "axis": "y", "origin": [8, 8, 8]},
			"faces": {
				"north": {"uv": [0, 14, 16, 16], "rotation": 270, "texture": "#layer1"},
				"east": {"uv": [0, 14, 16, 16], "rotation": 270, "texture": "#layer1"},
				"south": {"uv": [16, 14, 0, 16], "rotation": 270, "texture": "#layer1"},
				"west": {"uv": [0, 14, 16, 16], "rotation": 270, "texture": "#layer1"},
				"up": {"uv": [0, 14, 2, 16], "rotation": 270, "texture": "#layer1"},
				"down": {"uv": [14, 16, 16, 14], "rotation": 90, "texture": "#layer1"}
			}
		},
		{
			"name": "r11",
			"from": [0, 14, 2],
			"to": [2, 16, 14],
			"rotation": {"angle": 0, "axis": "y", "origin": [8, 8, 8]},
			"faces": {
				"north": {"uv": [0, 14, 2, 16], "texture": "#layer1"},
				"east": {"uv": [2, 14, 14, 16], "texture": "#layer1"},
				"south": {"uv": [14, 14, 16, 16], "rotation": 180, "texture": "#layer1"},
				"west": {"uv": [2, 14, 14, 16], "rotation": 180, "texture": "#layer1"},
				"up": {"uv": [2, 14, 14, 16], "rotation": 270, "texture": "#layer1"},
				"down": {"uv": [2, 14, 14, 16], "rotation": 270, "texture": "#layer1"}
			}
		},
		{
			"name": "r12",
			"from": [0, 0, 2],
			"to": [2, 2, 14],
			"rotation": {"angle": 0, "axis": "y", "origin": [8, 8, 8]},
			"faces": {
				"north": {"uv": [14, 14, 16, 16], "texture": "#layer1"},
				"east": {"uv": [2, 14, 14, 16], "rotation": 180, "texture": "#layer1"},
				"south": {"uv": [0, 14, 2, 16], "rotation": 180, "texture": "#layer1"},
				"west": {"uv": [2, 14, 14, 16], "texture": "#layer1"},
				"up": {"uv": [2, 14, 14, 16], "rotation": 270, "texture": "#layer1"},
				"down": {"uv": [2, 14, 14, 16], "rotation": 270, "texture": "#layer1"}
			}
		},
		{
			"name": "c01",
			"from": [1, 7, -1],
			"to": [2, 9, 17],
			"rotation": {"angle": 45, "axis": "x", "origin": [8, 8, 8]},
			"faces": {
				"north": {"uv": [0, 14, 1, 16], "texture": "#layer1"},
				"east": {"uv": [0, 14, 16, 16], "texture": "#layer1"},
				"south": {"uv": [0, 14, 1, 16], "texture": "#layer1"},
				"west": {"uv": [0, 14, 16, 16], "texture": "#layer1"},
				"up": {"uv": [0, 14, 16, 15], "rotation": 270, "texture": "#layer1"},
				"down": {"uv": [0, 14, 16, 15], "rotation": 90, "texture": "#layer1"}
			}
		},
		{
			"name": "c02",
			"from": [1.001, -1, 7],
			"to": [2, 17, 9],
			"rotation": {"angle": 45, "axis": "x", "origin": [8, 8, 8]},
			"faces": {
				"north": {"uv": [0, 14, 16, 14.999], "rotation": 90, "texture": "#layer1"},
				"east": {"uv": [0, 14, 16, 16], "rotation": 90, "texture": "#layer1"},
				"south": {"uv": [0, 14, 16, 14.999], "rotation": 90, "texture": "#layer1"},
				"west": {"uv": [16, 14, 0, 16], "rotation": 270, "texture": "#layer1"},
				"up": {"uv": [0, 14, 0.999, 16], "texture": "#layer1"},
				"down": {"uv": [0, 14, 0.999, 16], "rotation": 180, "texture": "#layer1"}
			}
		},
		{
			"name": "c03",
			"from": [7, -1, 14],
			"to": [9, 17, 15],
			"rotation": {"angle": 45, "axis": "z", "origin": [8, 8, 8]},
			"faces": {
				"north": {"uv": [16, 14, 0, 16], "rotation": 90, "texture": "#layer1"},
				"east": {"uv": [0, 15, 16, 14], "rotation": 270, "texture": "#layer1"},
				"south": {"uv": [16, 16, 0, 14], "rotation": 270, "texture": "#layer1"},
				"west": {"uv": [0, 15, 16, 14], "rotation": 270, "texture": "#layer1"},
				"up": {"uv": [1, 14, 0, 16], "rotation": 270, "texture": "#layer1"},
				"down": {"uv": [1, 14, 0, 16], "rotation": 270, "texture": "#layer1"}
			}
		},
		{
			"name": "c04",
			"from": [-1, 7, 14],
			"to": [17, 9, 14.999],
			"rotation": {"angle": 45, "axis": "z", "origin": [8, 8, 8]},
			"faces": {
				"north": {"uv": [0, 16, 16, 14], "rotation": 180, "texture": "#layer1"},
				"east": {"uv": [0.999, 14, 0, 16], "texture": "#layer1"},
				"south": {"uv": [0, 16, 16, 14], "rotation": 180, "texture": "#layer1"},
				"west": {"uv": [0.999, 14, 0, 16], "texture": "#layer1"},
				"up": {"uv": [0, 14.999, 16, 14], "texture": "#layer1"},
				"down": {"uv": [0, 14.999, 16, 14], "texture": "#layer1"}
			}
		},
		{
			"name": "c05",
			"from": [-1, 7, 1],
			"to": [17, 9, 2],
			"rotation": {"angle": 45, "axis": "z", "origin": [8, 8, 8]},
			"faces": {
				"north": {"uv": [0, 14, 16, 16], "texture": "#layer1"},
				"east": {"uv": [0, 14, 1, 16], "texture": "#layer1"},
				"south": {"uv": [0, 14, 16, 16], "texture": "#layer1"},
				"west": {"uv": [0, 14, 1, 16], "texture": "#layer1"},
				"up": {"uv": [0, 14, 16, 15], "texture": "#layer1"},
				"down": {"uv": [0, 14, 16, 15], "texture": "#layer1"}
			}
		},
		{
			"name": "c06",
			"from": [7, -1, 1.001],
			"to": [9, 17, 2],
			"rotation": {"angle": 45, "axis": "z", "origin": [8, 8, 8]},
			"faces": {
				"north": {"uv": [16, 14, 0, 16], "rotation": 270, "texture": "#layer1"},
				"east": {"uv": [0, 14, 16, 14.999], "rotation": 90, "texture": "#layer1"},
				"south": {"uv": [0, 14, 16, 16], "rotation": 90, "texture": "#layer1"},
				"west": {"uv": [0, 14, 16, 14.999], "rotation": 90, "texture": "#layer1"},
				"up": {"uv": [0, 14, 0.999, 16], "rotation": 90, "texture": "#layer1"},
				"down": {"uv": [0, 14, 0.999, 16], "rotation": 90, "texture": "#layer1"}
			}
		},
		{
			"name": "c07",
			"from": [14, 7, -1],
			"to": [15, 9, 17],
			"rotation": {"angle": -45, "axis": "x", "origin": [8, 8, 8]},
			"faces": {
				"north": {"uv": [1, 14, 0, 16], "rotation": 180, "texture": "#layer1"},
				"east": {"uv": [16, 16, 0, 14], "rotation": 180, "texture": "#layer1"},
				"south": {"uv": [1, 14, 0, 16], "rotation": 180, "texture": "#layer1"},
				"west": {"uv": [16, 14, 0, 16], "rotation": 180, "texture": "#layer1"},
				"up": {"uv": [0, 15, 16, 14], "rotation": 90, "texture": "#layer1"},
				"down": {"uv": [0, 15, 16, 14], "rotation": 270, "texture": "#layer1"}
			}
		},
		{
			"name": "c08",
			"from": [14, -1, 7],
			"to": [14.999, 17, 9],
			"rotation": {"angle": -45, "axis": "x", "origin": [8, 8, 8]},
			"faces": {
				"north": {"uv": [0, 14.999, 16, 14], "rotation": 270, "texture": "#layer1"},
				"east": {"uv": [16, 14, 0, 16], "rotation": 270, "texture": "#layer1"},
				"south": {"uv": [0, 14.999, 16, 14], "rotation": 270, "texture": "#layer1"},
				"west": {"uv": [16, 14, 0, 16], "rotation": 90, "texture": "#layer1"},
				"up": {"uv": [0.999, 14, 0, 16], "rotation": 180, "texture": "#layer1"},
				"down": {"uv": [0.999, 14, 0, 16], "texture": "#layer1"}
			}
		},
		{
			"name": "c11",
			"from": [-1, 1, 7],
			"to": [17, 2, 9],
			"rotation": {"angle": 45, "axis": "y", "origin": [8, 8, 8]},
			"faces": {
				"north": {"uv": [0, 14, 16, 15], "texture": "#layer1"},
				"east": {"uv": [0, 14, 1, 16], "rotation": 270, "texture": "#layer1"},
				"south": {"uv": [0, 14, 16, 15], "rotation": 180, "texture": "#layer1"},
				"west": {"uv": [0, 14, 1, 16], "rotation": 90, "texture": "#layer1"},
				"up": {"uv": [0, 14, 16, 16], "rotation": 180, "texture": "#layer1"},
				"down": {"uv": [0, 14, 16, 16], "texture": "#layer1"}
			}
		},
		{
			"name": "c12",
			"from": [7, 1.001, -1],
			"to": [9, 2, 17],
			"rotation": {"angle": 45, "axis": "y", "origin": [8, 8, 8]},
			"faces": {
				"north": {"uv": [0, 14, 0.999, 16], "rotation": 90, "texture": "#layer1"},
				"east": {"uv": [0, 14, 16, 14.999], "texture": "#layer1"},
				"south": {"uv": [0, 14, 0.999, 16], "rotation": 270, "texture": "#layer1"},
				"west": {"uv": [0, 14, 16, 14.999], "rotation": 180, "texture": "#layer1"},
				"up": {"uv": [16, 16, 0, 14], "rotation": 90, "texture": "#layer1"},
				"down": {"uv": [0, 16, 16, 14], "rotation": 90, "texture": "#layer1"}
			}
		},
		{
			"name": "C09",
			"from": [7, 14, -1],
			"to": [9, 15, 17],
			"rotation": {"angle": 45, "axis": "y", "origin": [8, 8, 8]},
			"faces": {
				"north": {"uv": [1, 14, 0, 16], "rotation": 270, "texture": "#layer1"},
				"east": {"uv": [0, 15, 16, 14], "rotation": 180, "texture": "#layer1"},
				"south": {"uv": [1, 14, 0, 16], "rotation": 90, "texture": "#layer1"},
				"west": {"uv": [0, 15, 16, 14], "texture": "#layer1"},
				"up": {"uv": [16, 16, 0, 14], "rotation": 270, "texture": "#layer1"},
				"down": {"uv": [0, 16, 16, 14], "rotation": 270, "texture": "#layer1"}
			}
		},
		{
			"name": "c10",
			"from": [-1, 14, 7],
			"to": [17, 14.999, 9],
			"rotation": {"angle": 45, "axis": "y", "origin": [8, 8, 8]},
			"faces": {
				"north": {"uv": [0, 14.999, 16, 14], "texture": "#layer1"},
				"east": {"uv": [0.999, 14, 0, 16], "rotation": 270, "texture": "#layer1"},
				"south": {"uv": [0, 14.999, 16, 14], "rotation": 180, "texture": "#layer1"},
				"west": {"uv": [0.999, 14, 0, 16], "rotation": 90, "texture": "#layer1"},
				"up": {"uv": [16, 14, 0, 16], "texture": "#layer1"},
				"down": {"uv": [0, 16, 16, 14], "rotation": 180, "texture": "#layer1"}
			}
		}
	],
	"gui_light": "front",
	"display": {
		"thirdperson_righthand": {
			"rotation": [-17, 0, 0],
			"translation": [-6, 9.75, 4.75]
		},
		"thirdperson_lefthand": {
			"rotation": [-17, 0, 0],
			"translation": [-6, 9.75, 4.75]
		},
		"firstperson_righthand": {
			"rotation": [7, 0, 0],
			"translation": [-9, -1, 4.75]
		},
		"firstperson_lefthand": {
			"rotation": [7, 0, 0],
			"translation": [-9, -1, 4.75]
		},
		"ground": {
			"translation": [0, 3, 0],
			"scale": [0.45, 0.45, 0.45]
		},
		"gui": {
			"rotation": [30, 225, 0],
			"scale": [0.625, 0.625, 0.625]
		},
		"head": {
			"translation": [0, -16.5, 0],
			"scale": [2.3, 2.3, 2.3]
		},
		"fixed": {
			"rotation": [-90, 0, 0],
			"translation": [0, 0, -15],
			"scale": [2, 2, 2]
		}
	},
	"groups": [
		{
			"name": "all",
			"origin": [8, 8, 8],
			"color": 0,
			"nbt": "{}",
			"armAnimationEnabled": false,
			"children": [
				0,
				{
					"name": "parts_1",
					"origin": [8, 8, 8],
					"color": 0,
					"nbt": "{}",
					"armAnimationEnabled": false,
					"children": [
						{
							"name": "reinforcing_parts_1",
							"origin": [8, 8, 1.5],
							"color": 0,
							"nbt": "{}",
							"armAnimationEnabled": false,
							"children": [1, 2, 3]
						},
						{
							"name": "reinforcing_parts_2",
							"origin": [8, 8, 1.5],
							"color": 0,
							"nbt": "{}",
							"armAnimationEnabled": false,
							"children": [4, 5, 6]
						},
						{
							"name": "reinforcing_parts_3",
							"origin": [8, 8, 1.5],
							"color": 0,
							"nbt": "{}",
							"armAnimationEnabled": false,
							"children": [7, 8, 9]
						},
						{
							"name": "reinforcing_parts_4",
							"origin": [8, 8, 1.5],
							"color": 0,
							"nbt": "{}",
							"armAnimationEnabled": false,
							"children": [10, 11, 12]
						}
					]
				},
				{
					"name": "parts_2",
					"origin": [8, 8, 8],
					"color": 0,
					"nbt": "{}",
					"armAnimationEnabled": false,
					"children": [
						{
							"name": "cross_reinforced_parts_1",
							"origin": [8, 8, 8],
							"color": 0,
							"nbt": "{}",
							"armAnimationEnabled": false,
							"children": [13, 14]
						},
						{
							"name": "cross_reinforced_parts_2",
							"origin": [8, 8, 8],
							"color": 0,
							"nbt": "{}",
							"armAnimationEnabled": false,
							"children": [15, 16]
						},
						{
							"name": "cross_reinforced_parts_3",
							"origin": [8, 8, 8],
							"color": 0,
							"nbt": "{}",
							"armAnimationEnabled": false,
							"children": [17, 18]
						},
						{
							"name": "cross_reinforced_parts_4",
							"origin": [8, 8, 8],
							"color": 0,
							"nbt": "{}",
							"armAnimationEnabled": false,
							"children": [19, 20]
						},
						{
							"name": "cross_reinforced_parts_6",
							"origin": [8, 8, 8],
							"color": 0,
							"nbt": "{}",
							"armAnimationEnabled": false,
							"children": [21, 22]
						},
						{
							"name": "cross_reinforced_parts_5",
							"origin": [8, 8, 8],
							"color": 0,
							"nbt": "{}",
							"armAnimationEnabled": false,
							"children": [23, 24]
						}
					]
				}
			]
		}
	]
}