{
	"credit": "Made with Blockbench",
	"texture_size": [128, 128],
	"textures": {
		"0": "3d_item/stick/entity/sonica",
		"particle": "3d_item/stick/entity/sonica"
	},
	"elements": [
		{
			"name": "right_arm",
			"from": [8, 6.5, 6],
			"to": [14, 9.5, 10],
			"rotation": {"angle": 0, "axis": "z", "origin": [0, -3, 0]},
			"faces": {
				"north": {"uv": [12.375, 5, 12, 4.25], "rotation": 270, "texture": "#0"},
				"east": {"uv": [12.375, 4.25, 12.75, 3.75], "rotation": 90, "texture": "#0"},
				"south": {"uv": [13.25, 5, 12.875, 4.25], "rotation": 90, "texture": "#0"},
				"west": {"uv": [12, 3.75, 12.375, 4.25], "rotation": 90, "texture": "#0"},
				"up": {"uv": [12, 5, 11.5, 4.25], "rotation": 90, "texture": "#0"},
				"down": {"uv": [12.875, 5, 12.375, 4.25], "rotation": 90, "texture": "#0"}
			}
		},
		{
			"name": "right_arm",
			"from": [7.8, 6.35, 5.85],
			"to": [14.2, 9.65, 10.15],
			"rotation": {"angle": 0, "axis": "z", "origin": [0, -3, 0]},
			"faces": {
				"north": {"uv": [14.125, 5, 13.75, 4.25], "rotation": 270, "texture": "#0"},
				"east": {"uv": [14.125, 4.25, 14.5, 3.75], "rotation": 90, "texture": "#0"},
				"south": {"uv": [15, 5, 14.625, 4.25], "rotation": 90, "texture": "#0"},
				"west": {"uv": [13.75, 3.75, 14.125, 4.25], "rotation": 90, "texture": "#0"},
				"up": {"uv": [13.75, 5, 13.25, 4.25], "rotation": 90, "texture": "#0"},
				"down": {"uv": [14.625, 5, 14.125, 4.25], "rotation": 90, "texture": "#0"}
			}
		}
	],
	"groups": [
		{
			"name": "arm_left_1",
			"origin": [8, 8, 8],
			"color": 0,
			"nbt": "{}",
			"children": [0, 1]
		}
	]
}