{
	"credit": "Made with Blockbench",
	"texture_size": [128, 128],
	"textures": {
		"0": "3d_item/stick/entity/sonica",
		"particle": "3d_item/stick/entity/sonica"
	},
	"elements": [
		{
			"name": "body_1_under",
			"from": [4, 4, 6],
			"to": [12, 10, 10],
			"rotation": {"angle": 0, "axis": "y", "origin": [8, 7, 8]},
			"faces": {
				"north": {"uv": [6, 1.75, 7, 2.5], "texture": "#0"},
				"east": {"uv": [5.5, 1.75, 6, 2.5], "texture": "#0"},
				"south": {"uv": [7.5, 1.75, 8.5, 2.5], "texture": "#0"},
				"west": {"uv": [7, 1.75, 7.5, 2.5], "texture": "#0"},
				"up": {"uv": [7, 1.75, 6, 1.25], "texture": "#0"},
				"down": {"uv": [8, 1.25, 7, 1.75], "texture": "#0"}
			}
		},
		{
			"name": "body_1_cloth",
			"from": [3.9, 3.8, 5.9],
			"to": [12.1, 10.2, 10.1],
			"rotation": {"angle": 0, "axis": "y", "origin": [8, 7.75, 8]},
			"faces": {
				"north": {"uv": [9, 1.75, 10, 2.5], "texture": "#0"},
				"east": {"uv": [8.5, 1.75, 9, 2.5], "texture": "#0"},
				"south": {"uv": [10.5, 1.75, 11.5, 2.5], "texture": "#0"},
				"west": {"uv": [10, 1.75, 10.5, 2.5], "texture": "#0"},
				"up": {"uv": [10, 1.75, 9, 1.25], "texture": "#0"},
				"down": {"uv": [11, 1.25, 10, 1.75], "texture": "#0"}
			}
		},
		{
			"name": "body_1_armor",
			"from": [3.7, 6.75, 5.7],
			"to": [12.3, 10.25, 10.3],
			"rotation": {"angle": 0, "axis": "y", "origin": [8, 7.75, 8]},
			"faces": {
				"north": {"uv": [15, 2.125, 16, 2.5], "texture": "#0"},
				"east": {"uv": [14.5, 2.125, 15, 2.5], "texture": "#0"},
				"south": {"uv": [15, 1.75, 16, 2.125], "texture": "#0"},
				"west": {"uv": [14.5, 1.75, 15, 2.125], "texture": "#0"},
				"up": {"uv": [15, 1.75, 14, 1.25], "texture": "#0"},
				"down": {"uv": [16, 1.25, 15, 1.75], "texture": "#0"}
			}
		}
	],
	"groups": [
		{
			"name": "body_1",
			"origin": [8, 8, 8],
			"color": 0,
			"nbt": "{}",
			"children": [0, 1, 2]
		}
	]
}