{
	"credit": "Made with Blockbench",
	"texture_size": [128, 128],
	"textures": {
		"0": "3d_item/stick/entity/sonica",
		"particle": "3d_item/stick/entity/sonica"
	},
	"elements": [
		{
			"name": "left_leg",
			"from": [6, 1, 6],
			"to": [10, 8, 10],
			"rotation": {"angle": 0, "axis": "y", "origin": [16, -3, 0]},
			"faces": {
				"north": {"uv": [6.5, 4.25, 6, 5.125], "texture": "#0"},
				"east": {"uv": [7, 4.25, 6.5, 5.125], "texture": "#0"},
				"south": {"uv": [7.5, 4.25, 7, 5.125], "texture": "#0"},
				"west": {"uv": [6, 4.25, 5.5, 5.125], "texture": "#0"},
				"up": {"uv": [6, 4.25, 6.5, 3.75], "texture": "#0"},
				"down": {"uv": [6.5, 3.75, 7, 4.25], "texture": "#0"}
			}
		},
		{
			"name": "right_leg",
			"from": [5.9, 0.9, 5.9],
			"to": [10.1, 8.1, 10.1],
			"rotation": {"angle": 0, "axis": "y", "origin": [16, -3, 0]},
			"faces": {
				"north": {"uv": [10.5, 4.25, 10, 5.125], "texture": "#0"},
				"east": {"uv": [11, 4.25, 10.5, 5.125], "texture": "#0"},
				"south": {"uv": [11.5, 4.25, 11, 5.125], "texture": "#0"},
				"west": {"uv": [10, 4.25, 9.5, 5.125], "texture": "#0"},
				"up": {"uv": [10, 4.25, 10.5, 3.75], "texture": "#0"},
				"down": {"uv": [10.5, 3.75, 11, 4.25], "texture": "#0"}
			}
		}
	],
	"groups": [
		{
			"name": "leg_right_1",
			"origin": [8, 8, 8],
			"color": 0,
			"nbt": "{}",
			"children": [0, 1]
		}
	]
}