{
	"credit": "Made with Blockbench",
	"texture_size": [128, 128],
	"textures": {
		"0": "3d_item/stick/entity/sonica",
		"particle": "3d_item/stick/entity/sonica"
	},
	"elements": [
		{
			"name": "head",
			"from": [4, 20.5, 4],
			"to": [12, 28.5, 12],
			"rotation": {"angle": 0, "axis": "y", "origin": [0, -3, 0]},
			"faces": {
				"north": {"uv": [1, 1, 2, 2], "texture": "#0"},
				"east": {"uv": [0, 1, 1, 2], "texture": "#0"},
				"south": {"uv": [3, 1, 4, 2], "texture": "#0"},
				"west": {"uv": [2, 1, 3, 2], "texture": "#0"},
				"up": {"uv": [2, 1, 1, 0], "texture": "#0"},
				"down": {"uv": [3, 0, 2, 1], "texture": "#0"}
			}
		},
		{
			"name": "head_2nd_layer",
			"from": [3.5, 20, 3.5],
			"to": [12.5, 29, 12.5],
			"rotation": {"angle": 0, "axis": "y", "origin": [0, -3, 0]},
			"faces": {
				"north": {"uv": [1, 3, 2, 4], "texture": "#0"},
				"east": {"uv": [0, 3, 1, 4], "texture": "#0"},
				"south": {"uv": [3, 3, 4, 4], "texture": "#0"},
				"west": {"uv": [2, 3, 3, 4], "texture": "#0"},
				"up": {"uv": [2, 3, 1, 2], "texture": "#0"},
				"down": {"uv": [3, 2, 2, 3], "texture": "#0"}
			}
		},
		{
			"from": [12.11639, 24, 9.3265],
			"to": [12.11639, 28, 15.3265],
			"rotation": {"angle": 22.5, "axis": "y", "origin": [12.11639, 7, 8.3265]},
			"faces": {
				"north": {"uv": [0, 0, 0.125, 0.125], "texture": "#0"},
				"east": {"uv": [4, 0, 5.5, 1], "texture": "#0"},
				"south": {"uv": [0, 0, 0.125, 0.125], "texture": "#0"},
				"west": {"uv": [5.5, 0, 4, 1], "texture": "#0"},
				"up": {"uv": [0, 0, 0.125, 0.125], "texture": "#0"},
				"down": {"uv": [0, 0, 0.125, 0.125], "texture": "#0"}
			}
		},
		{
			"from": [3.88361, 24, 9.3265],
			"to": [3.88361, 28, 15.3265],
			"rotation": {"angle": -22.5, "axis": "y", "origin": [3.88361, 7, 8.3265]},
			"faces": {
				"north": {"uv": [0.125, 0, 0, 0.125], "texture": "#0"},
				"east": {"uv": [4, 0, 5.5, 1], "texture": "#0"},
				"south": {"uv": [0.125, 0, 0, 0.125], "texture": "#0"},
				"west": {"uv": [5.5, 0, 4, 1], "texture": "#0"},
				"up": {"uv": [0.125, 0, 0, 0.125], "texture": "#0"},
				"down": {"uv": [0.125, 0, 0, 0.125], "texture": "#0"}
			}
		},
		{
			"from": [5.88361, 28.4, 8.3265],
			"to": [9.88361, 31.4, 8.3265],
			"rotation": {"angle": 0, "axis": "y", "origin": [12.88361, 11.4, 8.3265]},
			"faces": {
				"north": {"uv": [4, 0, 3, 0.75], "texture": "#0"},
				"east": {"uv": [0.125, 0, 0, 0.125], "texture": "#0"},
				"south": {"uv": [3, 0, 4, 0.75], "texture": "#0"},
				"west": {"uv": [0.125, 0, 0, 0.125], "texture": "#0"},
				"up": {"uv": [0.125, 0, 0, 0.125], "rotation": 90, "texture": "#0"},
				"down": {"uv": [0.125, 0, 0, 0.125], "rotation": 270, "texture": "#0"}
			}
		},
		{
			"name": "body_0_under",
			"from": [4, 14.5, 6],
			"to": [12, 20.5, 10],
			"rotation": {"angle": 0, "axis": "y", "origin": [0, -3, 0]},
			"faces": {
				"north": {"uv": [6, 0.5, 7, 1.25], "texture": "#0"},
				"east": {"uv": [5.5, 0.5, 6, 1.25], "texture": "#0"},
				"south": {"uv": [7.5, 0.5, 8.5, 1.25], "texture": "#0"},
				"west": {"uv": [7, 0.5, 7.5, 1.25], "texture": "#0"},
				"up": {"uv": [7, 0.5, 6, 0], "texture": "#0"},
				"down": {"uv": [8, 0, 7, 0.5], "texture": "#0"}
			}
		},
		{
			"name": "body_0_cloth",
			"from": [3.9, 14.3, 5.9],
			"to": [12.1, 20.7, 10.1],
			"rotation": {"angle": 0, "axis": "y", "origin": [0, -3, 0]},
			"faces": {
				"north": {"uv": [9, 0.5, 10, 1.25], "texture": "#0"},
				"east": {"uv": [8.5, 0.5, 9, 1.25], "texture": "#0"},
				"south": {"uv": [10.5, 0.5, 11.5, 1.25], "texture": "#0"},
				"west": {"uv": [10, 0.5, 10.5, 1.25], "texture": "#0"},
				"up": {"uv": [10, 0.5, 9, 0], "texture": "#0"},
				"down": {"uv": [11, 0, 10, 0.5], "texture": "#0"}
			}
		},
		{
			"name": "body_0_armor",
			"from": [3.8, 14.1, 5.8],
			"to": [12.2, 20.9, 10.2],
			"rotation": {"angle": 0, "axis": "y", "origin": [0, -3, 0]},
			"faces": {
				"north": {"uv": [12, 0.5, 13, 1.25], "texture": "#0"},
				"east": {"uv": [11.5, 0.5, 12, 1.25], "texture": "#0"},
				"south": {"uv": [13.5, 0.5, 14.5, 1.25], "texture": "#0"},
				"west": {"uv": [13, 0.5, 13.5, 1.25], "texture": "#0"},
				"up": {"uv": [13, 0.5, 12, 0], "texture": "#0"},
				"down": {"uv": [14, 0, 13, 0.5], "texture": "#0"}
			}
		},
		{
			"name": "body_0_armor2",
			"from": [3.7, 14, 5.7],
			"to": [12.3, 17.5, 10.3],
			"rotation": {"angle": 0, "axis": "y", "origin": [0, -3, 0]},
			"faces": {
				"north": {"uv": [15, 0.875, 16, 1.25], "texture": "#0"},
				"east": {"uv": [14.5, 0.875, 15, 1.25], "texture": "#0"},
				"south": {"uv": [15, 0.5, 16, 0.875], "texture": "#0"},
				"west": {"uv": [14.5, 0.5, 15, 0.875], "texture": "#0"},
				"up": {"uv": [15, 0.5, 14, 0], "texture": "#0"},
				"down": {"uv": [16, 0, 15, 0.5], "texture": "#0"}
			}
		},
		{
			"name": "body_1_under",
			"from": [4, 8.5, 6],
			"to": [12, 14.5, 10],
			"rotation": {"angle": 0, "axis": "y", "origin": [0, -3, 0]},
			"faces": {
				"north": {"uv": [6, 1.75, 7, 2.5], "texture": "#0"},
				"east": {"uv": [5.5, 1.75, 6, 2.5], "texture": "#0"},
				"south": {"uv": [7.5, 1.75, 8.5, 2.5], "texture": "#0"},
				"west": {"uv": [7, 1.75, 7.5, 2.5], "texture": "#0"},
				"up": {"uv": [7, 1.75, 6, 1.25], "texture": "#0"},
				"down": {"uv": [8, 1.25, 7, 1.75], "texture": "#0"}
			}
		},
		{
			"name": "body_1_cloth",
			"from": [3.9, 8.3, 5.9],
			"to": [12.1, 14.7, 10.1],
			"rotation": {"angle": 0, "axis": "y", "origin": [0, -3, 0]},
			"faces": {
				"north": {"uv": [9, 1.75, 10, 2.5], "texture": "#0"},
				"east": {"uv": [8.5, 1.75, 9, 2.5], "texture": "#0"},
				"south": {"uv": [10.5, 1.75, 11.5, 2.5], "texture": "#0"},
				"west": {"uv": [10, 1.75, 10.5, 2.5], "texture": "#0"},
				"up": {"uv": [10, 1.75, 9, 1.25], "texture": "#0"},
				"down": {"uv": [11, 1.25, 10, 1.75], "texture": "#0"}
			}
		},
		{
			"name": "body_1_armor",
			"from": [3.7, 11.25, 5.7],
			"to": [12.3, 14.75, 10.3],
			"rotation": {"angle": 0, "axis": "y", "origin": [0, -3, 0]},
			"faces": {
				"north": {"uv": [15, 2.125, 16, 2.5], "texture": "#0"},
				"east": {"uv": [14.5, 2.125, 15, 2.5], "texture": "#0"},
				"south": {"uv": [15, 1.75, 16, 2.125], "texture": "#0"},
				"west": {"uv": [14.5, 1.75, 15, 2.125], "texture": "#0"},
				"up": {"uv": [15, 1.75, 14, 1.25], "texture": "#0"},
				"down": {"uv": [16, 1.25, 15, 1.75], "texture": "#0"}
			}
		},
		{
			"name": "left_leg",
			"from": [4, 2.5, 6],
			"to": [8, 8.5, 10],
			"rotation": {"angle": 0, "axis": "y", "origin": [0, -3, 0]},
			"faces": {
				"north": {"uv": [6, 3, 6.5, 3.75], "texture": "#0"},
				"east": {"uv": [5.5, 3, 6, 3.75], "texture": "#0"},
				"south": {"uv": [7, 3, 7.5, 3.75], "texture": "#0"},
				"west": {"uv": [6.5, 3, 7, 3.75], "texture": "#0"},
				"up": {"uv": [6.5, 3, 6, 2.5], "texture": "#0"},
				"down": {"uv": [7, 2.5, 6.5, 3], "texture": "#0"}
			}
		},
		{
			"name": "porch",
			"from": [3.9, 3.5, 5.9],
			"to": [8.1, 7.5, 10.1],
			"rotation": {"angle": 0, "axis": "y", "origin": [0, -3, 0]},
			"faces": {
				"north": {"uv": [8, 3, 8.5, 3.5], "texture": "#0"},
				"east": {"uv": [7.5, 3, 8, 3.5], "texture": "#0"},
				"south": {"uv": [9, 3, 9.5, 3.5], "texture": "#0"},
				"west": {"uv": [8.5, 3, 9, 3.5], "texture": "#0"},
				"up": {"uv": [8.5, 3, 8, 2.5], "texture": "#0"},
				"down": {"uv": [9, 2.5, 8.5, 3], "texture": "#0"}
			}
		},
		{
			"name": "left_leg",
			"from": [4, -4.5, 6],
			"to": [8, 2.5, 10],
			"rotation": {"angle": 0, "axis": "y", "origin": [0, -3, 0]},
			"faces": {
				"north": {"uv": [6, 4.25, 6.5, 5.125], "texture": "#0"},
				"east": {"uv": [5.5, 4.25, 6, 5.125], "texture": "#0"},
				"south": {"uv": [7, 4.25, 7.5, 5.125], "texture": "#0"},
				"west": {"uv": [6.5, 4.25, 7, 5.125], "texture": "#0"},
				"up": {"uv": [6.5, 4.25, 6, 3.75], "texture": "#0"},
				"down": {"uv": [7, 3.75, 6.5, 4.25], "texture": "#0"}
			}
		},
		{
			"name": "left_leg",
			"from": [3.9, -4.6, 5.9],
			"to": [8.1, 2.6, 10.1],
			"rotation": {"angle": 0, "axis": "y", "origin": [0, -3, 0]},
			"faces": {
				"north": {"uv": [8, 4.25, 8.5, 5.125], "texture": "#0"},
				"east": {"uv": [7.5, 4.25, 8, 5.125], "texture": "#0"},
				"south": {"uv": [9, 4.25, 9.5, 5.125], "texture": "#0"},
				"west": {"uv": [8.5, 4.25, 9, 5.125], "texture": "#0"},
				"up": {"uv": [8.5, 4.25, 8, 3.75], "texture": "#0"},
				"down": {"uv": [9, 3.75, 8.5, 4.25], "texture": "#0"}
			}
		},
		{
			"name": "right_leg",
			"from": [8, 2.5, 6],
			"to": [12, 8.5, 10],
			"rotation": {"angle": 0, "axis": "y", "origin": [16, -3, 0]},
			"faces": {
				"north": {"uv": [6.5, 3, 6, 3.75], "texture": "#0"},
				"east": {"uv": [7, 3, 6.5, 3.75], "texture": "#0"},
				"south": {"uv": [7.5, 3, 7, 3.75], "texture": "#0"},
				"west": {"uv": [6, 3, 5.5, 3.75], "texture": "#0"},
				"up": {"uv": [6, 3, 6.5, 2.5], "texture": "#0"},
				"down": {"uv": [6.5, 2.5, 7, 3], "texture": "#0"}
			}
		},
		{
			"name": "left_leg",
			"from": [8, -4.5, 6],
			"to": [12, 2.5, 10],
			"rotation": {"angle": 0, "axis": "y", "origin": [16, -3, 0]},
			"faces": {
				"north": {"uv": [6.5, 4.25, 6, 5.125], "texture": "#0"},
				"east": {"uv": [7, 4.25, 6.5, 5.125], "texture": "#0"},
				"south": {"uv": [7.5, 4.25, 7, 5.125], "texture": "#0"},
				"west": {"uv": [6, 4.25, 5.5, 5.125], "texture": "#0"},
				"up": {"uv": [6, 4.25, 6.5, 3.75], "texture": "#0"},
				"down": {"uv": [6.5, 3.75, 7, 4.25], "texture": "#0"}
			}
		},
		{
			"name": "right_leg",
			"from": [7.9, -4.6, 5.9],
			"to": [12.1, 2.6, 10.1],
			"rotation": {"angle": 0, "axis": "y", "origin": [16, -3, 0]},
			"faces": {
				"north": {"uv": [10.5, 4.25, 10, 5.125], "texture": "#0"},
				"east": {"uv": [11, 4.25, 10.5, 5.125], "texture": "#0"},
				"south": {"uv": [11.5, 4.25, 11, 5.125], "texture": "#0"},
				"west": {"uv": [10, 4.25, 9.5, 5.125], "texture": "#0"},
				"up": {"uv": [10, 4.25, 10.5, 3.75], "texture": "#0"},
				"down": {"uv": [10.5, 3.75, 11, 4.25], "texture": "#0"}
			}
		},
		{
			"name": "right_arm",
			"from": [12, 14.5, 6],
			"to": [15, 20.5, 10],
			"rotation": {"angle": 0, "axis": "y", "origin": [0, -3, 0]},
			"faces": {
				"north": {"uv": [12, 3, 12.375, 3.75], "texture": "#0"},
				"east": {"uv": [11.5, 3, 12, 3.75], "texture": "#0"},
				"south": {"uv": [12.875, 3, 13.25, 3.75], "texture": "#0"},
				"west": {"uv": [12.375, 3, 12.875, 3.75], "texture": "#0"},
				"up": {"uv": [12.375, 3, 12, 2.5], "texture": "#0"},
				"down": {"uv": [12.75, 2.5, 12.375, 3], "texture": "#0"}
			}
		},
		{
			"name": "right_arm",
			"from": [11.85, 14.3, 5.85],
			"to": [15.15, 20.7, 10.15],
			"rotation": {"angle": 0, "axis": "y", "origin": [0, -3, 0]},
			"faces": {
				"north": {"uv": [13.75, 3, 14.125, 3.75], "texture": "#0"},
				"east": {"uv": [13.25, 3, 13.75, 3.75], "texture": "#0"},
				"south": {"uv": [14.625, 3, 15, 3.75], "texture": "#0"},
				"west": {"uv": [14.125, 3, 14.625, 3.75], "texture": "#0"},
				"up": {"uv": [14.125, 3, 13.75, 2.5], "texture": "#0"},
				"down": {"uv": [14.5, 2.5, 14.125, 3], "texture": "#0"}
			}
		},
		{
			"name": "left_arm",
			"from": [1, 14.5, 6],
			"to": [4, 20.5, 10],
			"rotation": {"angle": 0, "axis": "y", "origin": [16, -3, 0]},
			"faces": {
				"north": {"uv": [12.375, 3, 12, 3.75], "texture": "#0"},
				"east": {"uv": [12.875, 3, 12.375, 3.75], "texture": "#0"},
				"south": {"uv": [13.25, 3, 12.875, 3.75], "texture": "#0"},
				"west": {"uv": [12, 3, 11.5, 3.75], "texture": "#0"},
				"up": {"uv": [12, 3, 12.375, 2.5], "texture": "#0"},
				"down": {"uv": [12.375, 2.5, 12.75, 3], "texture": "#0"}
			}
		},
		{
			"name": "left_arm",
			"from": [0.85, 14.3, 5.85],
			"to": [4.15, 20.7, 10.15],
			"rotation": {"angle": 0, "axis": "y", "origin": [16, -3, 0]},
			"faces": {
				"north": {"uv": [14.125, 3, 13.75, 3.75], "texture": "#0"},
				"east": {"uv": [14.625, 3, 14.125, 3.75], "texture": "#0"},
				"south": {"uv": [15, 3, 14.625, 3.75], "texture": "#0"},
				"west": {"uv": [13.75, 3, 13.25, 3.75], "texture": "#0"},
				"up": {"uv": [13.75, 3, 14.125, 2.5], "texture": "#0"},
				"down": {"uv": [14.125, 2.5, 14.5, 3], "texture": "#0"}
			}
		},
		{
			"name": "right_arm",
			"from": [12, 8.5, 6],
			"to": [15, 14.5, 10],
			"rotation": {"angle": 0, "axis": "y", "origin": [0, -3, 0]},
			"faces": {
				"north": {"uv": [12, 4.25, 12.375, 5], "texture": "#0"},
				"east": {"uv": [11.5, 4.25, 12, 5], "texture": "#0"},
				"south": {"uv": [12.875, 4.25, 13.25, 5], "texture": "#0"},
				"west": {"uv": [12.375, 4.25, 12.875, 5], "texture": "#0"},
				"up": {"uv": [12.375, 4.25, 12, 3.75], "texture": "#0"},
				"down": {"uv": [12.75, 3.75, 12.375, 4.25], "texture": "#0"}
			}
		},
		{
			"name": "right_arm",
			"from": [11.85, 8.3, 5.85],
			"to": [15.15, 14.7, 10.15],
			"rotation": {"angle": 0, "axis": "y", "origin": [0, -3, 0]},
			"faces": {
				"north": {"uv": [13.75, 4.25, 14.125, 5], "texture": "#0"},
				"east": {"uv": [13.25, 4.25, 13.75, 5], "texture": "#0"},
				"south": {"uv": [14.625, 4.25, 15, 5], "texture": "#0"},
				"west": {"uv": [14.125, 4.25, 14.625, 5], "texture": "#0"},
				"up": {"uv": [14.125, 4.25, 13.75, 3.75], "texture": "#0"},
				"down": {"uv": [14.5, 3.75, 14.125, 4.25], "texture": "#0"}
			}
		},
		{
			"name": "left_arm",
			"from": [1, 8.5, 6],
			"to": [4, 14.5, 10],
			"rotation": {"angle": 0, "axis": "y", "origin": [16, -3, 0]},
			"faces": {
				"north": {"uv": [12.375, 4.25, 12, 5], "texture": "#0"},
				"east": {"uv": [12.875, 4.25, 12.375, 5], "texture": "#0"},
				"south": {"uv": [13.25, 4.25, 12.875, 5], "texture": "#0"},
				"west": {"uv": [12, 4.25, 11.5, 5], "texture": "#0"},
				"up": {"uv": [12, 4.25, 12.375, 3.75], "texture": "#0"},
				"down": {"uv": [12.375, 3.75, 12.75, 4.25], "texture": "#0"}
			}
		},
		{
			"name": "left_arm",
			"from": [0.85, 8.3, 5.85],
			"to": [4.15, 14.7, 10.15],
			"rotation": {"angle": 0, "axis": "y", "origin": [16, -3, 0]},
			"faces": {
				"north": {"uv": [14.125, 4.25, 13.75, 5], "texture": "#0"},
				"east": {"uv": [14.625, 4.25, 14.125, 5], "texture": "#0"},
				"south": {"uv": [15, 4.25, 14.625, 5], "texture": "#0"},
				"west": {"uv": [13.75, 4.25, 13.25, 5], "texture": "#0"},
				"up": {"uv": [13.75, 4.25, 14.125, 3.75], "texture": "#0"},
				"down": {"uv": [14.125, 3.75, 14.5, 4.25], "texture": "#0"}
			}
		}
	],
	"groups": [
		{
			"name": "head",
			"origin": [8, 8, 8],
			"color": 0,
			"nbt": "{}",
			"children": [0, 1, 2, 3, 4]
		},
		{
			"name": "body_0",
			"origin": [8, 8, 8],
			"color": 0,
			"nbt": "{}",
			"children": [5, 6, 7, 8]
		},
		{
			"name": "body_1",
			"origin": [8, 8, 8],
			"color": 0,
			"nbt": "{}",
			"children": [9, 10, 11]
		},
		{
			"name": "leg_left_0",
			"origin": [8, 8, 8],
			"color": 0,
			"nbt": "{}",
			"children": [12, 13]
		},
		{
			"name": "leg_left_1",
			"origin": [8, 8, 8],
			"color": 0,
			"nbt": "{}",
			"children": [14, 15]
		},
		{
			"name": "leg_right_0",
			"origin": [8, 8, 8],
			"color": 0,
			"nbt": "{}",
			"children": [16]
		},
		{
			"name": "leg_right_1",
			"origin": [8, 8, 8],
			"color": 0,
			"nbt": "{}",
			"children": [17, 18]
		},
		{
			"name": "arm_right_0",
			"origin": [8, 8, 8],
			"color": 0,
			"nbt": "{}",
			"children": [19, 20]
		},
		{
			"name": "arm_left_0",
			"origin": [8, 8, 8],
			"color": 0,
			"nbt": "{}",
			"children": [21, 22]
		},
		{
			"name": "arm_right_1",
			"origin": [8, 8, 8],
			"color": 0,
			"nbt": "{}",
			"children": [23, 24]
		},
		{
			"name": "arm_left_1",
			"origin": [8, 8, 8],
			"color": 0,
			"nbt": "{}",
			"children": [25, 26]
		}
	]
}