{
	"credit": "Made by AnminMakura",
	"textures": {
		"0": "block/gold_block",
		"layer1": "block/ochre_froglight_side",
		"particle": "block/ochre_froglight_top",
		"layer2": "block/ochre_froglight_top",
		"layer3": "block/snow"
	},
	"elements": [
		{
			"name": "head",
			"from": [4, 11, 3.5],
			"to": [12, 21, 11.5],
			"rotation": {"angle": 0, "axis": "y", "origin": [8, -13, 7.5]},
			"faces": {
				"north": {"uv": [1, 1, 9, 11], "texture": "#0"},
				"east": {"uv": [7, 1, 15, 11], "texture": "#0"},
				"south": {"uv": [1, 1, 9, 11], "texture": "#0"},
				"west": {"uv": [7, 1, 15, 11], "texture": "#0"},
				"up": {"uv": [7, 1, 15, 9], "texture": "#0"},
				"down": {"uv": [7, 7, 15, 15], "texture": "#0"}
			}
		},
		{
			"name": "nose",
			"from": [7, 10, 1.5],
			"to": [9, 14, 3.5],
			"rotation": {"angle": 0, "axis": "y", "origin": [8, -13, 7.5]},
			"faces": {
				"north": {"uv": [13, 1, 15, 5], "texture": "#0"},
				"east": {"uv": [5, 1, 7, 5], "texture": "#0"},
				"south": {"uv": [1, 1, 3, 5], "texture": "#0"},
				"west": {"uv": [3, 1, 5, 5], "texture": "#0"},
				"up": {"uv": [1, 1, 3, 5], "texture": "#0"},
				"down": {"uv": [1, 1, 3, 5], "texture": "#0"}
			}
		},
		{
			"name": "bodywear",
			"from": [3.5, -9.5, 4],
			"to": [12.5, 11.5, 11],
			"rotation": {"angle": 0, "axis": "y", "origin": [8, -13, 7.5]},
			"faces": {
				"north": {"uv": [1, 0, 9, 16], "texture": "#0"},
				"east": {"uv": [1, 0, 7, 16], "texture": "#0"},
				"south": {"uv": [7, 0, 15, 16], "texture": "#0"},
				"west": {"uv": [9, 0, 15, 16], "texture": "#0"},
				"up": {"uv": [10, 1, 1, 8], "texture": "#0"},
				"down": {"uv": [7, 7, 15, 1], "texture": "#0"}
			}
		},
		{
			"name": "arms",
			"from": [4, 1.05, 5.45],
			"to": [12, 5.05, 9.45],
			"rotation": {"angle": 45, "axis": "x", "origin": [8, 9.05, 7.45]},
			"faces": {
				"north": {"uv": [1, 1, 9, 5], "texture": "#0"},
				"east": {"uv": [1, 1, 5, 5], "texture": "#0"},
				"south": {"uv": [1, 1, 9, 5], "texture": "#0"},
				"west": {"uv": [1, 1, 5, 5], "texture": "#0"},
				"up": {"uv": [1, 1, 9, 5], "texture": "#0"},
				"down": {"uv": [15, 5, 7, 1], "texture": "#0"}
			}
		},
		{
			"name": "arms",
			"from": [12, 1.05, 5.45],
			"to": [16, 9.05, 9.45],
			"rotation": {"angle": 45, "axis": "x", "origin": [8, 9.05, 7.45]},
			"faces": {
				"north": {"uv": [1, 1, 5, 9], "texture": "#0"},
				"east": {"uv": [1, 1, 5, 9], "texture": "#0"},
				"south": {"uv": [1, 1, 5, 9], "texture": "#0"},
				"west": {"uv": [1, 1, 5, 9], "texture": "#0"},
				"up": {"uv": [1, 1, 5, 5], "texture": "#0"},
				"down": {"uv": [15, 5, 11, 1], "texture": "#0"}
			}
		},
		{
			"name": "mirrored",
			"from": [0, 1.05, 5.45],
			"to": [4, 9.05, 9.45],
			"rotation": {"angle": 45, "axis": "x", "origin": [8, 9.05, 7.45]},
			"faces": {
				"north": {"uv": [5, 1, 1, 9], "texture": "#0"},
				"east": {"uv": [5, 1, 1, 9], "texture": "#0"},
				"south": {"uv": [5, 1, 1, 9], "texture": "#0"},
				"west": {"uv": [5, 1, 1, 9], "texture": "#0"},
				"up": {"uv": [5, 1, 1, 5], "texture": "#0"},
				"down": {"uv": [15, 5, 11, 1], "texture": "#0"}
			}
		},
		{
			"name": "right_leg",
			"from": [8, -13, 5.5],
			"to": [12, -1, 9.5],
			"rotation": {"angle": 0, "axis": "y", "origin": [8, -13, 7.5]},
			"faces": {
				"north": {"uv": [15, 13, 11, 1], "texture": "#0"},
				"east": {"uv": [15, 13, 11, 1], "texture": "#0"},
				"south": {"uv": [15, 13, 11, 1], "texture": "#0"},
				"west": {"uv": [5, 1, 1, 5], "texture": "#0"},
				"up": {"uv": [5, 1, 1, 5], "texture": "#0"},
				"down": {"uv": [15, 11, 11, 15], "texture": "#0"}
			}
		},
		{
			"name": "left_leg",
			"from": [4, -13, 5.5],
			"to": [8, -1, 9.5],
			"rotation": {"angle": 0, "axis": "y", "origin": [8, -13, 7.5]},
			"faces": {
				"north": {"uv": [15, 13, 11, 1], "texture": "#0"},
				"east": {"uv": [5, 1, 1, 5], "texture": "#0"},
				"south": {"uv": [15, 13, 11, 1], "texture": "#0"},
				"west": {"uv": [15, 13, 11, 1], "texture": "#0"},
				"up": {"uv": [5, 1, 1, 5], "texture": "#0"},
				"down": {"uv": [15, 11, 11, 15], "texture": "#0"}
			}
		},
		{
			"from": [9, 14, 3.49609],
			"to": [11, 14.5, 3.49609],
			"rotation": {"angle": 0, "axis": "z", "origin": [10, 14, 3.49609]},
			"faces": {
				"north": {"uv": [2, 1, 3, 2], "texture": "#layer3"},
				"east": {"uv": [2, 1, 3, 2], "texture": "#layer3"},
				"south": {"uv": [2, 1, 3, 2], "texture": "#layer3"},
				"west": {"uv": [2, 1, 3, 2], "texture": "#layer3"},
				"up": {"uv": [2, 1, 3, 2], "texture": "#layer3"},
				"down": {"uv": [2, 1, 3, 2], "texture": "#layer3"}
			}
		},
		{
			"from": [5, 14, 3.49609],
			"to": [7, 14.5, 3.49609],
			"rotation": {"angle": 0, "axis": "z", "origin": [6, 14, 3.49609]},
			"faces": {
				"north": {"uv": [3, 1, 2, 2], "texture": "#layer3"},
				"east": {"uv": [3, 1, 2, 2], "texture": "#layer3"},
				"south": {"uv": [3, 1, 2, 2], "texture": "#layer3"},
				"west": {"uv": [3, 1, 2, 2], "texture": "#layer3"},
				"up": {"uv": [3, 1, 2, 2], "texture": "#layer3"},
				"down": {"uv": [3, 1, 2, 2], "texture": "#layer3"}
			}
		},
		{
			"from": [2.97019, 2.98595, 10.58625],
			"to": [13.08507, 13.10083, 15.4146],
			"rotation": {"angle": 45, "axis": "z", "origin": [8.0089, 8.04338, 13.00042]},
			"faces": {
				"north": {"uv": [1, 0, 2, 1], "texture": "#layer3"},
				"east": {"uv": [1, 0, 2, 1], "texture": "#layer3"},
				"south": {"uv": [1, 0, 2, 1], "texture": "#layer3"},
				"west": {"uv": [1, 0, 2, 1], "texture": "#layer3"},
				"up": {"uv": [1, 0, 2, 1], "texture": "#layer3"},
				"down": {"uv": [1, 0, 2, 1], "texture": "#layer3"}
			}
		},
		{
			"from": [1.81435, 1.84882, 10.80605],
			"to": [14.17697, 14.21145, 15.19479],
			"rotation": {"angle": 45, "axis": "z", "origin": [7.99565, 8.03013, 13.00042]},
			"faces": {
				"north": {"uv": [0, 0, 16, 16], "texture": "#layer2"},
				"east": {"uv": [0, 0, 16, 16], "texture": "#layer2"},
				"south": {"uv": [0, 0, 16, 16], "texture": "#layer2"},
				"west": {"uv": [0, 0, 16, 16], "texture": "#layer2"},
				"up": {"uv": [0, 0, 16, 16], "texture": "#layer2"},
				"down": {"uv": [0, 0, 16, 16], "texture": "#layer2"}
			}
		},
		{
			"from": [-3.76043, 15.18621, 11.47031],
			"to": [0.79126, 19.73789, 14.53053],
			"rotation": {"angle": 45, "axis": "z", "origin": [7.97225, 8.04338, 13.00041]},
			"faces": {
				"north": {"uv": [1, 0, 2, 1], "texture": "#layer3"},
				"east": {"uv": [1, 0, 2, 1], "texture": "#layer3"},
				"south": {"uv": [1, 0, 2, 1], "texture": "#layer3"},
				"west": {"uv": [1, 0, 2, 1], "texture": "#layer3"},
				"up": {"uv": [1, 0, 2, 1], "texture": "#layer3"},
				"down": {"uv": [1, 0, 2, 1], "texture": "#layer3"}
			}
		},
		{
			"from": [-4.28057, 14.6745, 11.60962],
			"to": [1.28261, 20.23768, 14.39121],
			"rotation": {"angle": 45, "axis": "z", "origin": [7.97225, 8.03743, 13.00041]},
			"faces": {
				"north": {"uv": [0, 0, 16, 16], "texture": "#layer2"},
				"east": {"uv": [0, 0, 16, 16], "texture": "#layer2"},
				"south": {"uv": [0, 0, 16, 16], "texture": "#layer2"},
				"west": {"uv": [0, 0, 16, 16], "texture": "#layer2"},
				"up": {"uv": [0, 0, 16, 16], "texture": "#layer2"},
				"down": {"uv": [0, 0, 16, 16], "texture": "#layer2"}
			}
		},
		{
			"from": [15.17056, 15.19662, 11.47031],
			"to": [19.72227, 19.74831, 14.53053],
			"rotation": {"angle": 45, "axis": "z", "origin": [8.02775, 8.01563, 13.00041]},
			"faces": {
				"north": {"uv": [1, 0, 2, 1], "rotation": 270, "texture": "#layer3"},
				"east": {"uv": [1, 0, 2, 1], "rotation": 90, "texture": "#layer3"},
				"south": {"uv": [1, 0, 2, 1], "rotation": 90, "texture": "#layer3"},
				"west": {"uv": [1, 0, 2, 1], "rotation": 90, "texture": "#layer3"},
				"up": {"uv": [1, 0, 2, 1], "rotation": 90, "texture": "#layer3"},
				"down": {"uv": [1, 0, 2, 1], "rotation": 90, "texture": "#layer3"}
			}
		},
		{
			"from": [14.66482, 14.69929, 11.60962],
			"to": [20.228, 20.26248, 14.39121],
			"rotation": {"angle": 45, "axis": "z", "origin": [8.02775, 8.00968, 13.00041]},
			"faces": {
				"north": {"uv": [0, 0, 16, 16], "rotation": 270, "texture": "#layer2"},
				"east": {"uv": [0, 0, 16, 16], "rotation": 90, "texture": "#layer2"},
				"south": {"uv": [0, 0, 16, 16], "rotation": 90, "texture": "#layer2"},
				"west": {"uv": [0, 0, 16, 16], "rotation": 90, "texture": "#layer2"},
				"up": {"uv": [0, 0, 16, 16], "rotation": 90, "texture": "#layer2"},
				"down": {"uv": [0, 0, 16, 16], "rotation": 90, "texture": "#layer2"}
			}
		},
		{
			"from": [15.14281, 15.14112, 11.47031],
			"to": [19.69452, 19.69281, 14.53053],
			"rotation": {"angle": -45, "axis": "z", "origin": [8, 7.96013, 13.00041]},
			"faces": {
				"north": {"uv": [1, 0, 2, 1], "rotation": 270, "texture": "#layer3"},
				"east": {"uv": [1, 0, 2, 1], "rotation": 90, "texture": "#layer3"},
				"south": {"uv": [1, 0, 2, 1], "rotation": 90, "texture": "#layer3"},
				"west": {"uv": [1, 0, 2, 1], "rotation": 90, "texture": "#layer3"},
				"up": {"uv": [1, 0, 2, 1], "rotation": 90, "texture": "#layer3"},
				"down": {"uv": [1, 0, 2, 1], "rotation": 90, "texture": "#layer3"}
			}
		},
		{
			"from": [14.63707, 14.64379, 11.60962],
			"to": [20.20025, 20.20698, 14.39121],
			"rotation": {"angle": -45, "axis": "z", "origin": [8, 7.95418, 13.00041]},
			"faces": {
				"north": {"uv": [0, 0, 16, 16], "rotation": 270, "texture": "#layer2"},
				"east": {"uv": [0, 0, 16, 16], "rotation": 90, "texture": "#layer2"},
				"south": {"uv": [0, 0, 16, 16], "rotation": 90, "texture": "#layer2"},
				"west": {"uv": [0, 0, 16, 16], "rotation": 90, "texture": "#layer2"},
				"up": {"uv": [0, 0, 16, 16], "rotation": 90, "texture": "#layer2"},
				"down": {"uv": [0, 0, 16, 16], "rotation": 90, "texture": "#layer2"}
			}
		},
		{
			"from": [14.66189, -4.21833, 11.60962],
			"to": [20.22507, 1.34484, 14.39121],
			"rotation": {"angle": -45, "axis": "z", "origin": [7.97225, 7.98193, 13.00041]},
			"faces": {
				"north": {"uv": [0, 0, 16, 16], "rotation": 180, "texture": "#layer2"},
				"east": {"uv": [0, 0, 16, 16], "rotation": 180, "texture": "#layer2"},
				"south": {"uv": [0, 0, 16, 16], "rotation": 180, "texture": "#layer2"},
				"west": {"uv": [0, 0, 16, 16], "rotation": 180, "texture": "#layer2"},
				"up": {"uv": [0, 0, 16, 16], "rotation": 180, "texture": "#layer2"},
				"down": {"uv": [0, 0, 16, 16], "rotation": 180, "texture": "#layer2"}
			}
		},
		{
			"from": [15.15324, -3.70664, 11.47031],
			"to": [19.70493, 0.84507, 14.53053],
			"rotation": {"angle": -45, "axis": "z", "origin": [7.97225, 7.98788, 13.00041]},
			"faces": {
				"north": {"uv": [1, 0, 2, 1], "rotation": 180, "texture": "#layer3"},
				"east": {"uv": [1, 0, 2, 1], "rotation": 180, "texture": "#layer3"},
				"south": {"uv": [1, 0, 2, 1], "rotation": 180, "texture": "#layer3"},
				"west": {"uv": [1, 0, 2, 1], "rotation": 180, "texture": "#layer3"},
				"up": {"uv": [1, 0, 2, 1], "rotation": 180, "texture": "#layer3"},
				"down": {"uv": [1, 0, 2, 1], "rotation": 180, "texture": "#layer3"}
			}
		},
		{
			"from": [-5.02902, 12.995, 12.70904],
			"to": [21.02902, 13.99151, 13.27514],
			"rotation": {"angle": 45, "axis": "z", "origin": [8, 8, 13.00041]},
			"faces": {
				"north": {"uv": [2, 0, 3, 1], "texture": "#layer3"},
				"east": {"uv": [2, 0, 3, 1], "texture": "#layer3"},
				"south": {"uv": [2, 0, 3, 1], "texture": "#layer3"},
				"west": {"uv": [2, 0, 3, 1], "texture": "#layer3"},
				"up": {"uv": [2, 0, 3, 1], "texture": "#layer3"},
				"down": {"uv": [2, 0, 3, 1], "texture": "#layer3"}
			}
		},
		{
			"from": [12.995, -5.02902, 12.70893],
			"to": [13.99151, 21.02902, 13.26141],
			"rotation": {"angle": 45, "axis": "z", "origin": [8, 8, 13.00041]},
			"faces": {
				"north": {"uv": [2, 0, 3, 1], "texture": "#layer3"},
				"east": {"uv": [2, 0, 3, 1], "texture": "#layer3"},
				"south": {"uv": [2, 0, 3, 1], "texture": "#layer3"},
				"west": {"uv": [2, 0, 3, 1], "texture": "#layer3"},
				"up": {"uv": [2, 0, 3, 1], "texture": "#layer3"},
				"down": {"uv": [2, 0, 3, 1], "texture": "#layer3"}
			}
		},
		{
			"from": [-3.1, -1.99, 12.43143],
			"to": [-0.88, 17.99, 13.56918],
			"rotation": {"angle": 45, "axis": "z", "origin": [8, 8, 13.00041]},
			"faces": {
				"north": {"uv": [8, 0, 9, 16], "rotation": 180, "texture": "#layer1"},
				"east": {"uv": [8, 0, 9, 16], "rotation": 180, "texture": "#layer1"},
				"south": {"uv": [8, 0, 9, 16], "rotation": 180, "texture": "#layer1"},
				"west": {"uv": [8, 0, 9, 16], "rotation": 180, "texture": "#layer1"},
				"up": {"uv": [8, 15, 9, 16], "rotation": 180, "texture": "#layer1"},
				"down": {"uv": [8, 0, 9, 1], "rotation": 180, "texture": "#layer1"}
			}
		},
		{
			"from": [0.2744, 1.3844, 12.25303],
			"to": [1.007, 14.6156, 13.74764],
			"rotation": {"angle": -45, "axis": "z", "origin": [8, 8, 13.00041]},
			"faces": {
				"north": {"uv": [8, 0, 9, 16], "rotation": 180, "texture": "#layer1"},
				"east": {"uv": [8, 0, 9, 16], "rotation": 180, "texture": "#layer1"},
				"south": {"uv": [8, 0, 9, 16], "rotation": 180, "texture": "#layer1"},
				"west": {"uv": [8, 0, 9, 16], "rotation": 180, "texture": "#layer1"},
				"up": {"uv": [8, 15, 9, 16], "rotation": 180, "texture": "#layer1"},
				"down": {"uv": [8, 0, 9, 1], "rotation": 180, "texture": "#layer1"}
			}
		},
		{
			"from": [16.88, -1.99, 12.43143],
			"to": [19.1, 17.99, 13.56918],
			"rotation": {"angle": 45, "axis": "z", "origin": [8, 8, 13.00041]},
			"faces": {
				"north": {"uv": [8, 0, 9, 16], "texture": "#layer1"},
				"east": {"uv": [8, 0, 9, 16], "texture": "#layer1"},
				"south": {"uv": [8, 0, 9, 16], "texture": "#layer1"},
				"west": {"uv": [8, 0, 9, 16], "texture": "#layer1"},
				"up": {"uv": [8, 0, 9, 1], "texture": "#layer1"},
				"down": {"uv": [8, 15, 9, 16], "texture": "#layer1"}
			}
		},
		{
			"from": [14.993, 1.3844, 12.25303],
			"to": [15.7256, 14.6156, 13.74764],
			"rotation": {"angle": -45, "axis": "z", "origin": [8, 8, 13.00041]},
			"faces": {
				"north": {"uv": [8, 0, 9, 16], "texture": "#layer1"},
				"east": {"uv": [8, 0, 9, 16], "texture": "#layer1"},
				"south": {"uv": [8, 0, 9, 16], "texture": "#layer1"},
				"west": {"uv": [8, 0, 9, 16], "texture": "#layer1"},
				"up": {"uv": [8, 0, 9, 1], "texture": "#layer1"},
				"down": {"uv": [8, 15, 9, 16], "texture": "#layer1"}
			}
		},
		{
			"from": [-1.99, 16.88, 12.43154],
			"to": [17.99, 19.1, 13.56929],
			"rotation": {"angle": 45, "axis": "z", "origin": [8, 8, 13.00041]},
			"faces": {
				"north": {"uv": [8, 0, 9, 16], "rotation": 90, "texture": "#layer1"},
				"east": {"uv": [8, 15, 9, 16], "rotation": 270, "texture": "#layer1"},
				"south": {"uv": [8, 0, 9, 16], "rotation": 270, "texture": "#layer1"},
				"west": {"uv": [8, 0, 9, 1], "rotation": 270, "texture": "#layer1"},
				"up": {"uv": [8, 0, 9, 16], "rotation": 270, "texture": "#layer1"},
				"down": {"uv": [8, 0, 9, 16], "rotation": 270, "texture": "#layer1"}
			}
		},
		{
			"from": [1.3844, 14.993, 12.25311],
			"to": [14.6156, 15.7256, 13.74772],
			"rotation": {"angle": -45, "axis": "z", "origin": [8, 8, 13.00041]},
			"faces": {
				"north": {"uv": [8, 0, 9, 16], "rotation": 90, "texture": "#layer1"},
				"east": {"uv": [8, 15, 9, 16], "rotation": 270, "texture": "#layer1"},
				"south": {"uv": [8, 0, 9, 16], "rotation": 270, "texture": "#layer1"},
				"west": {"uv": [8, 0, 9, 1], "rotation": 270, "texture": "#layer1"},
				"up": {"uv": [8, 0, 9, 16], "rotation": 270, "texture": "#layer1"},
				"down": {"uv": [8, 0, 9, 16], "rotation": 270, "texture": "#layer1"}
			}
		},
		{
			"from": [-1.99, -3.1, 12.43154],
			"to": [17.99, -0.88, 13.56929],
			"rotation": {"angle": 45, "axis": "z", "origin": [8, 8, 13.00041]},
			"faces": {
				"north": {"uv": [8, 0, 9, 16], "rotation": 270, "texture": "#layer1"},
				"east": {"uv": [8, 0, 9, 1], "rotation": 90, "texture": "#layer1"},
				"south": {"uv": [8, 0, 9, 16], "rotation": 90, "texture": "#layer1"},
				"west": {"uv": [8, 15, 9, 16], "rotation": 90, "texture": "#layer1"},
				"up": {"uv": [8, 0, 9, 16], "rotation": 90, "texture": "#layer1"},
				"down": {"uv": [8, 0, 9, 16], "rotation": 90, "texture": "#layer1"}
			}
		},
		{
			"from": [1.3844, 0.2744, 12.25311],
			"to": [14.6156, 1.007, 13.74772],
			"rotation": {"angle": -45, "axis": "z", "origin": [8, 8, 13.00041]},
			"faces": {
				"north": {"uv": [8, 0, 9, 16], "rotation": 270, "texture": "#layer1"},
				"east": {"uv": [8, 0, 9, 1], "rotation": 90, "texture": "#layer1"},
				"south": {"uv": [8, 0, 9, 16], "rotation": 90, "texture": "#layer1"},
				"west": {"uv": [8, 15, 9, 16], "rotation": 90, "texture": "#layer1"},
				"up": {"uv": [8, 0, 9, 16], "rotation": 90, "texture": "#layer1"},
				"down": {"uv": [8, 0, 9, 16], "rotation": 90, "texture": "#layer1"}
			}
		},
		{
			"from": [6.89, -10.315, 12.44541],
			"to": [9.11, 3.56, 13.55541],
			"rotation": {"angle": 0, "axis": "z", "origin": [8, 8, 13.00041]},
			"faces": {
				"north": {"uv": [10, 16, 9, 3], "texture": "#layer1"},
				"east": {"uv": [10, 16, 9, 3], "texture": "#layer1"},
				"south": {"uv": [10, 16, 9, 3], "texture": "#layer1"},
				"west": {"uv": [10, 16, 9, 3], "texture": "#layer1"},
				"up": {"uv": [0, 4, 1, 5], "rotation": 90, "texture": "#layer2"},
				"down": {"uv": [7, 7, 8, 8], "rotation": 90, "texture": "#layer2"}
			}
		},
		{
			"from": [-10.315, 6.89, 12.44541],
			"to": [3.56, 9.11, 13.55541],
			"rotation": {"angle": 0, "axis": "z", "origin": [8, 8, 13.00041]},
			"faces": {
				"north": {"uv": [10, 16, 9, 3], "rotation": 270, "texture": "#layer1"},
				"east": {"uv": [0, 4, 1, 5], "rotation": 180, "texture": "#layer2"},
				"south": {"uv": [10, 16, 9, 3], "rotation": 90, "texture": "#layer1"},
				"west": {"uv": [7, 7, 8, 8], "rotation": 180, "texture": "#layer2"},
				"up": {"uv": [10, 16, 9, 3], "rotation": 90, "texture": "#layer1"},
				"down": {"uv": [10, 16, 9, 3], "rotation": 90, "texture": "#layer1"}
			}
		},
		{
			"from": [6.89, 12.44, 12.44541],
			"to": [9.11, 26.315, 13.55541],
			"rotation": {"angle": 0, "axis": "z", "origin": [8, 8, 13.00041]},
			"faces": {
				"north": {"uv": [10, 16, 9, 3], "rotation": 180, "texture": "#layer1"},
				"east": {"uv": [10, 16, 9, 3], "rotation": 180, "texture": "#layer1"},
				"south": {"uv": [10, 16, 9, 3], "rotation": 180, "texture": "#layer1"},
				"west": {"uv": [10, 16, 9, 3], "rotation": 180, "texture": "#layer1"},
				"up": {"uv": [7, 7, 8, 8], "rotation": 270, "texture": "#layer2"},
				"down": {"uv": [0, 4, 1, 5], "rotation": 270, "texture": "#layer2"}
			}
		},
		{
			"from": [12.44, 6.89, 12.44541],
			"to": [26.315, 9.11, 13.55541],
			"rotation": {"angle": 0, "axis": "z", "origin": [8, 8, 13.00041]},
			"faces": {
				"north": {"uv": [10, 16, 9, 3], "rotation": 90, "texture": "#layer1"},
				"east": {"uv": [7, 7, 8, 8], "texture": "#layer2"},
				"south": {"uv": [10, 16, 9, 3], "rotation": 270, "texture": "#layer1"},
				"west": {"uv": [0, 4, 1, 5], "texture": "#layer2"},
				"up": {"uv": [10, 16, 9, 3], "rotation": 270, "texture": "#layer1"},
				"down": {"uv": [10, 16, 9, 3], "rotation": 270, "texture": "#layer1"}
			}
		},
		{
			"from": [23.54, 7.445, 12.72291],
			"to": [27.98, 8.555, 13.27791],
			"rotation": {"angle": -45, "axis": "z", "origin": [8, 8, 13.00041]},
			"faces": {
				"north": {"uv": [10, 16, 9, 3], "rotation": 90, "texture": "#layer1"},
				"east": {"uv": [7, 7, 8, 8], "texture": "#layer2"},
				"south": {"uv": [10, 16, 9, 3], "rotation": 270, "texture": "#layer1"},
				"west": {"uv": [0, 4, 1, 5], "texture": "#layer2"},
				"up": {"uv": [10, 16, 9, 3], "rotation": 270, "texture": "#layer1"},
				"down": {"uv": [10, 16, 9, 3], "rotation": 270, "texture": "#layer1"}
			}
		},
		{
			"from": [7.445, 23.54, 12.72291],
			"to": [8.555, 27.98, 13.27791],
			"rotation": {"angle": -45, "axis": "z", "origin": [8, 8, 13.00041]},
			"faces": {
				"north": {"uv": [10, 16, 9, 3], "rotation": 180, "texture": "#layer1"},
				"east": {"uv": [10, 16, 9, 3], "rotation": 180, "texture": "#layer1"},
				"south": {"uv": [10, 16, 9, 3], "rotation": 180, "texture": "#layer1"},
				"west": {"uv": [10, 16, 9, 3], "rotation": 180, "texture": "#layer1"},
				"up": {"uv": [7, 7, 8, 8], "rotation": 270, "texture": "#layer2"},
				"down": {"uv": [0, 4, 1, 5], "rotation": 270, "texture": "#layer2"}
			}
		},
		{
			"from": [-11.98, 7.445, 12.72291],
			"to": [-7.54, 8.555, 13.27791],
			"rotation": {"angle": -45, "axis": "z", "origin": [8, 8, 13.00041]},
			"faces": {
				"north": {"uv": [10, 16, 9, 3], "rotation": 270, "texture": "#layer1"},
				"east": {"uv": [0, 4, 1, 5], "rotation": 180, "texture": "#layer2"},
				"south": {"uv": [10, 16, 9, 3], "rotation": 90, "texture": "#layer1"},
				"west": {"uv": [7, 7, 8, 8], "rotation": 180, "texture": "#layer2"},
				"up": {"uv": [10, 16, 9, 3], "rotation": 90, "texture": "#layer1"},
				"down": {"uv": [10, 16, 9, 3], "rotation": 90, "texture": "#layer1"}
			}
		},
		{
			"from": [7.445, -11.98, 12.72291],
			"to": [8.555, -7.54, 13.27791],
			"rotation": {"angle": -45, "axis": "z", "origin": [8, 8, 13.00041]},
			"faces": {
				"north": {"uv": [10, 16, 9, 3], "texture": "#layer1"},
				"east": {"uv": [10, 16, 9, 3], "texture": "#layer1"},
				"south": {"uv": [10, 16, 9, 3], "texture": "#layer1"},
				"west": {"uv": [10, 16, 9, 3], "texture": "#layer1"},
				"up": {"uv": [0, 4, 1, 5], "rotation": 90, "texture": "#layer2"},
				"down": {"uv": [7, 7, 8, 8], "rotation": 90, "texture": "#layer2"}
			}
		},
		{
			"from": [7.445, 23.54, 12.72291],
			"to": [8.555, 25.76, 13.27791],
			"rotation": {"angle": -22.5, "axis": "z", "origin": [8, 8, 13.00041]},
			"faces": {
				"north": {"uv": [10, 16, 9, 3], "rotation": 180, "texture": "#layer1"},
				"east": {"uv": [10, 16, 9, 3], "rotation": 180, "texture": "#layer1"},
				"south": {"uv": [10, 16, 9, 3], "rotation": 180, "texture": "#layer1"},
				"west": {"uv": [10, 16, 9, 3], "rotation": 180, "texture": "#layer1"},
				"up": {"uv": [7, 7, 8, 8], "rotation": 270, "texture": "#layer2"},
				"down": {"uv": [0, 4, 1, 5], "rotation": 270, "texture": "#layer2"}
			}
		},
		{
			"from": [23.54, 7.445, 12.72291],
			"to": [25.76, 8.555, 13.27791],
			"rotation": {"angle": -22.5, "axis": "z", "origin": [8, 8, 13.00041]},
			"faces": {
				"north": {"uv": [10, 16, 9, 3], "rotation": 90, "texture": "#layer1"},
				"east": {"uv": [7, 7, 8, 8], "texture": "#layer2"},
				"south": {"uv": [10, 16, 9, 3], "rotation": 270, "texture": "#layer1"},
				"west": {"uv": [0, 4, 1, 5], "texture": "#layer2"},
				"up": {"uv": [10, 16, 9, 3], "rotation": 270, "texture": "#layer1"},
				"down": {"uv": [10, 16, 9, 3], "rotation": 270, "texture": "#layer1"}
			}
		},
		{
			"from": [-9.76, 7.445, 12.72291],
			"to": [-7.54, 8.555, 13.27791],
			"rotation": {"angle": -22.5, "axis": "z", "origin": [8, 8, 13.00041]},
			"faces": {
				"north": {"uv": [10, 16, 9, 3], "rotation": 270, "texture": "#layer1"},
				"east": {"uv": [0, 4, 1, 5], "rotation": 180, "texture": "#layer2"},
				"south": {"uv": [10, 16, 9, 3], "rotation": 90, "texture": "#layer1"},
				"west": {"uv": [7, 7, 8, 8], "rotation": 180, "texture": "#layer2"},
				"up": {"uv": [10, 16, 9, 3], "rotation": 90, "texture": "#layer1"},
				"down": {"uv": [10, 16, 9, 3], "rotation": 90, "texture": "#layer1"}
			}
		},
		{
			"from": [7.445, -9.76, 12.72291],
			"to": [8.555, -7.54, 13.27791],
			"rotation": {"angle": -22.5, "axis": "z", "origin": [8, 8, 13.00041]},
			"faces": {
				"north": {"uv": [10, 16, 9, 3], "texture": "#layer1"},
				"east": {"uv": [10, 16, 9, 3], "texture": "#layer1"},
				"south": {"uv": [10, 16, 9, 3], "texture": "#layer1"},
				"west": {"uv": [10, 16, 9, 3], "texture": "#layer1"},
				"up": {"uv": [0, 4, 1, 5], "rotation": 90, "texture": "#layer2"},
				"down": {"uv": [7, 7, 8, 8], "rotation": 90, "texture": "#layer2"}
			}
		},
		{
			"from": [23.54, 7.445, 12.72291],
			"to": [25.76, 8.555, 13.27791],
			"rotation": {"angle": 22.5, "axis": "z", "origin": [8, 8, 13.00041]},
			"faces": {
				"north": {"uv": [10, 16, 9, 3], "rotation": 90, "texture": "#layer1"},
				"east": {"uv": [7, 7, 8, 8], "texture": "#layer2"},
				"south": {"uv": [10, 16, 9, 3], "rotation": 270, "texture": "#layer1"},
				"west": {"uv": [0, 4, 1, 5], "texture": "#layer2"},
				"up": {"uv": [10, 16, 9, 3], "rotation": 270, "texture": "#layer1"},
				"down": {"uv": [10, 16, 9, 3], "rotation": 270, "texture": "#layer1"}
			}
		},
		{
			"from": [7.445, -9.76, 12.72291],
			"to": [8.555, -7.54, 13.27791],
			"rotation": {"angle": 22.5, "axis": "z", "origin": [8, 8, 13.00041]},
			"faces": {
				"north": {"uv": [10, 16, 9, 3], "texture": "#layer1"},
				"east": {"uv": [10, 16, 9, 3], "texture": "#layer1"},
				"south": {"uv": [10, 16, 9, 3], "texture": "#layer1"},
				"west": {"uv": [10, 16, 9, 3], "texture": "#layer1"},
				"up": {"uv": [0, 4, 1, 5], "rotation": 90, "texture": "#layer2"},
				"down": {"uv": [7, 7, 8, 8], "rotation": 90, "texture": "#layer2"}
			}
		},
		{
			"from": [7.445, 23.54, 12.72291],
			"to": [8.555, 25.76, 13.27791],
			"rotation": {"angle": 22.5, "axis": "z", "origin": [8, 8, 13.00041]},
			"faces": {
				"north": {"uv": [10, 16, 9, 3], "rotation": 180, "texture": "#layer1"},
				"east": {"uv": [10, 16, 9, 3], "rotation": 180, "texture": "#layer1"},
				"south": {"uv": [10, 16, 9, 3], "rotation": 180, "texture": "#layer1"},
				"west": {"uv": [10, 16, 9, 3], "rotation": 180, "texture": "#layer1"},
				"up": {"uv": [7, 7, 8, 8], "rotation": 270, "texture": "#layer2"},
				"down": {"uv": [0, 4, 1, 5], "rotation": 270, "texture": "#layer2"}
			}
		},
		{
			"from": [-9.76, 7.445, 12.72291],
			"to": [-7.54, 8.555, 13.27791],
			"rotation": {"angle": 22.5, "axis": "z", "origin": [8, 8, 13.00041]},
			"faces": {
				"north": {"uv": [10, 16, 9, 3], "rotation": 270, "texture": "#layer1"},
				"east": {"uv": [0, 4, 1, 5], "rotation": 180, "texture": "#layer2"},
				"south": {"uv": [10, 16, 9, 3], "rotation": 90, "texture": "#layer1"},
				"west": {"uv": [7, 7, 8, 8], "rotation": 180, "texture": "#layer2"},
				"up": {"uv": [10, 16, 9, 3], "rotation": 90, "texture": "#layer1"},
				"down": {"uv": [10, 16, 9, 3], "rotation": 90, "texture": "#layer1"}
			}
		},
		{
			"from": [7.45055, -12.7015, 12.75316],
			"to": [8.54945, 28.7015, 13.26141],
			"rotation": {"angle": 0, "axis": "z", "origin": [8, 8, 13.00041]},
			"faces": {
				"north": {"uv": [1, 0, 2, 1], "rotation": 90, "texture": "#layer3"},
				"east": {"uv": [1, 0, 2, 1], "rotation": 270, "texture": "#layer3"},
				"south": {"uv": [1, 0, 2, 1], "rotation": 270, "texture": "#layer3"},
				"west": {"uv": [1, 0, 2, 1], "rotation": 270, "texture": "#layer3"},
				"up": {"uv": [1, 0, 2, 1], "rotation": 270, "texture": "#layer3"},
				"down": {"uv": [1, 0, 2, 1], "rotation": 270, "texture": "#layer3"}
			}
		},
		{
			"from": [-5.02902, 2.00849, 12.70904],
			"to": [21.02902, 3.005, 13.27514],
			"rotation": {"angle": 45, "axis": "z", "origin": [8, 8, 13.00041]},
			"faces": {
				"north": {"uv": [2, 0, 3, 1], "rotation": 180, "texture": "#layer3"},
				"east": {"uv": [2, 0, 3, 1], "rotation": 180, "texture": "#layer3"},
				"south": {"uv": [2, 0, 3, 1], "rotation": 180, "texture": "#layer3"},
				"west": {"uv": [2, 0, 3, 1], "rotation": 180, "texture": "#layer3"},
				"up": {"uv": [2, 0, 3, 1], "rotation": 180, "texture": "#layer3"},
				"down": {"uv": [2, 0, 3, 1], "rotation": 180, "texture": "#layer3"}
			}
		},
		{
			"from": [2.00849, -5.02902, 12.70893],
			"to": [3.005, 21.02902, 13.26141],
			"rotation": {"angle": 45, "axis": "z", "origin": [8, 8, 13.00041]},
			"faces": {
				"north": {"uv": [2, 0, 3, 1], "rotation": 180, "texture": "#layer3"},
				"east": {"uv": [2, 0, 3, 1], "rotation": 180, "texture": "#layer3"},
				"south": {"uv": [2, 0, 3, 1], "rotation": 180, "texture": "#layer3"},
				"west": {"uv": [2, 0, 3, 1], "rotation": 180, "texture": "#layer3"},
				"up": {"uv": [2, 0, 3, 1], "rotation": 180, "texture": "#layer3"},
				"down": {"uv": [2, 0, 3, 1], "rotation": 180, "texture": "#layer3"}
			}
		},
		{
			"from": [7.45055, -6.3301, 12.72569],
			"to": [8.54945, 22.3301, 13.27514],
			"rotation": {"angle": -22.5, "axis": "z", "origin": [8, 8, 13.00041]},
			"faces": {
				"north": {"uv": [1, 0, 2, 1], "rotation": 90, "texture": "#layer3"},
				"east": {"uv": [1, 0, 2, 1], "rotation": 270, "texture": "#layer3"},
				"south": {"uv": [1, 0, 2, 1], "rotation": 270, "texture": "#layer3"},
				"west": {"uv": [1, 0, 2, 1], "rotation": 270, "texture": "#layer3"},
				"up": {"uv": [1, 0, 2, 1], "rotation": 270, "texture": "#layer3"},
				"down": {"uv": [1, 0, 2, 1], "rotation": 270, "texture": "#layer3"}
			}
		},
		{
			"from": [7.45055, -6.3079, 12.72569],
			"to": [8.54945, 22.3079, 13.27514],
			"rotation": {"angle": -45, "axis": "z", "origin": [8, 8, 13.00041]},
			"faces": {
				"north": {"uv": [1, 0, 2, 1], "rotation": 90, "texture": "#layer3"},
				"east": {"uv": [1, 0, 2, 1], "rotation": 270, "texture": "#layer3"},
				"south": {"uv": [1, 0, 2, 1], "rotation": 270, "texture": "#layer3"},
				"west": {"uv": [1, 0, 2, 1], "rotation": 270, "texture": "#layer3"},
				"up": {"uv": [1, 0, 2, 1], "rotation": 270, "texture": "#layer3"},
				"down": {"uv": [1, 0, 2, 1], "rotation": 270, "texture": "#layer3"}
			}
		},
		{
			"from": [-6.3301, 7.45055, 12.72569],
			"to": [22.3301, 8.54945, 13.27514],
			"rotation": {"angle": 22.5, "axis": "z", "origin": [8, 8, 13.00041]},
			"faces": {
				"north": {"uv": [1, 0, 2, 1], "texture": "#layer3"},
				"east": {"uv": [1, 0, 2, 1], "texture": "#layer3"},
				"south": {"uv": [1, 0, 2, 1], "texture": "#layer3"},
				"west": {"uv": [1, 0, 2, 1], "texture": "#layer3"},
				"up": {"uv": [1, 0, 2, 1], "texture": "#layer3"},
				"down": {"uv": [1, 0, 2, 1], "texture": "#layer3"}
			}
		},
		{
			"from": [7.45055, -6.3301, 12.75316],
			"to": [8.54945, 22.3301, 13.26141],
			"rotation": {"angle": 22.5, "axis": "z", "origin": [8, 8, 13.00041]},
			"faces": {
				"north": {"uv": [1, 0, 2, 1], "rotation": 270, "texture": "#layer3"},
				"east": {"uv": [1, 0, 2, 1], "rotation": 90, "texture": "#layer3"},
				"south": {"uv": [1, 0, 2, 1], "rotation": 90, "texture": "#layer3"},
				"west": {"uv": [1, 0, 2, 1], "rotation": 90, "texture": "#layer3"},
				"up": {"uv": [1, 0, 2, 1], "rotation": 90, "texture": "#layer3"},
				"down": {"uv": [1, 0, 2, 1], "rotation": 90, "texture": "#layer3"}
			}
		},
		{
			"from": [-6.3079, 7.45055, 12.75316],
			"to": [22.3079, 8.54945, 13.26141],
			"rotation": {"angle": -45, "axis": "z", "origin": [8, 8, 13.00041]},
			"faces": {
				"north": {"uv": [1, 0, 2, 1], "texture": "#layer3"},
				"east": {"uv": [1, 0, 2, 1], "texture": "#layer3"},
				"south": {"uv": [1, 0, 2, 1], "texture": "#layer3"},
				"west": {"uv": [1, 0, 2, 1], "texture": "#layer3"},
				"up": {"uv": [1, 0, 2, 1], "texture": "#layer3"},
				"down": {"uv": [1, 0, 2, 1], "texture": "#layer3"}
			}
		},
		{
			"from": [-6.3301, 7.45055, 12.75316],
			"to": [22.3301, 8.54945, 13.26141],
			"rotation": {"angle": -22.5, "axis": "z", "origin": [8, 8, 13.00041]},
			"faces": {
				"north": {"uv": [1, 0, 2, 1], "texture": "#layer3"},
				"east": {"uv": [1, 0, 2, 1], "texture": "#layer3"},
				"south": {"uv": [1, 0, 2, 1], "texture": "#layer3"},
				"west": {"uv": [1, 0, 2, 1], "texture": "#layer3"},
				"up": {"uv": [1, 0, 2, 1], "texture": "#layer3"},
				"down": {"uv": [1, 0, 2, 1], "texture": "#layer3"}
			}
		},
		{
			"from": [-12.7015, 7.45055, 12.75316],
			"to": [28.7015, 8.54945, 13.26141],
			"rotation": {"angle": 0, "axis": "z", "origin": [8, 8, 13.00041]},
			"faces": {
				"north": {"uv": [1, 0, 2, 1], "texture": "#layer3"},
				"east": {"uv": [1, 0, 2, 1], "texture": "#layer3"},
				"south": {"uv": [1, 0, 2, 1], "texture": "#layer3"},
				"west": {"uv": [1, 0, 2, 1], "texture": "#layer3"},
				"up": {"uv": [1, 0, 2, 1], "texture": "#layer3"},
				"down": {"uv": [1, 0, 2, 1], "texture": "#layer3"}
			}
		}
	],
	"gui_light": "front",
	"display": {
		"thirdperson_righthand": {
			"rotation": [68, 0, 0],
			"translation": [0, 3.75, 5.25],
			"scale": [0.35, 0.35, 0.35]
		},
		"thirdperson_lefthand": {
			"rotation": [68, 0, 0],
			"translation": [0, 3.75, 5.25],
			"scale": [0.35, 0.35, 0.35]
		},
		"firstperson_righthand": {
			"translation": [0, 4, 4],
			"scale": [0.35, 0.35, 0.35]
		},
		"firstperson_lefthand": {
			"translation": [0, 4, 4],
			"scale": [0.35, 0.35, 0.35]
		},
		"ground": {
			"translation": [0, 3, 0],
			"scale": [0.25, 0.25, 0.25]
		},
		"gui": {
			"rotation": [30, 225, 0],
			"translation": [0.5, 0.25, 0],
			"scale": [0.35, 0.35, 0.35]
		},
		"head": {
			"translation": [0, -1, 0],
			"scale": [2, 2, 2]
		},
		"fixed": {
			"rotation": [-90, 0, 0],
			"translation": [0, 1.75, -71.5],
			"scale": [3.5, 3.5, 3.5]
		}
	},
	"groups": [
		0,
		1,
		2,
		3,
		4,
		5,
		6,
		7,
		8,
		9,
		{
			"name": "giant",
			"origin": [8, 8, 8],
			"color": 0,
			"nbt": "{}",
			"children": [10, 11, 12, 13, 14, 15, 16, 17, 18, 19, 20, 21, 22, 23, 24, 25, 26, 27, 28, 29, 30, 31, 32, 33, 34, 35, 36, 37, 38, 39, 40, 41, 42, 43, 44, 45, 46, 47, 48, 49, 50, 51, 52, 53, 54, 55]
		}
	]
}