{
	"credit": "Made with Blockbench",
	"textures": {
		"0": "block/fire_coral_block",
		"1": "block/pink_wool",
		"2": "block/white_wool",
		"particle": "block/fire_coral_block"
	},
	"elements": [
		{
			"from": [8.41421, 1, 6],
			"to": [22.41421, 9, 10],
			"rotation": {"angle": 45, "axis": "z", "origin": [9.41421, 0, 6]},
			"faces": {
				"north": {"uv": [0, 0, 14, 8], "texture": "#0"},
				"east": {"uv": [0, 0, 4, 8], "texture": "#0"},
				"south": {"uv": [0, 0, 14, 8], "texture": "#0"},
				"west": {"uv": [0, 0, 4, 8], "texture": "#0"},
				"up": {"uv": [0, 0, 14, 4], "texture": "#0"},
				"down": {"uv": [0, 0, 14, 4], "texture": "#0"}
			}
		},
		{
			"from": [9.41421, 2, 5],
			"to": [19.41421, 8.5, 11],
			"rotation": {"angle": 45, "axis": "z", "origin": [9.41421, 0, 6]},
			"faces": {
				"north": {"uv": [0, 0, 10, 6.5], "texture": "#0"},
				"east": {"uv": [0, 0, 6, 6.5], "texture": "#1"},
				"south": {"uv": [0, 0, 10, 6.5], "texture": "#0"},
				"west": {"uv": [0, 0, 6, 6.5], "texture": "#1"},
				"up": {"uv": [0, 0, 10, 6], "texture": "#1"},
				"down": {"uv": [0, 0, 10, 6], "texture": "#1"}
			}
		},
		{
			"from": [10.41421, 3, 4.5],
			"to": [16.41421, 7.25, 11.5],
			"rotation": {"angle": 45, "axis": "z", "origin": [9.41421, 0, 6]},
			"faces": {
				"north": {"uv": [0, 0, 6, 4.25], "texture": "#0"},
				"east": {"uv": [0, 0, 7, 4.25], "texture": "#1"},
				"south": {"uv": [0, 0, 6, 4.25], "texture": "#0"},
				"west": {"uv": [0, 0, 7, 4.25], "texture": "#1"},
				"up": {"uv": [0, 0, 6, 7], "texture": "#1"},
				"down": {"uv": [0, 0, 6, 7], "texture": "#1"}
			}
		},
		{
			"from": [10.41421, 7, 4.5],
			"to": [14.66421, 9.25, 11.5],
			"rotation": {"angle": 45, "axis": "z", "origin": [9.41421, 0, 6]},
			"faces": {
				"north": {"uv": [0, 0, 4.25, 2.25], "texture": "#0"},
				"east": {"uv": [0, 0, 7, 2.25], "texture": "#1"},
				"south": {"uv": [0, 0, 4.25, 2.25], "texture": "#0"},
				"west": {"uv": [0, 0, 7, 2.25], "texture": "#1"},
				"up": {"uv": [0, 0, 4.25, 7], "texture": "#1"},
				"down": {"uv": [0, 0, 4.25, 7], "texture": "#0"}
			}
		},
		{
			"from": [9.41421, 8.5, 5],
			"to": [15.91421, 12, 11],
			"rotation": {"angle": 45, "axis": "z", "origin": [9.41421, 0, 6]},
			"faces": {
				"north": {"uv": [0, 0, 6.5, 3.5], "texture": "#0"},
				"east": {"uv": [0, 0, 6, 3.5], "texture": "#1"},
				"south": {"uv": [0, 0, 6.5, 3.5], "texture": "#0"},
				"west": {"uv": [0, 0, 6, 3.5], "texture": "#1"},
				"up": {"uv": [0, 0, 6.5, 6], "texture": "#1"},
				"down": {"uv": [0, 0, 6.5, 6], "texture": "#0"}
			}
		},
		{
			"from": [8.41421, 9, 6],
			"to": [16.41421, 15, 10],
			"rotation": {"angle": 45, "axis": "z", "origin": [9.41421, 0, 6]},
			"faces": {
				"north": {"uv": [0, 0, 8, 6], "texture": "#0"},
				"east": {"uv": [0, 0, 4, 6], "texture": "#0"},
				"south": {"uv": [0, 0, 8, 6], "texture": "#0"},
				"west": {"uv": [0, 0, 4, 6], "texture": "#0"},
				"up": {"uv": [0, 0, 8, 4], "texture": "#0"},
				"down": {"uv": [0, 0, 8, 4], "texture": "#0"}
			}
		},
		{
			"from": [5, 6.75, 11.85],
			"to": [11, 8.5, 11.85],
			"rotation": {"angle": 0, "axis": "y", "origin": [7, 0, 16]},
			"faces": {
				"north": {"uv": [15, 4, 1, 6.75], "texture": "#2"},
				"east": {"uv": [0, 0, 0, 2.75], "texture": "#2"},
				"south": {"uv": [0, 0, 14, 2.75], "texture": "#2"},
				"west": {"uv": [0, 0, 0, 2.75], "texture": "#2"},
				"up": {"uv": [0, 0, 14, 0], "texture": "#2"},
				"down": {"uv": [0, 0, 14, 0], "texture": "#2"}
			}
		},
		{
			"from": [7, 3.25, 11.75],
			"to": [9, 10.75, 11.75],
			"rotation": {"angle": 0, "axis": "y", "origin": [7, 0, 16]},
			"faces": {
				"north": {"uv": [5, 2, 2, 15.25], "texture": "#2"},
				"east": {"uv": [0, 0, 0, 13.25], "texture": "#2"},
				"south": {"uv": [0, 0, 3, 13.25], "texture": "#2"},
				"west": {"uv": [0, 0, 0, 13.25], "texture": "#2"},
				"up": {"uv": [0, 0, 3, 0], "texture": "#2"},
				"down": {"uv": [0, 0, 3, 0], "texture": "#2"}
			}
		},
		{
			"from": [5, 6.75, 4.15],
			"to": [11, 8.5, 4.15],
			"rotation": {"angle": 0, "axis": "y", "origin": [7, 0, 0]},
			"faces": {
				"north": {"uv": [14, 0, 0, 2.75], "texture": "#2"},
				"east": {"uv": [0, 0, 0, 2.75], "texture": "#2"},
				"south": {"uv": [1, 4, 15, 6.75], "texture": "#2"},
				"west": {"uv": [0, 0, 0, 2.75], "texture": "#2"},
				"up": {"uv": [0, 0, 14, 0], "texture": "#2"},
				"down": {"uv": [0, 0, 14, 0], "texture": "#2"}
			}
		},
		{
			"from": [7, 3.25, 4.25],
			"to": [9, 10.75, 4.25],
			"rotation": {"angle": 0, "axis": "y", "origin": [7, 0, 0]},
			"faces": {
				"north": {"uv": [3, 0, 0, 13.25], "texture": "#2"},
				"east": {"uv": [0, 0, 0, 13.25], "texture": "#2"},
				"south": {"uv": [2, 2, 5, 15.25], "texture": "#2"},
				"west": {"uv": [0, 0, 0, 13.25], "texture": "#2"},
				"up": {"uv": [0, 0, 3, 0], "texture": "#2"},
				"down": {"uv": [0, 0, 3, 0], "texture": "#2"}
			}
		}
	],
	"display": {
		"ground": {
			"translation": [0, 5, 0]
		},
		"gui": {
			"rotation": [0, -25, 0],
			"scale": [0.825, 0.825, 0.825]
		}
	}
}