{
	"credit": "Made by AnminMakura",
	"textures": {
		"1": "3d_item/warped_fungus_on_a_stick/glasses_for_combat_races"
	},
	"elements": [
		{
			"name": "temple1",
			"from": [-2, 13, 7],
			"to": [-2, 20, 9],
			"faces": {
				"north": {"uv": [9, 0, 10, 1], "texture": "#1"},
				"east": {"uv": [9, 0, 10, 1], "texture": "#1"},
				"south": {"uv": [9, 0, 10, 1], "texture": "#1"},
				"west": {"uv": [9, 0, 10, 1], "texture": "#1"},
				"up": {"uv": [9, 1, 10, 0], "texture": "#1"},
				"down": {"uv": [9, 0, 10, 1], "texture": "#1"}
			}
		},
		{
			"name": "temple2",
			"from": [-3, 12, 7],
			"to": [-3, 13, 9],
			"faces": {
				"north": {"uv": [9, 0, 10, 1], "texture": "#1"},
				"east": {"uv": [9, 0, 10, 1], "texture": "#1"},
				"south": {"uv": [9, 0, 10, 1], "texture": "#1"},
				"west": {"uv": [9, 0, 10, 1], "texture": "#1"},
				"up": {"uv": [9, 1, 10, 0], "texture": "#1"},
				"down": {"uv": [9, 0, 10, 1], "texture": "#1"}
			}
		},
		{
			"name": "temple3",
			"from": [-3, 13, 7],
			"to": [-2, 13, 9],
			"faces": {
				"north": {"uv": [9, 0, 10, 1], "texture": "#1"},
				"east": {"uv": [9, 0, 10, 1], "texture": "#1"},
				"south": {"uv": [9, 0, 10, 1], "texture": "#1"},
				"west": {"uv": [9, 0, 10, 1], "texture": "#1"},
				"up": {"uv": [9, 1, 10, 0], "texture": "#1"},
				"down": {"uv": [9, 0, 10, 1], "texture": "#1"}
			}
		},
		{
			"name": "temple2",
			"from": [-2, 20, 7],
			"to": [18, 20, 9],
			"faces": {
				"north": {"uv": [9, 0, 10, 1], "texture": "#1"},
				"east": {"uv": [9, 0, 10, 1], "texture": "#1"},
				"south": {"uv": [9, 0, 10, 1], "texture": "#1"},
				"west": {"uv": [9, 0, 10, 1], "texture": "#1"},
				"up": {"uv": [9, 1, 10, 0], "texture": "#1"},
				"down": {"uv": [9, 0, 10, 1], "texture": "#1"}
			}
		},
		{
			"name": "temple3",
			"from": [18, 12, 7],
			"to": [18, 20, 9],
			"faces": {
				"north": {"uv": [9, 0, 10, 1], "texture": "#1"},
				"east": {"uv": [9, 0, 10, 1], "texture": "#1"},
				"south": {"uv": [9, 0, 10, 1], "texture": "#1"},
				"west": {"uv": [9, 0, 10, 1], "texture": "#1"},
				"up": {"uv": [9, 1, 10, 0], "texture": "#1"},
				"down": {"uv": [9, 0, 10, 1], "texture": "#1"}
			}
		},
		{
			"name": "joint2",
			"from": [-2.01562, 7, 0],
			"to": [-1, 11, 5],
			"faces": {
				"north": {"uv": [1, 9, 2, 13], "texture": "#1"},
				"east": {"uv": [15, 7, 10, 11], "texture": "#1"},
				"south": {"uv": [16, 16, 16, 16], "texture": "#1"},
				"west": {"uv": [10, 11, 15, 15], "texture": "#1"},
				"up": {"uv": [1, 12, 2, 7], "texture": "#1"},
				"down": {"uv": [1, 16, 2, 11], "texture": "#1"}
			}
		},
		{
			"name": "joint3",
			"from": [-3, 6, 5],
			"to": [-1, 12, 11],
			"rotation": {"angle": 0, "axis": "y", "origin": [0, 0, 15]},
			"faces": {
				"north": {"uv": [0, 7, 2, 13], "texture": "#1"},
				"east": {"uv": [16, 16, 16, 16], "texture": "#1"},
				"south": {"uv": [2, 9, 0, 16], "texture": "#1"},
				"west": {"uv": [2, 7, 10, 15], "texture": "#1"},
				"up": {"uv": [2, 16, 0, 9], "texture": "#1"},
				"down": {"uv": [2, 7, 0, 14], "texture": "#1"}
			}
		},
		{
			"name": "joint4",
			"from": [-2, 5.97, 4.97],
			"to": [0.02, 12.03, 11.03],
			"rotation": {"angle": 0, "axis": "y", "origin": [-2, 9, 8]},
			"faces": {
				"north": {"uv": [13, 1, 15, 7], "texture": "#1"},
				"east": {"uv": [9, 1, 15, 7], "texture": "#1"},
				"south": {"uv": [9, 1, 11, 7], "texture": "#1"},
				"west": {"uv": [15, 1, 9, 7], "texture": "#1"},
				"up": {"uv": [15, 3, 9, 1], "rotation": 90, "texture": "#1"},
				"down": {"uv": [15, 7, 9, 5], "rotation": 270, "texture": "#1"}
			}
		},
		{
			"name": "lens",
			"from": [-1, 4, 0],
			"to": [8, 11, 0],
			"faces": {
				"north": {"uv": [0, 0, 9, 7], "texture": "#1"},
				"east": {"uv": [16, 16, 16, 16], "texture": "#1"},
				"south": {"uv": [9, 0, 0, 7], "texture": "#1"},
				"west": {"uv": [16, 16, 16, 16], "texture": "#1"},
				"up": {"uv": [16, 16, 16, 16], "texture": "#1"},
				"down": {"uv": [16, 16, 16, 16], "texture": "#1"}
			}
		}
	],
	"gui_light": "front",
	"display": {
		"thirdperson_righthand": {
			"rotation": [72.33, -2.19, -19.12],
			"translation": [1, -0.75, 0.5],
			"scale": [0.375, 0.375, 0.375]
		},
		"thirdperson_lefthand": {
			"rotation": [72.33, -2.19, -19.12],
			"translation": [1, -0.75, 0.5],
			"scale": [0.375, 0.375, 0.375]
		},
		"firstperson_righthand": {
			"translation": [7, -2.5, 0]
		},
		"firstperson_lefthand": {
			"translation": [7, -2.5, 0]
		},
		"ground": {
			"scale": [0.5, 0.5, 0.5]
		},
		"gui": {
			"rotation": [30, 225, 0],
			"translation": [0, -0.5, 0],
			"scale": [0.56055, 0.56055, 0.56055]
		},
		"head": {
			"translation": [0, -1.5, -1.25],
			"scale": [0.77, 0.77, 0.77]
		}
	},
	"groups": [
		{
			"name": "glasses",
			"origin": [8, 8.75, 3.9995],
			"color": 0,
			"nbt": "{}",
			"children": [0, 1, 2, 3, 4, 5, 6, 7, 8]
		}
	]
}