{
	"credit": "Made by AnminMakura",
	"textures": {
		"particle": "3d_item/warped_fungus_on_a_stick/glasses",
		"layer1": "3d_item/warped_fungus_on_a_stick/glasses"
	},
	"elements": [
		{
			"name": "joint",
			"from": [-2, 9, 0],
			"to": [18, 10, 0],
			"rotation": {"angle": 0, "axis": "y", "origin": [8, 8.75, 3.9995]},
			"faces": {
				"north": {"uv": [0, 0, 16, 1], "texture": "#layer1"},
				"east": {"uv": [16, 16, 16, 16], "texture": "#layer1"},
				"south": {"uv": [16, 0, 0, 1], "texture": "#layer1"},
				"west": {"uv": [16, 16, 16, 16], "texture": "#layer1"},
				"up": {"uv": [16, 16, 16, 16], "texture": "#layer1"},
				"down": {"uv": [16, 16, 16, 16], "texture": "#layer1"}
			}
		},
		{
			"name": "left_lens",
			"from": [9, 5, -0.001],
			"to": [17, 13, -0.001],
			"rotation": {"angle": 0, "axis": "y", "origin": [8, 8.75, 3.9995]},
			"faces": {
				"north": {"uv": [0, 8, 8, 16], "texture": "#layer1"},
				"east": {"uv": [16, 16, 16, 16], "texture": "#layer1"},
				"south": {"uv": [8, 8, 0, 16], "texture": "#layer1"},
				"west": {"uv": [16, 16, 16, 16], "texture": "#layer1"},
				"up": {"uv": [16, 16, 16, 16], "texture": "#layer1"},
				"down": {"uv": [16, 16, 16, 16], "texture": "#layer1"}
			}
		},
		{
			"name": "right_lens",
			"from": [-1, 5, -0.001],
			"to": [7, 13, -0.001],
			"rotation": {"angle": 0, "axis": "y", "origin": [8, 8.75, 3.9995]},
			"faces": {
				"north": {"uv": [16, 8, 8, 16], "texture": "#layer1"},
				"east": {"uv": [16, 16, 16, 16], "texture": "#layer1"},
				"south": {"uv": [8, 8, 16, 16], "texture": "#layer1"},
				"west": {"uv": [16, 16, 16, 16], "texture": "#layer1"},
				"up": {"uv": [16, 16, 16, 16], "texture": "#layer1"},
				"down": {"uv": [16, 16, 16, 16], "texture": "#layer1"}
			}
		},
		{
			"name": "right_temple",
			"from": [-2, 6, 0],
			"to": [-2, 10, 16],
			"rotation": {"angle": 0, "axis": "y", "origin": [8, 8.75, 3.9995]},
			"faces": {
				"north": {"uv": [16, 16, 16, 16], "texture": "#layer1"},
				"east": {"uv": [0, 8, 16, 4], "texture": "#layer1"},
				"south": {"uv": [16, 16, 16, 16], "texture": "#layer1"},
				"west": {"uv": [16, 8, 0, 4], "texture": "#layer1"},
				"up": {"uv": [16, 16, 16, 16], "texture": "#layer1"},
				"down": {"uv": [16, 16, 16, 16], "texture": "#layer1"}
			}
		},
		{
			"name": "left_temple",
			"from": [18, 6, 0],
			"to": [18, 10, 16],
			"rotation": {"angle": 0, "axis": "y", "origin": [8, 8.75, 3.9995]},
			"faces": {
				"north": {"uv": [16, 16, 16, 16], "texture": "#layer1"},
				"east": {"uv": [0, 3, 16, 7], "texture": "#layer1"},
				"south": {"uv": [16, 16, 16, 16], "texture": "#layer1"},
				"west": {"uv": [16, 3, 0, 7], "texture": "#layer1"},
				"up": {"uv": [16, 16, 16, 16], "texture": "#layer1"},
				"down": {"uv": [16, 16, 16, 16], "texture": "#layer1"}
			}
		}
	],
	"gui_light": "front",
	"display": {
		"thirdperson_righthand": {
			"rotation": [72.33, -2.19, -19.12],
			"translation": [1, -2.5, 0.5],
			"scale": [0.375, 0.375, 0.375]
		},
		"thirdperson_lefthand": {
			"rotation": [72.33, -2.19, -19.12],
			"translation": [1, -2.5, 0.5],
			"scale": [0.375, 0.375, 0.375]
		},
		"firstperson_righthand": {
			"translation": [7, -7, 0]
		},
		"firstperson_lefthand": {
			"translation": [7, -7, 0]
		},
		"ground": {
			"scale": [0.5, 0.5, 0.5]
		},
		"gui": {
			"rotation": [30, 225, 0],
			"translation": [0, -0.5, 0],
			"scale": [0.56055, 0.56055, 0.56055]
		},
		"head": {
			"translation": [0, -1.5, -1.25],
			"scale": [0.77, 0.77, 0.77]
		}
	},
	"groups": [
		{
			"name": "glasses",
			"origin": [4, 1.75, 5],
			"color": 0,
			"nbt": "{}",
			"armAnimationEnabled": false,
			"children": [0, 1, 2, 3, 4]
		}
	]
}