{
	"credit": "Made with Blockbench",
	"texture_size": [32, 32],
	"textures": {
		"particle": "3d_item/warped_fungus_on_a_stick/magic_leafy_vegetables_menicles"
	},
	"elements": [
		{
			"name": "l_1",
			"from": [8, 3.49219, 8],
			"to": [16, 3.49219, 16],
			"rotation": {"angle": 0, "axis": "y", "origin": [8, 3.49219, 8]},
			"faces": {
				"north": {"uv": [16, 16, 16, 16], "texture": "#particle"},
				"east": {"uv": [16, 16, 16, 16], "texture": "#particle"},
				"south": {"uv": [16, 16, 16, 16], "texture": "#particle"},
				"west": {"uv": [16, 16, 16, 16], "texture": "#particle"},
				"up": {"uv": [0, 0, 8, 8], "texture": "#particle"},
				"down": {"uv": [0, 8, 8, 0], "texture": "#particle"}
			}
		},
		{
			"name": "l_2",
			"from": [8, 3.49219, 8],
			"to": [16, 3.49219, 16],
			"rotation": {"angle": -45, "axis": "y", "origin": [8, 3.49219, 8]},
			"faces": {
				"north": {"uv": [16, 16, 16, 16], "texture": "#particle"},
				"east": {"uv": [16, 16, 16, 16], "texture": "#particle"},
				"south": {"uv": [16, 16, 16, 16], "texture": "#particle"},
				"west": {"uv": [16, 16, 16, 16], "texture": "#particle"},
				"up": {"uv": [0, 0, 8, 8], "texture": "#particle"},
				"down": {"uv": [0, 8, 8, 0], "texture": "#particle"}
			}
		},
		{
			"name": "l_3",
			"from": [0, 3.49219, 8],
			"to": [8, 3.49219, 16],
			"rotation": {"angle": 0, "axis": "y", "origin": [8, 3.49219, 8]},
			"faces": {
				"north": {"uv": [16, 16, 16, 16], "texture": "#particle"},
				"east": {"uv": [16, 16, 16, 16], "texture": "#particle"},
				"south": {"uv": [16, 16, 16, 16], "texture": "#particle"},
				"west": {"uv": [16, 16, 16, 16], "texture": "#particle"},
				"up": {"uv": [0, 0, 8, 8], "rotation": 90, "texture": "#particle"},
				"down": {"uv": [0, 8, 8, 0], "rotation": 270, "texture": "#particle"}
			}
		},
		{
			"name": "l_4",
			"from": [0, 3.49219, 8],
			"to": [8, 3.49219, 16],
			"rotation": {"angle": -45, "axis": "y", "origin": [8, 3.49219, 8]},
			"faces": {
				"north": {"uv": [16, 16, 16, 16], "texture": "#particle"},
				"east": {"uv": [16, 16, 16, 16], "texture": "#particle"},
				"south": {"uv": [16, 16, 16, 16], "texture": "#particle"},
				"west": {"uv": [16, 16, 16, 16], "texture": "#particle"},
				"up": {"uv": [0, 0, 8, 8], "rotation": 90, "texture": "#particle"},
				"down": {"uv": [0, 8, 8, 0], "rotation": 270, "texture": "#particle"}
			}
		},
		{
			"name": "l_5",
			"from": [8, 3.49219, 0],
			"to": [16, 3.49219, 8],
			"rotation": {"angle": -45, "axis": "y", "origin": [8, 3.49219, 8]},
			"faces": {
				"north": {"uv": [16, 16, 16, 16], "texture": "#particle"},
				"east": {"uv": [16, 16, 16, 16], "texture": "#particle"},
				"south": {"uv": [16, 16, 16, 16], "texture": "#particle"},
				"west": {"uv": [16, 16, 16, 16], "texture": "#particle"},
				"up": {"uv": [0, 0, 8, 8], "rotation": 270, "texture": "#particle"},
				"down": {"uv": [0, 8, 8, 0], "rotation": 90, "texture": "#particle"}
			}
		},
		{
			"name": "l_6",
			"from": [8, 3.49219, 0],
			"to": [16, 3.49219, 8],
			"rotation": {"angle": 0, "axis": "y", "origin": [8, 3.49219, 8]},
			"faces": {
				"north": {"uv": [16, 16, 16, 16], "texture": "#particle"},
				"east": {"uv": [16, 16, 16, 16], "texture": "#particle"},
				"south": {"uv": [16, 16, 16, 16], "texture": "#particle"},
				"west": {"uv": [16, 16, 16, 16], "texture": "#particle"},
				"up": {"uv": [0, 0, 8, 8], "rotation": 270, "texture": "#particle"},
				"down": {"uv": [0, 8, 8, 0], "rotation": 90, "texture": "#particle"}
			}
		},
		{
			"name": "l_7",
			"from": [0, 3.49219, 0],
			"to": [8, 3.49219, 8],
			"rotation": {"angle": -45, "axis": "y", "origin": [8, 3.49219, 8]},
			"faces": {
				"north": {"uv": [16, 16, 16, 16], "texture": "#particle"},
				"east": {"uv": [16, 16, 16, 16], "texture": "#particle"},
				"south": {"uv": [16, 16, 16, 16], "texture": "#particle"},
				"west": {"uv": [16, 16, 16, 16], "texture": "#particle"},
				"up": {"uv": [0, 0, 8, 8], "rotation": 180, "texture": "#particle"},
				"down": {"uv": [0, 8, 8, 0], "rotation": 180, "texture": "#particle"}
			}
		},
		{
			"name": "l_8",
			"from": [0, 3.49219, 0],
			"to": [8, 3.49219, 8],
			"rotation": {"angle": 0, "axis": "y", "origin": [8, 3.49219, 8]},
			"faces": {
				"north": {"uv": [16, 16, 16, 16], "texture": "#particle"},
				"east": {"uv": [16, 16, 16, 16], "texture": "#particle"},
				"south": {"uv": [16, 16, 16, 16], "texture": "#particle"},
				"west": {"uv": [16, 16, 16, 16], "texture": "#particle"},
				"up": {"uv": [0, 0, 8, 8], "rotation": 180, "texture": "#particle"},
				"down": {"uv": [0, 8, 8, 0], "rotation": 180, "texture": "#particle"}
			}
		},
		{
			"name": "c_1",
			"from": [5.68, 11.05, 13.6],
			"to": [10.32, 13.45, 13.6],
			"rotation": {"angle": -45, "axis": "y", "origin": [8, 14.25, 8]},
			"faces": {
				"north": {"uv": [8, 16, 16, 8], "rotation": 180, "texture": "#particle"},
				"east": {"uv": [16, 16, 16, 16], "rotation": 270, "texture": "#particle"},
				"south": {"uv": [8, 8, 16, 16], "texture": "#particle"},
				"west": {"uv": [16, 16, 16, 16], "rotation": 90, "texture": "#particle"},
				"up": {"uv": [16, 16, 16, 16], "rotation": 180, "texture": "#particle"},
				"down": {"uv": [16, 16, 16, 16], "texture": "#particle"}
			}
		},
		{
			"name": "c_2",
			"from": [2.4, 11.05, 5.68],
			"to": [2.4, 13.45, 10.32],
			"rotation": {"angle": 0, "axis": "y", "origin": [8, 14.25, 8]},
			"faces": {
				"north": {"uv": [16, 16, 16, 16], "rotation": 90, "texture": "#particle"},
				"east": {"uv": [8, 16, 16, 8], "rotation": 180, "texture": "#particle"},
				"south": {"uv": [16, 16, 16, 16], "rotation": 270, "texture": "#particle"},
				"west": {"uv": [8, 8, 16, 16], "texture": "#particle"},
				"up": {"uv": [16, 16, 16, 16], "rotation": 270, "texture": "#particle"},
				"down": {"uv": [16, 16, 16, 16], "rotation": 270, "texture": "#particle"}
			}
		},
		{
			"name": "c_3",
			"from": [2.4, 11.05, 5.68],
			"to": [2.4, 13.45, 10.32],
			"rotation": {"angle": -45, "axis": "y", "origin": [8, 14.25, 8]},
			"faces": {
				"north": {"uv": [16, 16, 16, 16], "rotation": 90, "texture": "#particle"},
				"east": {"uv": [8, 16, 16, 8], "rotation": 180, "texture": "#particle"},
				"south": {"uv": [16, 16, 16, 16], "rotation": 270, "texture": "#particle"},
				"west": {"uv": [8, 8, 16, 16], "texture": "#particle"},
				"up": {"uv": [16, 16, 16, 16], "rotation": 270, "texture": "#particle"},
				"down": {"uv": [16, 16, 16, 16], "rotation": 270, "texture": "#particle"}
			}
		},
		{
			"name": "c_4",
			"from": [5.68, 11.05, 2.4],
			"to": [10.32, 13.45, 2.4],
			"rotation": {"angle": 0, "axis": "y", "origin": [8, 14.25, 8]},
			"faces": {
				"north": {"uv": [8, 8, 16, 16], "texture": "#particle"},
				"east": {"uv": [16, 16, 16, 16], "rotation": 90, "texture": "#particle"},
				"south": {"uv": [8, 16, 16, 8], "rotation": 180, "texture": "#particle"},
				"west": {"uv": [16, 16, 16, 16], "rotation": 270, "texture": "#particle"},
				"up": {"uv": [16, 16, 16, 16], "texture": "#particle"},
				"down": {"uv": [16, 16, 16, 16], "rotation": 180, "texture": "#particle"}
			}
		},
		{
			"name": "c_5",
			"from": [13.6, 11.05, 5.68],
			"to": [13.6, 13.45, 10.32],
			"rotation": {"angle": 45, "axis": "y", "origin": [8, 14.25, 8]},
			"faces": {
				"north": {"uv": [16, 16, 16, 16], "rotation": 270, "texture": "#particle"},
				"east": {"uv": [8, 8, 16, 16], "texture": "#particle"},
				"south": {"uv": [16, 16, 16, 16], "rotation": 90, "texture": "#particle"},
				"west": {"uv": [8, 16, 16, 8], "rotation": 180, "texture": "#particle"},
				"up": {"uv": [16, 16, 16, 16], "rotation": 90, "texture": "#particle"},
				"down": {"uv": [16, 16, 16, 16], "rotation": 90, "texture": "#particle"}
			}
		},
		{
			"name": "c_6",
			"from": [13.6, 11.05, 5.68],
			"to": [13.6, 13.45, 10.32],
			"rotation": {"angle": 0, "axis": "y", "origin": [8, 14.25, 8]},
			"faces": {
				"north": {"uv": [16, 16, 16, 16], "rotation": 270, "texture": "#particle"},
				"east": {"uv": [8, 8, 16, 16], "texture": "#particle"},
				"south": {"uv": [16, 16, 16, 16], "rotation": 90, "texture": "#particle"},
				"west": {"uv": [8, 16, 16, 8], "rotation": 180, "texture": "#particle"},
				"up": {"uv": [16, 16, 16, 16], "rotation": 90, "texture": "#particle"},
				"down": {"uv": [16, 16, 16, 16], "rotation": 90, "texture": "#particle"}
			}
		},
		{
			"name": "c_7",
			"from": [5.68, 11.05, 13.6],
			"to": [10.32, 13.45, 13.6],
			"rotation": {"angle": 45, "axis": "y", "origin": [8, 14.25, 8]},
			"faces": {
				"north": {"uv": [8, 16, 16, 8], "rotation": 180, "texture": "#particle"},
				"east": {"uv": [16, 16, 16, 16], "rotation": 270, "texture": "#particle"},
				"south": {"uv": [8, 8, 16, 16], "texture": "#particle"},
				"west": {"uv": [16, 16, 16, 16], "rotation": 90, "texture": "#particle"},
				"up": {"uv": [16, 16, 16, 16], "rotation": 180, "texture": "#particle"},
				"down": {"uv": [16, 16, 16, 16], "texture": "#particle"}
			}
		},
		{
			"name": "c_8",
			"from": [5.68, 11.05, 13.6],
			"to": [10.32, 13.45, 13.6],
			"rotation": {"angle": 0, "axis": "y", "origin": [8, 14.25, 8]},
			"faces": {
				"north": {"uv": [8, 16, 16, 8], "rotation": 180, "texture": "#particle"},
				"east": {"uv": [16, 16, 16, 16], "rotation": 270, "texture": "#particle"},
				"south": {"uv": [8, 8, 16, 16], "texture": "#particle"},
				"west": {"uv": [16, 16, 16, 16], "rotation": 90, "texture": "#particle"},
				"up": {"uv": [16, 16, 16, 16], "rotation": 180, "texture": "#particle"},
				"down": {"uv": [16, 16, 16, 16], "texture": "#particle"}
			}
		},
		{
			"name": "m_1",
			"from": [5, 0.75, 5],
			"to": [11, 12.75, 11],
			"rotation": {"angle": 0, "axis": "y", "origin": [8, 10.5, 8]},
			"faces": {
				"north": {"uv": [2.5, 10, 5.5, 16], "texture": "#particle"},
				"east": {"uv": [2.5, 10, 5.5, 16], "texture": "#particle"},
				"south": {"uv": [2.5, 10, 5.5, 16], "texture": "#particle"},
				"west": {"uv": [2.5, 10, 5.5, 16], "texture": "#particle"},
				"up": {"uv": [10.5, 2.5, 13.5, 5.5], "texture": "#particle"},
				"down": {"uv": [10.5, 2.5, 13.5, 5.5], "texture": "#particle"}
			}
		},
		{
			"name": "m_2",
			"from": [3, 2.5, 3],
			"to": [13, 10.5, 13],
			"rotation": {"angle": 0, "axis": "y", "origin": [8, 10.5, 8]},
			"faces": {
				"north": {"uv": [1.5, 11.5, 6.5, 15.5], "texture": "#particle"},
				"east": {"uv": [1.5, 11.5, 6.5, 15.5], "texture": "#particle"},
				"south": {"uv": [1.5, 11.5, 6.5, 15.5], "texture": "#particle"},
				"west": {"uv": [1.5, 11.5, 6.5, 15.5], "texture": "#particle"},
				"up": {"uv": [9.5, 1.5, 14.5, 6.5], "texture": "#particle"},
				"down": {"uv": [9.5, 1.5, 14.5, 6.5], "texture": "#particle"}
			}
		},
		{
			"name": "m_3",
			"from": [2, 3.5, 2],
			"to": [14, 9.5, 14],
			"rotation": {"angle": 0, "axis": "y", "origin": [8, 10.5, 8]},
			"faces": {
				"north": {"uv": [1, 12, 7, 15], "texture": "#particle"},
				"east": {"uv": [1, 12, 7, 15], "texture": "#particle"},
				"south": {"uv": [1, 12, 7, 15], "texture": "#particle"},
				"west": {"uv": [1, 12, 7, 15], "texture": "#particle"},
				"up": {"uv": [9, 1, 15, 7], "texture": "#particle"},
				"down": {"uv": [9, 1, 15, 7], "texture": "#particle"}
			}
		},
		{
			"name": "m_4",
			"from": [1, 4.5, 1],
			"to": [15, 7.5, 15],
			"rotation": {"angle": 0, "axis": "y", "origin": [8, 10.5, 8]},
			"faces": {
				"north": {"uv": [0.5, 13, 7.5, 14.5], "texture": "#particle"},
				"east": {"uv": [0.5, 13, 7.5, 14.5], "texture": "#particle"},
				"south": {"uv": [0.5, 13, 7.5, 14.5], "texture": "#particle"},
				"west": {"uv": [0.5, 13, 7.5, 14.5], "texture": "#particle"},
				"up": {"uv": [8.5, 0.5, 15.5, 7.5], "texture": "#particle"},
				"down": {"uv": [8.5, 0.5, 15.5, 7.5], "texture": "#particle"}
			}
		},
		{
			"name": "m_5",
			"from": [6, 12.5, 6],
			"to": [10, 14.5, 10],
			"rotation": {"angle": 0, "axis": "y", "origin": [8, 10.5, 8]},
			"faces": {
				"north": {"uv": [3, 9.5, 5, 10.5], "texture": "#particle"},
				"east": {"uv": [3, 9.5, 5, 10.5], "texture": "#particle"},
				"south": {"uv": [3, 9.5, 5, 10.5], "texture": "#particle"},
				"west": {"uv": [3, 9.5, 5, 10.5], "texture": "#particle"},
				"up": {"uv": [11, 3, 13, 5], "texture": "#particle"},
				"down": {"uv": [11, 3, 13, 5], "texture": "#particle"}
			}
		},
		{
			"name": "o_1",
			"from": [5, 0, 5],
			"to": [11, 11.5, 11],
			"rotation": {"angle": 45, "axis": "y", "origin": [8, 10.5, 8]},
			"faces": {
				"north": {"uv": [2.5, 10.125, 5.5, 16], "texture": "#particle"},
				"east": {"uv": [2.5, 10.125, 5.5, 16], "texture": "#particle"},
				"south": {"uv": [2.5, 10.125, 5.5, 16], "texture": "#particle"},
				"west": {"uv": [2.5, 10.125, 5.5, 16], "texture": "#particle"},
				"up": {"uv": [10.5, 2.5, 13.5, 5.5], "texture": "#particle"},
				"down": {"uv": [10.5, 2.5, 13.5, 5.5], "texture": "#particle"}
			}
		},
		{
			"name": "o_2",
			"from": [3, 1.55, 3],
			"to": [13, 10, 13],
			"rotation": {"angle": 45, "axis": "y", "origin": [8, 10.5, 8]},
			"faces": {
				"north": {"uv": [1.5, 11, 6.5, 15.5], "texture": "#particle"},
				"east": {"uv": [1.5, 11, 6.5, 15.5], "texture": "#particle"},
				"south": {"uv": [1.5, 11, 6.5, 15.5], "texture": "#particle"},
				"west": {"uv": [1.5, 11, 6.5, 15.5], "texture": "#particle"},
				"up": {"uv": [9.5, 1.5, 14.5, 6.5], "texture": "#particle"},
				"down": {"uv": [9.5, 1.5, 14.5, 6.5], "texture": "#particle"}
			}
		},
		{
			"name": "o_3",
			"from": [2, 3.5, 2],
			"to": [14, 8.5, 14],
			"rotation": {"angle": 45, "axis": "y", "origin": [8, 10.5, 8]},
			"faces": {
				"north": {"uv": [1, 12.5, 7, 15], "texture": "#particle"},
				"east": {"uv": [1, 12.5, 7, 15], "texture": "#particle"},
				"south": {"uv": [1, 12.5, 7, 15], "texture": "#particle"},
				"west": {"uv": [1, 12.5, 7, 15], "texture": "#particle"},
				"up": {"uv": [9, 1, 15, 7], "texture": "#particle"},
				"down": {"uv": [9, 1, 15, 7], "texture": "#particle"}
			}
		},
		{
			"name": "o_4",
			"from": [6, 11.25, 6],
			"to": [10, 13.5, 10],
			"rotation": {"angle": 45, "axis": "y", "origin": [8, 10.5, 8]},
			"faces": {
				"north": {"uv": [3, 9.5, 5, 10.5], "texture": "#particle"},
				"east": {"uv": [3, 9.5, 5, 10.5], "texture": "#particle"},
				"south": {"uv": [3, 9.5, 5, 10.5], "texture": "#particle"},
				"west": {"uv": [3, 9.5, 5, 10.5], "texture": "#particle"},
				"up": {"uv": [11, 3, 13, 5], "texture": "#particle"},
				"down": {"uv": [11, 3, 13, 5], "texture": "#particle"}
			}
		},
		{
			"name": "o_5",
			"from": [7, 14.5, 7],
			"to": [9, 15.5, 9],
			"rotation": {"angle": -45, "axis": "y", "origin": [8, 10.5, 8]},
			"faces": {
				"north": {"uv": [3.5, 9, 4.5, 9.5], "texture": "#particle"},
				"east": {"uv": [3.5, 9, 4.5, 9.5], "texture": "#particle"},
				"south": {"uv": [3.5, 9, 4.5, 9.5], "texture": "#particle"},
				"west": {"uv": [3.5, 9, 4.5, 9.5], "texture": "#particle"},
				"up": {"uv": [11.5, 3.5, 12.5, 4.5], "texture": "#particle"},
				"down": {"uv": [11.5, 3.5, 12.5, 4.5], "texture": "#particle"}
			}
		}
	],
	"gui_light": "front",
	"display": {
		"thirdperson_righthand": {
			"rotation": [75, 45, 0],
			"translation": [0, 2.5, 0],
			"scale": [0.375, 0.375, 0.375]
		},
		"thirdperson_lefthand": {
			"rotation": [75, 45, 0],
			"translation": [0, 2.5, 0],
			"scale": [0.375, 0.375, 0.375]
		},
		"firstperson_righthand": {
			"rotation": [0, 45, 0],
			"scale": [0.4, 0.4, 0.4]
		},
		"firstperson_lefthand": {
			"rotation": [0, 225, 0],
			"scale": [0.4, 0.4, 0.4]
		},
		"ground": {
			"translation": [0, 1, 0],
			"scale": [0.45, 0.45, 0.45]
		},
		"gui": {
			"rotation": [30, 157, 0],
			"scale": [0.625, 0.625, 0.625]
		},
		"head": {
			"translation": [0, 4.75, 0],
			"scale": [2, 2, 2]
		},
		"fixed": {
			"rotation": [-90, 0, 0],
			"translation": [0, 0, -15],
			"scale": [2, 2, 2]
		}
	},
	"groups": [
		{
			"name": "leaf",
			"origin": [8, 2.75, 8],
			"color": 0,
			"nbt": "{}",
			"children": [0, 1, 2, 3, 4, 5, 6, 7]
		},
		{
			"name": "circle",
			"origin": [8, 14, 8],
			"color": 0,
			"nbt": "{}",
			"children": [8, 9, 10, 11, 12, 13, 14, 15]
		},
		{
			"name": "main",
			"origin": [0, 0, 0],
			"color": 0,
			"nbt": "{}",
			"children": [
				16,
				17,
				18,
				19,
				20,
				{
					"name": "oblique",
					"origin": [0, 0, 0],
					"color": 0,
					"nbt": "{}",
					"children": [21, 22, 23, 24, 25]
				}
			]
		}
	]
}