{
	"credit": "Made by AnminMakura",
	"texture_size": [32, 32],
	"textures": {
		"0": "3d_item/warped_fungus_on_a_stick/mandarin_oranges",
		"particle": "3d_item/warped_fungus_on_a_stick/mandarin_oranges"
	},
	"elements": [
		{
			"name": "m1",
			"from": [3, 15, 3],
			"to": [13, 16, 13],
			"rotation": {"angle": 0, "axis": "y", "origin": [8, 8, 8]},
			"faces": {
				"north": {"uv": [1.5, 8, 6.5, 8.5], "texture": "#0"},
				"east": {"uv": [1.5, 8, 6.5, 8.5], "texture": "#0"},
				"south": {"uv": [1.5, 8, 6.5, 8.5], "texture": "#0"},
				"west": {"uv": [1.5, 8, 6.5, 8.5], "texture": "#0"},
				"up": {"uv": [1.5, 1.5, 6.5, 6.5], "texture": "#0"},
				"down": {"uv": [16, 16, 16, 16], "texture": "#0"}
			}
		},
		{
			"name": "m2",
			"from": [1, 13, 1],
			"to": [15, 15, 15],
			"rotation": {"angle": 0, "axis": "y", "origin": [8, 8, 8]},
			"faces": {
				"north": {"uv": [0.5, 8, 7.5, 9], "texture": "#0"},
				"east": {"uv": [0.5, 8, 7.5, 9], "texture": "#0"},
				"south": {"uv": [0.5, 8, 7.5, 9], "texture": "#0"},
				"west": {"uv": [0.5, 8, 7.5, 9], "texture": "#0"},
				"up": {"uv": [0.5, 0.5, 7.5, 7.5], "texture": "#0"},
				"down": {"uv": [16, 16, 16, 16], "texture": "#0"}
			}
		},
		{
			"name": "m3",
			"from": [0, 2, 0],
			"to": [16, 13, 16],
			"rotation": {"angle": 0, "axis": "y", "origin": [8, 8, 8]},
			"faces": {
				"north": {"uv": [0, 9.5, 8, 15], "texture": "#0"},
				"east": {"uv": [0, 9.5, 8, 15], "texture": "#0"},
				"south": {"uv": [0, 9.5, 8, 15], "texture": "#0"},
				"west": {"uv": [0, 9.5, 8, 15], "texture": "#0"},
				"up": {"uv": [0, 0, 8, 8], "texture": "#0"},
				"down": {"uv": [8, 0, 16, 8], "texture": "#0"}
			}
		},
		{
			"name": "m4",
			"from": [1, 1, 1],
			"to": [15, 2, 15],
			"rotation": {"angle": 0, "axis": "y", "origin": [8, 8, 8]},
			"faces": {
				"north": {"uv": [0.5, 15, 7.5, 15.5], "texture": "#0"},
				"east": {"uv": [0.5, 15, 7.5, 15.5], "texture": "#0"},
				"south": {"uv": [0.5, 15, 7.5, 15.5], "texture": "#0"},
				"west": {"uv": [0.5, 15, 7.5, 15.5], "texture": "#0"},
				"up": {"uv": [16, 16, 16, 16], "texture": "#0"},
				"down": {"uv": [8.5, 0.5, 15.5, 7.5], "texture": "#0"}
			}
		},
		{
			"name": "m5",
			"from": [3, 0, 3],
			"to": [13, 1, 13],
			"rotation": {"angle": 0, "axis": "y", "origin": [8, 8, 8]},
			"faces": {
				"north": {"uv": [1.5, 15.5, 6.5, 16], "texture": "#0"},
				"east": {"uv": [1.5, 15.5, 6.5, 16], "texture": "#0"},
				"south": {"uv": [1.5, 15.5, 6.5, 16], "texture": "#0"},
				"west": {"uv": [1.5, 15.5, 6.5, 16], "texture": "#0"},
				"up": {"uv": [16, 16, 16, 16], "texture": "#0"},
				"down": {"uv": [9.5, 1.5, 14.5, 6.5], "texture": "#0"}
			}
		},
		{
			"name": "l1",
			"from": [7.5, 16, 7.5],
			"to": [8.5, 18, 8.5],
			"faces": {
				"north": {"uv": [10.5, 14, 9.5, 16], "texture": "#0"},
				"east": {"uv": [9.5, 14, 10.5, 16], "texture": "#0"},
				"south": {"uv": [10.5, 14, 9.5, 16], "texture": "#0"},
				"west": {"uv": [9.5, 14, 10.5, 16], "texture": "#0"},
				"up": {"uv": [13.5, 13.5, 14.5, 14.5], "texture": "#0"},
				"down": {"uv": [16, 16, 16, 16], "texture": "#0"}
			}
		},
		{
			"name": "l2",
			"from": [8, 18, 8],
			"to": [16, 22, 8],
			"rotation": {"angle": -45, "axis": "y", "origin": [8, 20, 8]},
			"faces": {
				"north": {"uv": [15, 8, 8, 11.5], "texture": "#0"},
				"east": {"uv": [16, 16, 16, 16], "texture": "#0"},
				"south": {"uv": [8, 8, 15, 11.5], "texture": "#0"},
				"west": {"uv": [16, 16, 16, 16], "texture": "#0"},
				"up": {"uv": [16, 16, 16, 16], "rotation": 90, "texture": "#0"},
				"down": {"uv": [16, 16, 16, 16], "rotation": 270, "texture": "#0"}
			}
		}
	],
	"gui_light": "front",
	"display": {
		"thirdperson_righthand": {
			"rotation": [75, 45, 0],
			"translation": [0, 2.5, 0],
			"scale": [0.2, 0.2, 0.2]
		},
		"thirdperson_lefthand": {
			"rotation": [75, 135, 0],
			"translation": [0, 2.5, 0],
			"scale": [0.2, 0.2, 0.2]
		},
		"firstperson_righthand": {
			"rotation": [0, 45, 0],
			"translation": [0, 0.5, 0],
			"scale": [0.2, 0.2, 0.2]
		},
		"firstperson_lefthand": {
			"rotation": [0, 135, 0],
			"translation": [0, 0.5, 0],
			"scale": [0.2, 0.2, 0.2]
		},
		"ground": {
			"scale": [0.3, 0.3, 0.3]
		},
		"gui": {
			"rotation": [30, 45, 0],
			"scale": [0.4, 0.4, 0.4]
		},
		"head": {
			"translation": [0, 8.75, 0],
			"scale": [0.3, 0.3, 0.3]
		},
		"fixed": {
			"rotation": [-90, 0, 0],
			"translation": [0, 0, -2.5],
			"scale": [0.5, 0.5, 0.5]
		}
	},
	"groups": [
		0,
		1,
		2,
		3,
		4,
		{
			"name": "leaf",
			"origin": [8, 20, 8],
			"color": 0,
			"nbt": "{}",
			"children": [5, 6]
		}
	]
}