{
	"credit": "Made by AnminMakura",
	"textures": {
		"particle": "3d_item/warped_fungus_on_a_stick/who_dropped_items_into_abyss",
		"layer1": "3d_item/warped_fungus_on_a_stick/who_dropped_items_into_abyss"
	},
	"elements": [
		{
			"name": "e1",
			"from": [0, 7.5, 16],
			"to": [16, 8.5, 16],
			"rotation": {"angle": 0, "axis": "y", "origin": [8, 8, 16]},
			"faces": {
				"north": {"uv": [0, 0, 1, 2], "texture": "#layer1"},
				"east": {"uv": [0, 16, 0, 16], "texture": "#layer1"},
				"south": {"uv": [0, 0, 1, 2], "texture": "#layer1"},
				"west": {"uv": [0, 16, 0, 16], "texture": "#layer1"},
				"up": {"uv": [0, 16, 0, 16], "texture": "#layer1"},
				"down": {"uv": [0, 16, 0, 16], "texture": "#layer1"}
			}
		},
		{
			"name": "e2",
			"from": [16, 7.5, 0],
			"to": [16, 8.5, 16],
			"rotation": {"angle": 0, "axis": "y", "origin": [8, 8, 16]},
			"faces": {
				"north": {"uv": [0, 0, 1, 2], "texture": "#layer1"},
				"east": {"uv": [0, 0, 16, 2], "texture": "#layer1"},
				"south": {"uv": [0, 0, 1, 2], "texture": "#layer1"},
				"west": {"uv": [16, 0, 0, 2], "texture": "#layer1"},
				"up": {"uv": [0, 16, 0, 16], "texture": "#layer1"},
				"down": {"uv": [0, 16, 0, 16], "texture": "#layer1"}
			}
		},
		{
			"name": "e3",
			"from": [0, 7.5, 0],
			"to": [0, 8.5, 16],
			"rotation": {"angle": 0, "axis": "y", "origin": [8, 8, 16]},
			"faces": {
				"north": {"uv": [0, 0, 1, 2], "texture": "#layer1"},
				"east": {"uv": [0, 0, 16, 2], "texture": "#layer1"},
				"south": {"uv": [0, 0, 1, 2], "texture": "#layer1"},
				"west": {"uv": [16, 0, 0, 2], "texture": "#layer1"},
				"up": {"uv": [0, 16, 0, 16], "texture": "#layer1"},
				"down": {"uv": [0, 16, 0, 16], "texture": "#layer1"}
			}
		},
		{
			"name": "mask_left",
			"from": [8, 5, 0],
			"to": [16, 11, 0],
			"rotation": {"angle": 0, "axis": "y", "origin": [12, 8, 0]},
			"faces": {
				"north": {"uv": [0, 2, 16, 16], "texture": "#layer1"},
				"east": {"uv": [0, 0, 0, 8], "texture": "#layer1"},
				"south": {"uv": [16, 2, 0, 16], "texture": "#layer1"},
				"west": {"uv": [0, 0, 0, 8], "texture": "#layer1"},
				"up": {"uv": [16, 0, 0, 0], "texture": "#layer1"},
				"down": {"uv": [16, 0, 0, 0], "texture": "#layer1"}
			}
		},
		{
			"name": "mask_right",
			"from": [0, 5, 0],
			"to": [8, 11, 0],
			"rotation": {"angle": 0, "axis": "y", "origin": [4, 8, 0]},
			"faces": {
				"north": {"uv": [16, 2, 0, 16], "texture": "#layer1"},
				"east": {"uv": [0, 0, 0, 8], "texture": "#layer1"},
				"south": {"uv": [0, 2, 16, 16], "texture": "#layer1"},
				"west": {"uv": [0, 0, 0, 8], "texture": "#layer1"},
				"up": {"uv": [0, 0, 16, 0], "texture": "#layer1"},
				"down": {"uv": [0, 0, 16, 0], "texture": "#layer1"}
			}
		}
	],
	"gui_light": "front",
	"display": {
		"thirdperson_righthand": {
			"rotation": [75, 45, 0],
			"translation": [0, 2.5, 0],
			"scale": [0.375, 0.375, 0.375]
		},
		"thirdperson_lefthand": {
			"rotation": [75, 45, 0],
			"translation": [0, 2.5, 0],
			"scale": [0.375, 0.375, 0.375]
		},
		"firstperson_righthand": {
			"rotation": [0, -5, 0],
			"scale": [0.4, 0.4, 0.4]
		},
		"firstperson_lefthand": {
			"rotation": [0, -5, 0],
			"scale": [0.4, 0.4, 0.4]
		},
		"ground": {
			"translation": [0, 3, 0],
			"scale": [0.5, 0.5, 0.5]
		},
		"gui": {
			"rotation": [30, 225, 0],
			"scale": [0.65, 0.65, 0.65]
		}
	},
	"groups": [
		{
			"name": "elastic_cord",
			"origin": [16, 8, 8],
			"color": 0,
			"nbt": "{}",
			"armAnimationEnabled": false,
			"children": [0, 1, 2]
		},
		{
			"name": "mask",
			"origin": [12, 8, 0],
			"color": 0,
			"nbt": "{}",
			"armAnimationEnabled": false,
			"children": [3, 4]
		}
	]
}