{
    "parent": "item/generated",
    "textures": {
        "layer0": "item/bow"
    },
    "display": {
        "thirdperson_righthand": {
            "rotation": [ -80, 260, -40],
            "translation": [ -1, -2, 2.5],
            "scale": [ 0.9, 0.9, 0.9]
        },
        "thirdperson_lefthand": {
            "rotation": [ -80, -280, 40],
            "translation": [ -1, -2, 2.5],
            "scale": [ 0.9, 0.9, 0.9]
        },
        "firstperson_righthand": {
            "rotation": [ 0, -90, 25],
            "translation": [ 1.13, 3.2, 1.13],
            "scale": [ 0.68, 0.68, 0.68]
        },
        "firstperson_lefthand": {
            "rotation": [ 0, 90, -25],
            "translation": [ 1.13, 3.2, 1.13],
            "scale": [ 0.68, 0.68, 0.68]
        }
    },
    "overrides": [
        {
            "predicate": {
                "pulling": 1
            },
            "model": "item/bow_pulling_0"
        },
        {
            "predicate": {
                "pulling": 1,
                "pull": 0.65
            },
            "model": "item/bow_pulling_1"
        },
        {
            "predicate": {
                "pulling": 1,
                "pull": 0.9
            },
            "model": "item/bow_pulling_2"
        },
        {
            "predicate": {
                "custom_model_data": 1
            },
            "model": "item/bow/a_ray_on_the_move"
        },
        {
            "predicate": {
                "custom_model_data": 1,
                "pulling": 1
            },
            "model": "item/bow/a_ray_on_the_move_pulling_0"
        },
        {
            "predicate": {
                "custom_model_data": 1,
                "pulling": 1,
                "pull": 0.65
            },
            "model": "item/bow/a_ray_on_the_move_pulling_1"
        },
        {
            "predicate": {
                "custom_model_data": 1,
                "pulling": 1,
                "pull": 0.9
            },
            "model": "item/bow/a_ray_on_the_move_pulling_2"
        },
        {
            "predicate": {
                "custom_model_data": 2
            },
            "model": "item/bow/hunter_bow"
        },
        {
            "predicate": {
                "custom_model_data": 2,
                "pulling": 1
            },
            "model": "item/bow/hunter_bow_pulling_0"
        },
        {
            "predicate": {
                "custom_model_data": 2,
                "pulling": 1,
                "pull": 0.65
            },
            "model": "item/bow/hunter_bow_pulling_1"
        },
        {
            "predicate": {
                "custom_model_data": 2,
                "pulling": 1,
                "pull": 0.9
            },
            "model": "item/bow/hunter_bow_pulling_2"
        },
        {
            "predicate": {
                "custom_model_data": 3
            },
            "model": "item/bow/water_break"
        },
        {
            "predicate": {
                "custom_model_data": 3,
                "pulling": 1
            },
            "model": "item/bow/water_break_pulling_0"
        },
        {
            "predicate": {
                "custom_model_data": 3,
                "pulling": 1,
                "pull": 0.65
            },
            "model": "item/bow/water_break_pulling_1"
        },
        {
            "predicate": {
                "custom_model_data": 3,
                "pulling": 1,
                "pull": 0.9
            },
            "model": "item/bow/water_break_pulling_2"
        },
        {
            "predicate": {
                "custom_model_data": 4
            },
            "model": "item/bow/ice_dragon"
        },
        {
            "predicate": {
                "custom_model_data": 4,
                "pulling": 1
            },
            "model": "item/bow/ice_dragon_pulling_0"
        },
        {
            "predicate": {
                "custom_model_data": 4,
                "pulling": 1,
                "pull": 0.65
            },
            "model": "item/bow/ice_dragon_pulling_1"
        },
        {
            "predicate": {
                "custom_model_data": 4,
                "pulling": 1,
                "pull": 0.9
            },
            "model": "item/bow/ice_dragon_pulling_2"
        },
        {
            "predicate": {
                "custom_model_data": 5
            },
            "model": "item/bow/fion_seatra"
        },
        {
            "predicate": {
                "custom_model_data": 5,
                "pulling": 1
            },
            "model": "item/bow/fion_seatra_pulling_0"
        },
        {
            "predicate": {
                "custom_model_data": 5,
                "pulling": 1,
                "pull": 0.65
            },
            "model": "item/bow/fion_seatra_pulling_1"
        },
        {
            "predicate": {
                "custom_model_data": 5,
                "pulling": 1,
                "pull": 0.9
            },
            "model": "item/bow/fion_seatra_pulling_2"
        },
        {
            "predicate": {
                "custom_model_data": 6
            },
            "model": "item/bow/evil_eye"
        },
        {
            "predicate": {
                "custom_model_data": 6,
                "pulling": 1
            },
            "model": "item/bow/evil_eye_pulling_0"
        },
        {
            "predicate": {
                "custom_model_data": 6,
                "pulling": 1,
                "pull": 0.65
            },
            "model": "item/bow/evil_eye_pulling_1"
        },
        {
            "predicate": {
                "custom_model_data": 6,
                "pulling": 1,
                "pull": 0.9
            },
            "model": "item/bow/evil_eye_pulling_2"
        },
        {
            "predicate": {
                "custom_model_data": 7
            },
            "model": "item/bow/demons_repel_bow"
        },
        {
            "predicate": {
                "custom_model_data": 7,
                "pulling": 1
            },
            "model": "item/bow/demons_repel_bow_pulling_0"
        },
        {
            "predicate": {
                "custom_model_data": 7,
                "pulling": 1,
                "pull": 0.65
            },
            "model": "item/bow/demons_repel_bow_pulling_1"
        },
        {
            "predicate": {
                "custom_model_data": 7,
                "pulling": 1,
                "pull": 0.9
            },
            "model": "item/bow/demons_repel_bow_pulling_2"
        },
        {
            "predicate": {
                "custom_model_data": 12
            },
            "model": "item/bow/nermai_resanter"
        },
        {
            "predicate": {
                "custom_model_data": 12,
                "pulling": 1
            },
            "model": "item/bow/nermai_resanter_pulling_0"
        },
        {
            "predicate": {
                "custom_model_data": 12,
                "pulling": 1,
                "pull": 0.65
            },
            "model": "item/bow/nermai_resanter_pulling_1"
        },
        {
            "predicate": {
                "custom_model_data": 12,
                "pulling": 1,
                "pull": 0.9
            },
            "model": "item/bow/nermai_resanter_pulling_2"
        },
        {
            "predicate": {
                "custom_model_data": 15
            },
            "model": "item/bow/ragged_bow"
        },
        {
            "predicate": {
                "custom_model_data": 15,
                "pulling": 1
            },
            "model": "item/bow/ragged_bow_pulling_0"
        },
        {
            "predicate": {
                "custom_model_data": 15,
                "pulling": 1,
                "pull": 0.65
            },
            "model": "item/bow/ragged_bow_pulling_1"
        },
        {
            "predicate": {
                "custom_model_data": 15,
                "pulling": 1,
                "pull": 0.9
            },
            "model": "item/bow/ragged_bow_pulling_2"
        }
    ]
}