{
    "parent": "item/handheld_rod",
    "textures": {
        "layer0": "item/carrot_on_a_stick"
    },
    "overrides": [
        { "predicate": {"custom_model_data": 1}, "model": "item/carrot_on_a_stick/carrot_on_a_carrot"},
        { "predicate": {"custom_model_data": 2}, "model": "item/carrot_on_a_stick/red_carrot"},
        { "predicate": {"custom_model_data": 3}, "model": "item/carrot_on_a_stick/lightsaber_chopstick"},
        { "predicate": {"custom_model_data": 4}, "model": "item/carrot_on_a_stick/summoner_tact"},
        { "predicate": {"custom_model_data": 5}, "model": "item/carrot_on_a_stick/white_mage_closure"},
        { "predicate": {"custom_model_data": 6}, "model": "item/carrot_on_a_stick/black_mage_mace"},
        { "predicate": {"custom_model_data": 7}, "model": "item/carrot_on_a_stick/angel_stick"},
        { "predicate": {"custom_model_data": 8}, "model": "item/carrot_on_a_stick/frozen_gun"},
        { "predicate": {"custom_model_data": 9}, "model": "item/carrot_on_a_stick/puppet_master_wrench"},
        { "predicate": {"custom_model_data": 10}, "model": "item/carrot_on_a_stick/buster_axe"},
        { "predicate": {"custom_model_data": 11}, "model": "item/carrot_on_a_stick/purely_stick_dx"},
        { "predicate": {"custom_model_data": 12}, "model": "item/carrot_on_a_stick/dead_lion"},
        { "predicate": {"custom_model_data": 13}, "model": "item/carrot_on_a_stick/doni"},
        { "predicate": {"custom_model_data": 14}, "model": "item/carrot_on_a_stick/euphoric_face_pie"},
        { "predicate": {"custom_model_data": 15}, "model": "item/carrot_on_a_stick/ancient_staff"},
        { "predicate": {"custom_model_data": 16}, "model": "item/carrot_on_a_stick/philosophers_staff"},
        { "predicate": {"custom_model_data": 17}, "model": "item/carrot_on_a_stick/aarons_rod"},
        { "predicate": {"custom_model_data": 18}, "model": "item/carrot_on_a_stick/arcadia"},
        { "predicate": {"custom_model_data": 19}, "model": "item/carrot_on_a_stick/a_shuriken"},
        { "predicate": {"custom_model_data": 20}, "model": "item/carrot_on_a_stick/a_sugar_cane_menace"},
        { "predicate": {"custom_model_data": 21}, "model": "item/carrot_on_a_stick/a_chin_egg"},
        { "predicate": {"custom_model_data": 22}, "model": "item/carrot_on_a_stick/nebula_rod"},
        { "predicate": {"custom_model_data": 23}, "model": "item/carrot_on_a_stick/dubious_powder"},
        { "predicate": {"custom_model_data": 24}, "model": "item/carrot_on_a_stick/vile_ether"},
        { "predicate": {"custom_model_data": 25}, "model": "item/carrot_on_a_stick/ether"},
        { "predicate": {"custom_model_data": 26}, "model": "item/carrot_on_a_stick/high_ether"},
        { "predicate": {"custom_model_data": 27}, "model": "item/carrot_on_a_stick/super_ether"},
        { "predicate": {"custom_model_data": 28}, "model": "item/carrot_on_a_stick/area_vile_ether"},
        { "predicate": {"custom_model_data": 29}, "model": "item/carrot_on_a_stick/area_ether"},
        { "predicate": {"custom_model_data": 30}, "model": "item/carrot_on_a_stick/area_high_ether"},
        { "predicate": {"custom_model_data": 31}, "model": "item/carrot_on_a_stick/area_super_ether"},
        { "predicate": {"custom_model_data": 32}, "model": "item/carrot_on_a_stick/cure_vile_ether_field"},
        { "predicate": {"custom_model_data": 33}, "model": "item/carrot_on_a_stick/cure_ether_field"},
        { "predicate": {"custom_model_data": 34}, "model": "item/carrot_on_a_stick/cure_high_ether_field"},
        { "predicate": {"custom_model_data": 35}, "model": "item/carrot_on_a_stick/cure_super_ether_field"},
        { "predicate": {"custom_model_data": 36}, "model": "item/carrot_on_a_stick/elixir"},
        { "predicate": {"custom_model_data": 37}, "model": "item/carrot_on_a_stick/last_elixir"},
        { "predicate": {"custom_model_data": 38}, "model": "item/carrot_on_a_stick/ex_elixir"},
        { "predicate": {"custom_model_data": 39}, "model": "item/carrot_on_a_stick/vile_immunity"},
        { "predicate": {"custom_model_data": 40}, "model": "item/carrot_on_a_stick/immunity"},
        { "predicate": {"custom_model_data": 41}, "model": "item/carrot_on_a_stick/high_immunity"},
        { "predicate": {"custom_model_data": 42}, "model": "item/carrot_on_a_stick/super_immunity"},
        { "predicate": {"custom_model_data": 43}, "model": "item/carrot_on_a_stick/holy_water"},
        { "predicate": {"custom_model_data": 44}, "model": "item/carrot_on_a_stick/panacea"},
        { "predicate": {"custom_model_data": 45}, "model": "item/carrot_on_a_stick/soma"},
        { "predicate": {"custom_model_data": 46}, "model": "item/carrot_on_a_stick/load"},
        { "predicate": {"custom_model_data": 47}, "model": "item/carrot_on_a_stick/synthetic_narcotics_rta"},
        { "predicate": {"custom_model_data": 48}, "model": "item/carrot_on_a_stick/void_bundle"},
        { "predicate": {"custom_model_data": 49}, "model": "item/carrot_on_a_stick/fishing_rod_of_anger"},
        { "predicate": {"custom_model_data": 50}, "model": "item/carrot_on_a_stick/golden_ticket_knight"},
        { "predicate": {"custom_model_data": 51}, "model": "item/carrot_on_a_stick/golden_ticket_ninja"},
        { "predicate": {"custom_model_data": 52}, "model": "item/carrot_on_a_stick/golden_ticket_hunter"},
        { "predicate": {"custom_model_data": 53}, "model": "item/carrot_on_a_stick/golden_ticket_white_mage"},
        { "predicate": {"custom_model_data": 54}, "model": "item/carrot_on_a_stick/golden_ticket_black_mage"},
        { "predicate": {"custom_model_data": 55}, "model": "item/carrot_on_a_stick/golden_ticket_summoner"},
        { "predicate": {"custom_model_data": 56}, "model": "item/carrot_on_a_stick/golden_ticket_puppet_master"},
        { "predicate": {"custom_model_data": 57}, "model": "item/carrot_on_a_stick/golden_ticket_phantom_thief"},
        { "predicate": {"custom_model_data": 58}, "model": "item/carrot_on_a_stick/corn_soup"},
        { "predicate": {"custom_model_data": 59}, "model": "item/carrot_on_a_stick/cold_pumpkin_soup"},
        { "predicate": {"custom_model_data": 60}, "model": "item/carrot_on_a_stick/solar_wind"},
        { "predicate": {"custom_model_data": 61}, "model": "item/carrot_on_a_stick/nil"},
        { "predicate": {"custom_model_data": 62}, "model": "item/carrot_on_a_stick/sword_of_oath"},
        { "predicate": {"custom_model_data": 63}, "model": "item/carrot_on_a_stick/mortar"},
        { "predicate": {"custom_model_data": 64}, "model": "item/carrot_on_a_stick/golden_mutton"},
        { "predicate": {"custom_model_data": 65}, "model": "item/carrot_on_a_stick/fire_wand"},
        { "predicate": {"custom_model_data": 66}, "model": "item/carrot_on_a_stick/ice_wand"},
        { "predicate": {"custom_model_data": 67}, "model": "item/carrot_on_a_stick/lightning_wand"},
        { "predicate": {"custom_model_data": 68}, "model": "item/carrot_on_a_stick/light_wand"},
        { "predicate": {"custom_model_data": 69}, "model": "item/carrot_on_a_stick/dark_wand"},
        { "predicate": {"custom_model_data": 70}, "model": "item/carrot_on_a_stick/staff_of_fire"},
        { "predicate": {"custom_model_data": 71}, "model": "item/carrot_on_a_stick/staff_of_ice"},
        { "predicate": {"custom_model_data": 72}, "model": "item/carrot_on_a_stick/staff_of_lightning"},
        { "predicate": {"custom_model_data": 73}, "model": "item/carrot_on_a_stick/staff_of_light"},
        { "predicate": {"custom_model_data": 74}, "model": "item/carrot_on_a_stick/staff_of_dark"},
        { "predicate": {"custom_model_data": 80}, "model": "item/carrot_on_a_stick/blue_eyes_nantoka_dragon"},
        { "predicate": {"custom_model_data": 81}, "model": "item/carrot_on_a_stick/banana_peel"},
        { "predicate": {"custom_model_data": 82}, "model": "item/carrot_on_a_stick/green_carrot"},
        { "predicate": {"custom_model_data": 83}, "model": "item/carrot_on_a_stick/floating_rock"},
        { "predicate": {"custom_model_data": 90}, "model": "item/carrot_on_a_stick/sun"},
        { "predicate": {"custom_model_data": 91}, "model": "item/carrot_on_a_stick/moon"},
        { "predicate": {"custom_model_data": 92}, "model": "item/carrot_on_a_stick/forbidden_book"},
        { "predicate": {"custom_model_data": 94}, "model": "item/carrot_on_a_stick/god_of_waraxe"},
        { "predicate": {"custom_model_data": 95}, "model": "item/carrot_on_a_stick/book_off"},
        { "predicate": {"custom_model_data": 96}, "model": "3d_item/carrot_on_a_stick/weapon/knuckle_dusters"},
        { "predicate": {"custom_model_data": 98}, "model": "item/carrot_on_a_stick/hover_gift"},
        { "predicate": {"custom_model_data": 106}, "model": "item/carrot_on_a_stick/soft_weak_trap"},
        { "predicate": {"custom_model_data": 107}, "model": "item/carrot_on_a_stick/blunt_trap"},
        { "predicate": {"custom_model_data": 108}, "model": "item/carrot_on_a_stick/damned_trap"},
        { "predicate": {"custom_model_data": 111}, "model": "item/carrot_on_a_stick/fluffy"},
        { "predicate": {"custom_model_data": 112}, "model": "3d_item/carrot_on_a_stick/weapon/morning_star"},
        { "predicate": {"custom_model_data": 113}, "model": "item/carrot_on_a_stick/contraindicated_hell_drop"},
        { "predicate": {"custom_model_data": 114}, "model": "3d_item/carrot_on_a_stick/weapon/pay_for_storage"},
        { "predicate": {"custom_model_data": 115}, "model": "item/carrot_on_a_stick/futon"},
        { "predicate": {"custom_model_data": 116}, "model": "item/carrot_on_a_stick/antidote"},
        { "predicate": {"custom_model_data": 117}, "model": "item/carrot_on_a_stick/non_disadvantage"},
        { "predicate": {"custom_model_data": 118}, "model": "item/carrot_on_a_stick/anti_burn"},
        { "predicate": {"custom_model_data": 119}, "model": "item/carrot_on_a_stick/anti_freeze"},
        { "predicate": {"custom_model_data": 120}, "model": "item/carrot_on_a_stick/anti_paralyze"},
        { "predicate": {"custom_model_data": 121}, "model": "item/carrot_on_a_stick/anti_confusion"},
        { "predicate": {"custom_model_data": 122}, "model": "item/carrot_on_a_stick/anti_disease"},
        { "predicate": {"custom_model_data": 123}, "model": "item/carrot_on_a_stick/anti_tnt"},
        { "predicate": {"custom_model_data": 124}, "model": "item/carrot_on_a_stick/restore_item"},
        { "predicate": {"custom_model_data": 125}, "model": "item/carrot_on_a_stick/tusb_publicity_flyer"},
        { "predicate": {"custom_model_data": 126}, "model": "item/carrot_on_a_stick/bubbling_eye_drops"},
        { "predicate": {"custom_model_data": 127}, "model": "item/carrot_on_a_stick/pendulum"},
        { "predicate": {"custom_model_data": 128}, "model": "item/carrot_on_a_stick/corn_soup_pot"},
        { "predicate": {"custom_model_data": 129}, "model": "item/carrot_on_a_stick/cold_pumpkin_soup_pot"},
        { "predicate": {"custom_model_data": 131}, "model": "item/carrot_on_a_stick/potato_tips"},
        { "predicate": {"custom_model_data": 132}, "model": "item/carrot_on_a_stick/strong_shuriken"},
        { "predicate": {"custom_model_data": 134}, "model": "item/carrot_on_a_stick/ragged_carrot_on_a_stick"},
        { "predicate": {"custom_model_data": 135}, "model": "item/carrot_on_a_stick/flying_island_ticket"},
        { "predicate": {"custom_model_data": 136}, "model": "item/carrot_on_a_stick/flying_island_gold_ticket"},
        { "predicate": {"custom_model_data": 137}, "model": "item/carrot_on_a_stick/lunatic_wand"},
        { "predicate": {"custom_model_data": 138}, "model": "item/carrot_on_a_stick/blue_purple_mushrooms"},
        { "predicate": {"custom_model_data": 139}, "model": "item/carrot_on_a_stick/green_mushrooms"},
        { "predicate": {"custom_model_data": 140}, "model": "item/carrot_on_a_stick/gold_mushrooms"},
        { "predicate": {"custom_model_data": 141}, "model": "item/carrot_on_a_stick/kaentake_mushroom"},
        { "predicate": {"custom_model_data": 142}, "model": "3d_item/carrot_on_a_stick/weapon/burn_debaria"},
        { "predicate": {"custom_model_data": 143}, "model": "3d_item/carrot_on_a_stick/weapon/freeze_debaria"},
        { "predicate": {"custom_model_data": 144}, "model": "3d_item/carrot_on_a_stick/weapon/paralyze_debaria"},
        { "predicate": {"custom_model_data": 145}, "model": "3d_item/carrot_on_a_stick/weapon/confusion_debaria"},
        { "predicate": {"custom_model_data": 146}, "model": "3d_item/carrot_on_a_stick/weapon/disease_debaria"},
        { "predicate": {"custom_model_data": 147}, "model": "3d_item/carrot_on_a_stick/weapon/super_debaria"},
        { "predicate": {"custom_model_data": 148}, "model": "item/carrot_on_a_stick/calling_grass"},
        { "predicate": {"custom_model_data": 149}, "model": "item/carrot_on_a_stick/sacred_potatoes"},
        { "predicate": {"custom_model_data": 200}, "model": "item/carrot_on_a_stick/carrot_on_a_stick_color01"},
        { "predicate": {"custom_model_data": 201}, "model": "item/carrot_on_a_stick/carrot_on_a_stick_color02"},
        { "predicate": {"custom_model_data": 202}, "model": "item/carrot_on_a_stick/carrot_on_a_stick_color03"},
        { "predicate": {"custom_model_data": 203}, "model": "item/carrot_on_a_stick/carrot_on_a_stick_color04"},
        { "predicate": {"custom_model_data": 204}, "model": "item/carrot_on_a_stick/carrot_on_a_stick_color05"},
        { "predicate": {"custom_model_data": 205}, "model": "item/carrot_on_a_stick/carrot_on_a_stick_color06"},
        { "predicate": {"custom_model_data": 206}, "model": "item/carrot_on_a_stick/carrot_on_a_stick_color07"},
        { "predicate": {"custom_model_data": 207}, "model": "item/carrot_on_a_stick/carrot_on_a_stick_color08"},
        { "predicate": {"custom_model_data": 208}, "model": "item/carrot_on_a_stick/carrot_on_a_stick_color09"},
        { "predicate": {"custom_model_data": 209}, "model": "item/carrot_on_a_stick/carrot_on_a_stick_color10"},
        { "predicate": {"custom_model_data": 210}, "model": "item/carrot_on_a_stick/carrot_on_a_stick_color11"},
        { "predicate": {"custom_model_data": 1000}, "model": "3d_item/carrot_on_a_stick/entity/scarecrow_doll"},
        { "predicate": {"custom_model_data": 1001}, "model": "3d_item/carrot_on_a_stick/entity/salmon_susi"},
        { "predicate": {"custom_model_data": 1002}, "model": "3d_item/carrot_on_a_stick/entity/sun_eater"},
        { "predicate": {"custom_model_data": 1014}, "model": "3d_item/carrot_on_a_stick/entity/wooden_container"},
        { "predicate": {"custom_model_data": 1015}, "model": "3d_item/carrot_on_a_stick/entity/rolling_barrel_stop"},
        { "predicate": {"custom_model_data": 1016}, "model": "3d_item/carrot_on_a_stick/entity/rolling_barrel_move"},
        { "predicate": {"custom_model_data": 1017}, "model": "3d_item/carrot_on_a_stick/entity/rolling_oil_drum_stop"},
        { "predicate": {"custom_model_data": 1018}, "model": "3d_item/carrot_on_a_stick/entity/rolling_oil_drum_move"},
        { "predicate": {"custom_model_data": 1019}, "model": "3d_item/carrot_on_a_stick/entity/rolling_chemical_drum_stop"},
        { "predicate": {"custom_model_data": 1020}, "model": "3d_item/carrot_on_a_stick/entity/rolling_chemical_drum_move"},
        { "predicate": {"custom_model_data": 1021}, "model": "3d_item/carrot_on_a_stick/entity/jumping_board"},
        { "predicate": {"custom_model_data": 1022}, "model": "3d_item/carrot_on_a_stick/entity/stormy_jumping_board"},
        { "predicate": {"custom_model_data": 1023}, "model": "3d_item/carrot_on_a_stick/weapon/statue_of_goddess_mercy"},
        { "predicate": {"custom_model_data": 2000}, "model": "item/carrot_on_a_stick/memory_star"},
        { "predicate": {"custom_model_data": 2001}, "model": "item/carrot_on_a_stick/bug_memory_star"}
    ]
}