{
    "providers": [
        {
            "type": "bitmap",
            "file": "minecraft:font/value/health/plus/number.png",
            "ascent": 8,
            "height": 8,
            "chars": [
                "1234567890+"
            ]
        },
        {
            "type": "bitmap",
            "file": "minecraft:font/value/health/plus/dot.png",
            "ascent": 8,
            "height": 8,
            "chars": [
                "."
            ]
        }
    ]
}