{
    "providers": [
        {
            "type": "bitmap",
            "file": "minecraft:font/icon/job/common.png",
            "height": 8,
            "ascent": 8,
            "chars": [
            "C"
            ]
        },
        {
            "type": "bitmap",
            "file": "minecraft:font/icon/status/mana.png",
            "height": 8,
            "ascent": 8,
            "chars": [
            "M"
            ]
        },
        {
            "type": "bitmap",
            "file": "minecraft:font/icon/job/knight.png",
            "height": 8,
            "ascent": 8,
            "chars": [
            "K"
            ]
        },
        {
            "type": "bitmap",
            "file": "minecraft:font/icon/job/ninja.png",
            "height": 8,
            "ascent": 8,
            "chars": [
            "N"
            ]
        },
        {
            "type": "bitmap",
            "file": "minecraft:font/icon/job/hunter.png",
            "height": 8,
            "ascent": 8,
            "chars": [
            "H"
            ]
        },
        {
            "type": "bitmap",
            "file": "minecraft:font/icon/job/white_mage.png",
            "height": 8,
            "ascent": 8,
            "chars": [
            "W"
            ]
        },
        {
            "type": "bitmap",
            "file": "minecraft:font/icon/job/black_mage.png",
            "height": 8,
            "ascent": 8,
            "chars": [
            "B"
            ]
        },
        {
            "type": "bitmap",
            "file": "minecraft:font/icon/job/summoner.png",
            "height": 8,
            "ascent": 8,
            "chars": [
            "S"
            ]
        },
        {
            "type": "bitmap",
            "file": "minecraft:font/icon/job/puppet_master.png",
            "height": 8,
            "ascent": 8,
            "chars": [
            "P"
            ]
        },
        {
            "type": "bitmap",
            "file": "minecraft:font/icon/job/thief.png",
            "height": 8,
            "ascent": 8,
            "chars": [
            "T"
            ]
        },
        {
            "type": "bitmap",
            "file": "minecraft:font/icon/element/physical.png",
            "height": 8,
            "ascent": 8,
            "chars": [
            "p"
            ]
        },
        {
            "type": "bitmap",
            "file": "minecraft:font/icon/element/fire.png",
            "height": 8,
            "ascent": 8,
            "chars": [
            "f"
            ]
        },
        {
            "type": "bitmap",
            "file": "minecraft:font/icon/element/ice.png",
            "height": 8,
            "ascent": 8,
            "chars": [
            "c"
            ]
        },
        {
            "type": "bitmap",
            "file": "minecraft:font/icon/element/lightning.png",
            "height": 8,
            "ascent": 8,
            "chars": [
            "n"
            ]
        },
        {
            "type": "bitmap",
            "file": "minecraft:font/icon/element/light.png",
            "height": 8,
            "ascent": 8,
            "chars": [
            "l"
            ]
        },
        {
            "type": "bitmap",
            "file": "minecraft:font/icon/element/dark.png",
            "height": 8,
            "ascent": 8,
            "chars": [
            "d"
            ]
        },
        {
            "type": "bitmap",
            "file": "minecraft:font/icon/status/health.png",
            "height": 8,
            "ascent": 8,
            "chars": [
            "h"
            ]
        },
        {
            "type": "bitmap",
            "file": "minecraft:font/icon/status/defense.png",
            "height": 8,
            "ascent": 8,
            "chars": [
            "F"
            ]
        },
        {
            "type": "bitmap",
            "file": "minecraft:font/icon/status/special_attack.png",
            "height": 8,
            "ascent": 8,
            "chars": [
            "A"
            ]
        },
        {
            "type": "bitmap",
            "file": "minecraft:font/icon/status/special_defense.png",
            "height": 8,
            "ascent": 8,
            "chars": [
            "D"
            ]
        },
        {
            "type": "bitmap",
            "file": "minecraft:font/icon/message.png",
            "height": 8,
            "ascent": 8,
            "chars": [
            "m"
            ]
        },
        {
            "type": "bitmap",
            "file": "minecraft:font/icon/elite_enemy.png",
            "height": 8,
            "ascent": 8,
            "chars": [
            "E"
            ]
        },
        {
            "type": "bitmap",
            "file": "minecraft:font/icon/effect/tnt.png",
            "height": 8,
            "ascent": 8,
            "chars": [
            "t"
            ]
        },
        {
            "type": "bitmap",
            "file": "minecraft:font/icon/effect/death_sentence.png",
            "height": 8,
            "ascent": 8,
            "chars": [
            "s"
            ]
        }
    ]
}