{
    "providers": [
        {
            "type": "bitmap",
            "file": "minecraft:font/value/mana/minus/number.png",
            "ascent": 8,
            "height": 8,
            "chars": [
                "1234567890-"
            ]
        },
        {
            "type": "bitmap",
            "file": "minecraft:font/value/mana/minus/dot.png",
            "ascent": 8,
            "height": 8,
            "chars": [
                "."
            ]
        }
    ]
}